[INFO] Scanning for projects...
[INFO] 
[INFO] -------------------------< com.pryme:Backend >--------------------------
[INFO] Building Backend 0.0.1-SNAPSHOT
[INFO]   from pom.xml
[INFO] --------------------------------[ jar ]---------------------------------
[INFO] 
[INFO] --- clean:3.4.0:clean (default-clean) @ Backend ---
[INFO] Deleting /Users/manishmehta/Documents/PRYME-BACKEND-PROD/target
[INFO] 
[INFO] --- resources:3.3.1:resources (default-resources) @ Backend ---
[INFO] Copying 3 resources from src/main/resources to target/classes
[INFO] Copying 55 resources from src/main/resources to target/classes
[INFO] 
[INFO] --- compiler:3.13.0:compile (default-compile) @ Backend ---
[INFO] Recompiling the module because of changed source code.
[INFO] Compiling 252 source files with javac [debug parameters release 21] to target/classes
[WARNING] /Users/manishmehta/Documents/PRYME-BACKEND-PROD/src/main/java/com/pryme/Backend/config/SecurityConfig.java:[101,49] permissionsPolicy(org.springframework.security.config.Customizer<org.springframework.security.config.annotation.web.configurers.HeadersConfigurer<H>.PermissionsPolicyConfig>) in org.springframework.security.config.annotation.web.configurers.HeadersConfigurer has been deprecated and marked for removal
[INFO] /Users/manishmehta/Documents/PRYME-BACKEND-PROD/src/main/java/com/pryme/Backend/config/RateLimitConfig.java: Some input files use or override a deprecated API.
[INFO] /Users/manishmehta/Documents/PRYME-BACKEND-PROD/src/main/java/com/pryme/Backend/config/RateLimitConfig.java: Recompile with -Xlint:deprecation for details.
[INFO] /Users/manishmehta/Documents/PRYME-BACKEND-PROD/src/main/java/com/pryme/Backend/eligibility/audit/certification/CertificationService.java: Some input files use unchecked or unsafe operations.
[INFO] /Users/manishmehta/Documents/PRYME-BACKEND-PROD/src/main/java/com/pryme/Backend/eligibility/audit/certification/CertificationService.java: Recompile with -Xlint:unchecked for details.
[INFO] 
[INFO] --- resources:3.3.1:testResources (default-testResources) @ Backend ---
[INFO] Copying 8 resources from src/test/resources to target/test-classes
[INFO] 
[INFO] --- compiler:3.13.0:testCompile (default-testCompile) @ Backend ---
[INFO] Recompiling the module because of changed dependency.
[INFO] Compiling 32 source files with javac [debug parameters release 21] to target/test-classes
[WARNING] /Users/manishmehta/Documents/PRYME-BACKEND-PROD/src/test/java/com/pryme/Backend/BackendApplicationTests.java:[14,6] org.springframework.boot.test.mock.mockito.MockBean in org.springframework.boot.test.mock.mockito has been deprecated and marked for removal
[WARNING] /Users/manishmehta/Documents/PRYME-BACKEND-PROD/src/test/java/com/pryme/Backend/BackendApplicationTests.java:[14,6] org.springframework.boot.test.mock.mockito.MockBean in org.springframework.boot.test.mock.mockito has been deprecated and marked for removal
[WARNING] /Users/manishmehta/Documents/PRYME-BACKEND-PROD/src/test/java/com/pryme/Backend/BackendApplicationTests.java:[14,6] org.springframework.boot.test.mock.mockito.MockBean in org.springframework.boot.test.mock.mockito has been deprecated and marked for removal
[WARNING] /Users/manishmehta/Documents/PRYME-BACKEND-PROD/src/test/java/com/pryme/Backend/BackendApplicationTests.java:[14,6] org.springframework.boot.test.mock.mockito.MockBean in org.springframework.boot.test.mock.mockito has been deprecated and marked for removal
[WARNING] /Users/manishmehta/Documents/PRYME-BACKEND-PROD/src/test/java/com/pryme/Backend/BackendApplicationTests.java:[14,6] org.springframework.boot.test.mock.mockito.MockBean in org.springframework.boot.test.mock.mockito has been deprecated and marked for removal
[WARNING] /Users/manishmehta/Documents/PRYME-BACKEND-PROD/src/test/java/com/pryme/Backend/BackendApplicationTests.java:[17,6] org.springframework.boot.test.mock.mockito.MockBean in org.springframework.boot.test.mock.mockito has been deprecated and marked for removal
[WARNING] /Users/manishmehta/Documents/PRYME-BACKEND-PROD/src/test/java/com/pryme/Backend/BackendApplicationTests.java:[17,6] org.springframework.boot.test.mock.mockito.MockBean in org.springframework.boot.test.mock.mockito has been deprecated and marked for removal
[WARNING] /Users/manishmehta/Documents/PRYME-BACKEND-PROD/src/test/java/com/pryme/Backend/BackendApplicationTests.java:[17,6] org.springframework.boot.test.mock.mockito.MockBean in org.springframework.boot.test.mock.mockito has been deprecated and marked for removal
[WARNING] /Users/manishmehta/Documents/PRYME-BACKEND-PROD/src/test/java/com/pryme/Backend/BackendApplicationTests.java:[17,6] org.springframework.boot.test.mock.mockito.MockBean in org.springframework.boot.test.mock.mockito has been deprecated and marked for removal
[WARNING] /Users/manishmehta/Documents/PRYME-BACKEND-PROD/src/test/java/com/pryme/Backend/BackendApplicationTests.java:[17,6] org.springframework.boot.test.mock.mockito.MockBean in org.springframework.boot.test.mock.mockito has been deprecated and marked for removal
[WARNING] /Users/manishmehta/Documents/PRYME-BACKEND-PROD/src/test/java/com/pryme/Backend/eligibility/AuditComparisonTest.java:[61,6] org.springframework.boot.test.mock.mockito.MockBean in org.springframework.boot.test.mock.mockito has been deprecated and marked for removal
[WARNING] /Users/manishmehta/Documents/PRYME-BACKEND-PROD/src/test/java/com/pryme/Backend/eligibility/AuditComparisonTest.java:[61,6] org.springframework.boot.test.mock.mockito.MockBean in org.springframework.boot.test.mock.mockito has been deprecated and marked for removal
[WARNING] /Users/manishmehta/Documents/PRYME-BACKEND-PROD/src/test/java/com/pryme/Backend/eligibility/AuditComparisonTest.java:[61,6] org.springframework.boot.test.mock.mockito.MockBean in org.springframework.boot.test.mock.mockito has been deprecated and marked for removal
[WARNING] /Users/manishmehta/Documents/PRYME-BACKEND-PROD/src/test/java/com/pryme/Backend/eligibility/AuditComparisonTest.java:[61,6] org.springframework.boot.test.mock.mockito.MockBean in org.springframework.boot.test.mock.mockito has been deprecated and marked for removal
[WARNING] /Users/manishmehta/Documents/PRYME-BACKEND-PROD/src/test/java/com/pryme/Backend/eligibility/AuditComparisonTest.java:[61,6] org.springframework.boot.test.mock.mockito.MockBean in org.springframework.boot.test.mock.mockito has been deprecated and marked for removal
[WARNING] /Users/manishmehta/Documents/PRYME-BACKEND-PROD/src/test/java/com/pryme/Backend/eligibility/AuditComparisonTest.java:[64,6] org.springframework.boot.test.mock.mockito.MockBean in org.springframework.boot.test.mock.mockito has been deprecated and marked for removal
[WARNING] /Users/manishmehta/Documents/PRYME-BACKEND-PROD/src/test/java/com/pryme/Backend/eligibility/AuditComparisonTest.java:[64,6] org.springframework.boot.test.mock.mockito.MockBean in org.springframework.boot.test.mock.mockito has been deprecated and marked for removal
[WARNING] /Users/manishmehta/Documents/PRYME-BACKEND-PROD/src/test/java/com/pryme/Backend/eligibility/AuditComparisonTest.java:[64,6] org.springframework.boot.test.mock.mockito.MockBean in org.springframework.boot.test.mock.mockito has been deprecated and marked for removal
[WARNING] /Users/manishmehta/Documents/PRYME-BACKEND-PROD/src/test/java/com/pryme/Backend/eligibility/AuditComparisonTest.java:[64,6] org.springframework.boot.test.mock.mockito.MockBean in org.springframework.boot.test.mock.mockito has been deprecated and marked for removal
[WARNING] /Users/manishmehta/Documents/PRYME-BACKEND-PROD/src/test/java/com/pryme/Backend/eligibility/AuditComparisonTest.java:[64,6] org.springframework.boot.test.mock.mockito.MockBean in org.springframework.boot.test.mock.mockito has been deprecated and marked for removal
[WARNING] /Users/manishmehta/Documents/PRYME-BACKEND-PROD/src/test/java/com/pryme/Backend/eligibility/AuditComparisonTest.java:[67,6] org.springframework.boot.test.mock.mockito.MockBean in org.springframework.boot.test.mock.mockito has been deprecated and marked for removal
[WARNING] /Users/manishmehta/Documents/PRYME-BACKEND-PROD/src/test/java/com/pryme/Backend/eligibility/AuditComparisonTest.java:[67,6] org.springframework.boot.test.mock.mockito.MockBean in org.springframework.boot.test.mock.mockito has been deprecated and marked for removal
[WARNING] /Users/manishmehta/Documents/PRYME-BACKEND-PROD/src/test/java/com/pryme/Backend/eligibility/AuditComparisonTest.java:[67,6] org.springframework.boot.test.mock.mockito.MockBean in org.springframework.boot.test.mock.mockito has been deprecated and marked for removal
[WARNING] /Users/manishmehta/Documents/PRYME-BACKEND-PROD/src/test/java/com/pryme/Backend/eligibility/AuditComparisonTest.java:[67,6] org.springframework.boot.test.mock.mockito.MockBean in org.springframework.boot.test.mock.mockito has been deprecated and marked for removal
[WARNING] /Users/manishmehta/Documents/PRYME-BACKEND-PROD/src/test/java/com/pryme/Backend/eligibility/AuditComparisonTest.java:[67,6] org.springframework.boot.test.mock.mockito.MockBean in org.springframework.boot.test.mock.mockito has been deprecated and marked for removal
[WARNING] /Users/manishmehta/Documents/PRYME-BACKEND-PROD/src/test/java/com/pryme/Backend/eligibility/EligibilityAuditTest.java:[36,6] org.springframework.boot.test.mock.mockito.MockBean in org.springframework.boot.test.mock.mockito has been deprecated and marked for removal
[WARNING] /Users/manishmehta/Documents/PRYME-BACKEND-PROD/src/test/java/com/pryme/Backend/eligibility/EligibilityAuditTest.java:[36,6] org.springframework.boot.test.mock.mockito.MockBean in org.springframework.boot.test.mock.mockito has been deprecated and marked for removal
[WARNING] /Users/manishmehta/Documents/PRYME-BACKEND-PROD/src/test/java/com/pryme/Backend/eligibility/EligibilityAuditTest.java:[36,6] org.springframework.boot.test.mock.mockito.MockBean in org.springframework.boot.test.mock.mockito has been deprecated and marked for removal
[WARNING] /Users/manishmehta/Documents/PRYME-BACKEND-PROD/src/test/java/com/pryme/Backend/eligibility/EligibilityAuditTest.java:[36,6] org.springframework.boot.test.mock.mockito.MockBean in org.springframework.boot.test.mock.mockito has been deprecated and marked for removal
[WARNING] /Users/manishmehta/Documents/PRYME-BACKEND-PROD/src/test/java/com/pryme/Backend/eligibility/EligibilityAuditTest.java:[36,6] org.springframework.boot.test.mock.mockito.MockBean in org.springframework.boot.test.mock.mockito has been deprecated and marked for removal
[WARNING] /Users/manishmehta/Documents/PRYME-BACKEND-PROD/src/test/java/com/pryme/Backend/eligibility/EligibilityAuditTest.java:[37,6] org.springframework.boot.test.mock.mockito.MockBean in org.springframework.boot.test.mock.mockito has been deprecated and marked for removal
[WARNING] /Users/manishmehta/Documents/PRYME-BACKEND-PROD/src/test/java/com/pryme/Backend/eligibility/EligibilityAuditTest.java:[37,6] org.springframework.boot.test.mock.mockito.MockBean in org.springframework.boot.test.mock.mockito has been deprecated and marked for removal
[WARNING] /Users/manishmehta/Documents/PRYME-BACKEND-PROD/src/test/java/com/pryme/Backend/eligibility/EligibilityAuditTest.java:[37,6] org.springframework.boot.test.mock.mockito.MockBean in org.springframework.boot.test.mock.mockito has been deprecated and marked for removal
[WARNING] /Users/manishmehta/Documents/PRYME-BACKEND-PROD/src/test/java/com/pryme/Backend/eligibility/EligibilityAuditTest.java:[37,6] org.springframework.boot.test.mock.mockito.MockBean in org.springframework.boot.test.mock.mockito has been deprecated and marked for removal
[WARNING] /Users/manishmehta/Documents/PRYME-BACKEND-PROD/src/test/java/com/pryme/Backend/eligibility/EligibilityAuditTest.java:[37,6] org.springframework.boot.test.mock.mockito.MockBean in org.springframework.boot.test.mock.mockito has been deprecated and marked for removal
[WARNING] /Users/manishmehta/Documents/PRYME-BACKEND-PROD/src/test/java/com/pryme/Backend/eligibility/EligibilityBoundaryIntegrationTest.java:[28,6] org.springframework.boot.test.mock.mockito.MockBean in org.springframework.boot.test.mock.mockito has been deprecated and marked for removal
[WARNING] /Users/manishmehta/Documents/PRYME-BACKEND-PROD/src/test/java/com/pryme/Backend/eligibility/EligibilityBoundaryIntegrationTest.java:[28,6] org.springframework.boot.test.mock.mockito.MockBean in org.springframework.boot.test.mock.mockito has been deprecated and marked for removal
[WARNING] /Users/manishmehta/Documents/PRYME-BACKEND-PROD/src/test/java/com/pryme/Backend/eligibility/EligibilityBoundaryIntegrationTest.java:[28,6] org.springframework.boot.test.mock.mockito.MockBean in org.springframework.boot.test.mock.mockito has been deprecated and marked for removal
[WARNING] /Users/manishmehta/Documents/PRYME-BACKEND-PROD/src/test/java/com/pryme/Backend/eligibility/EligibilityBoundaryIntegrationTest.java:[28,6] org.springframework.boot.test.mock.mockito.MockBean in org.springframework.boot.test.mock.mockito has been deprecated and marked for removal
[WARNING] /Users/manishmehta/Documents/PRYME-BACKEND-PROD/src/test/java/com/pryme/Backend/eligibility/EligibilityBoundaryIntegrationTest.java:[28,6] org.springframework.boot.test.mock.mockito.MockBean in org.springframework.boot.test.mock.mockito has been deprecated and marked for removal
[WARNING] /Users/manishmehta/Documents/PRYME-BACKEND-PROD/src/test/java/com/pryme/Backend/eligibility/EligibilityBoundaryIntegrationTest.java:[31,6] org.springframework.boot.test.mock.mockito.MockBean in org.springframework.boot.test.mock.mockito has been deprecated and marked for removal
[WARNING] /Users/manishmehta/Documents/PRYME-BACKEND-PROD/src/test/java/com/pryme/Backend/eligibility/EligibilityBoundaryIntegrationTest.java:[31,6] org.springframework.boot.test.mock.mockito.MockBean in org.springframework.boot.test.mock.mockito has been deprecated and marked for removal
[WARNING] /Users/manishmehta/Documents/PRYME-BACKEND-PROD/src/test/java/com/pryme/Backend/eligibility/EligibilityBoundaryIntegrationTest.java:[31,6] org.springframework.boot.test.mock.mockito.MockBean in org.springframework.boot.test.mock.mockito has been deprecated and marked for removal
[WARNING] /Users/manishmehta/Documents/PRYME-BACKEND-PROD/src/test/java/com/pryme/Backend/eligibility/EligibilityBoundaryIntegrationTest.java:[31,6] org.springframework.boot.test.mock.mockito.MockBean in org.springframework.boot.test.mock.mockito has been deprecated and marked for removal
[WARNING] /Users/manishmehta/Documents/PRYME-BACKEND-PROD/src/test/java/com/pryme/Backend/eligibility/EligibilityBoundaryIntegrationTest.java:[31,6] org.springframework.boot.test.mock.mockito.MockBean in org.springframework.boot.test.mock.mockito has been deprecated and marked for removal
[WARNING] /Users/manishmehta/Documents/PRYME-BACKEND-PROD/src/test/java/com/pryme/Backend/eligibility/EligibilityProfileIntegrationTest.java:[58,6] org.springframework.boot.test.mock.mockito.MockBean in org.springframework.boot.test.mock.mockito has been deprecated and marked for removal
[WARNING] /Users/manishmehta/Documents/PRYME-BACKEND-PROD/src/test/java/com/pryme/Backend/eligibility/EligibilityProfileIntegrationTest.java:[58,6] org.springframework.boot.test.mock.mockito.MockBean in org.springframework.boot.test.mock.mockito has been deprecated and marked for removal
[WARNING] /Users/manishmehta/Documents/PRYME-BACKEND-PROD/src/test/java/com/pryme/Backend/eligibility/EligibilityProfileIntegrationTest.java:[58,6] org.springframework.boot.test.mock.mockito.MockBean in org.springframework.boot.test.mock.mockito has been deprecated and marked for removal
[WARNING] /Users/manishmehta/Documents/PRYME-BACKEND-PROD/src/test/java/com/pryme/Backend/eligibility/EligibilityProfileIntegrationTest.java:[58,6] org.springframework.boot.test.mock.mockito.MockBean in org.springframework.boot.test.mock.mockito has been deprecated and marked for removal
[WARNING] /Users/manishmehta/Documents/PRYME-BACKEND-PROD/src/test/java/com/pryme/Backend/eligibility/EligibilityProfileIntegrationTest.java:[58,6] org.springframework.boot.test.mock.mockito.MockBean in org.springframework.boot.test.mock.mockito has been deprecated and marked for removal
[WARNING] /Users/manishmehta/Documents/PRYME-BACKEND-PROD/src/test/java/com/pryme/Backend/eligibility/EligibilityProfileIntegrationTest.java:[59,6] org.springframework.boot.test.mock.mockito.MockBean in org.springframework.boot.test.mock.mockito has been deprecated and marked for removal
[WARNING] /Users/manishmehta/Documents/PRYME-BACKEND-PROD/src/test/java/com/pryme/Backend/eligibility/EligibilityProfileIntegrationTest.java:[59,6] org.springframework.boot.test.mock.mockito.MockBean in org.springframework.boot.test.mock.mockito has been deprecated and marked for removal
[WARNING] /Users/manishmehta/Documents/PRYME-BACKEND-PROD/src/test/java/com/pryme/Backend/eligibility/EligibilityProfileIntegrationTest.java:[59,6] org.springframework.boot.test.mock.mockito.MockBean in org.springframework.boot.test.mock.mockito has been deprecated and marked for removal
[WARNING] /Users/manishmehta/Documents/PRYME-BACKEND-PROD/src/test/java/com/pryme/Backend/eligibility/EligibilityProfileIntegrationTest.java:[59,6] org.springframework.boot.test.mock.mockito.MockBean in org.springframework.boot.test.mock.mockito has been deprecated and marked for removal
[WARNING] /Users/manishmehta/Documents/PRYME-BACKEND-PROD/src/test/java/com/pryme/Backend/eligibility/EligibilityProfileIntegrationTest.java:[59,6] org.springframework.boot.test.mock.mockito.MockBean in org.springframework.boot.test.mock.mockito has been deprecated and marked for removal
[WARNING] /Users/manishmehta/Documents/PRYME-BACKEND-PROD/src/test/java/com/pryme/Backend/eligibility/EligibilityProfilesTest.java:[42,6] org.springframework.boot.test.mock.mockito.MockBean in org.springframework.boot.test.mock.mockito has been deprecated and marked for removal
[WARNING] /Users/manishmehta/Documents/PRYME-BACKEND-PROD/src/test/java/com/pryme/Backend/eligibility/EligibilityProfilesTest.java:[42,6] org.springframework.boot.test.mock.mockito.MockBean in org.springframework.boot.test.mock.mockito has been deprecated and marked for removal
[WARNING] /Users/manishmehta/Documents/PRYME-BACKEND-PROD/src/test/java/com/pryme/Backend/eligibility/EligibilityProfilesTest.java:[42,6] org.springframework.boot.test.mock.mockito.MockBean in org.springframework.boot.test.mock.mockito has been deprecated and marked for removal
[WARNING] /Users/manishmehta/Documents/PRYME-BACKEND-PROD/src/test/java/com/pryme/Backend/eligibility/EligibilityProfilesTest.java:[42,6] org.springframework.boot.test.mock.mockito.MockBean in org.springframework.boot.test.mock.mockito has been deprecated and marked for removal
[WARNING] /Users/manishmehta/Documents/PRYME-BACKEND-PROD/src/test/java/com/pryme/Backend/eligibility/EligibilityProfilesTest.java:[42,6] org.springframework.boot.test.mock.mockito.MockBean in org.springframework.boot.test.mock.mockito has been deprecated and marked for removal
[WARNING] /Users/manishmehta/Documents/PRYME-BACKEND-PROD/src/test/java/com/pryme/Backend/eligibility/EligibilityProfilesTest.java:[45,6] org.springframework.boot.test.mock.mockito.MockBean in org.springframework.boot.test.mock.mockito has been deprecated and marked for removal
[WARNING] /Users/manishmehta/Documents/PRYME-BACKEND-PROD/src/test/java/com/pryme/Backend/eligibility/EligibilityProfilesTest.java:[45,6] org.springframework.boot.test.mock.mockito.MockBean in org.springframework.boot.test.mock.mockito has been deprecated and marked for removal
[WARNING] /Users/manishmehta/Documents/PRYME-BACKEND-PROD/src/test/java/com/pryme/Backend/eligibility/EligibilityProfilesTest.java:[45,6] org.springframework.boot.test.mock.mockito.MockBean in org.springframework.boot.test.mock.mockito has been deprecated and marked for removal
[WARNING] /Users/manishmehta/Documents/PRYME-BACKEND-PROD/src/test/java/com/pryme/Backend/eligibility/EligibilityProfilesTest.java:[45,6] org.springframework.boot.test.mock.mockito.MockBean in org.springframework.boot.test.mock.mockito has been deprecated and marked for removal
[WARNING] /Users/manishmehta/Documents/PRYME-BACKEND-PROD/src/test/java/com/pryme/Backend/eligibility/EligibilityProfilesTest.java:[45,6] org.springframework.boot.test.mock.mockito.MockBean in org.springframework.boot.test.mock.mockito has been deprecated and marked for removal
[WARNING] /Users/manishmehta/Documents/PRYME-BACKEND-PROD/src/test/java/com/pryme/Backend/eligibility/EngineCertificationTest.java:[29,6] org.springframework.boot.test.mock.mockito.MockBean in org.springframework.boot.test.mock.mockito has been deprecated and marked for removal
[WARNING] /Users/manishmehta/Documents/PRYME-BACKEND-PROD/src/test/java/com/pryme/Backend/eligibility/EngineCertificationTest.java:[29,6] org.springframework.boot.test.mock.mockito.MockBean in org.springframework.boot.test.mock.mockito has been deprecated and marked for removal
[WARNING] /Users/manishmehta/Documents/PRYME-BACKEND-PROD/src/test/java/com/pryme/Backend/eligibility/EngineCertificationTest.java:[29,6] org.springframework.boot.test.mock.mockito.MockBean in org.springframework.boot.test.mock.mockito has been deprecated and marked for removal
[WARNING] /Users/manishmehta/Documents/PRYME-BACKEND-PROD/src/test/java/com/pryme/Backend/eligibility/EngineCertificationTest.java:[29,6] org.springframework.boot.test.mock.mockito.MockBean in org.springframework.boot.test.mock.mockito has been deprecated and marked for removal
[WARNING] /Users/manishmehta/Documents/PRYME-BACKEND-PROD/src/test/java/com/pryme/Backend/eligibility/EngineCertificationTest.java:[29,6] org.springframework.boot.test.mock.mockito.MockBean in org.springframework.boot.test.mock.mockito has been deprecated and marked for removal
[WARNING] /Users/manishmehta/Documents/PRYME-BACKEND-PROD/src/test/java/com/pryme/Backend/eligibility/EngineCertificationTest.java:[30,6] org.springframework.boot.test.mock.mockito.MockBean in org.springframework.boot.test.mock.mockito has been deprecated and marked for removal
[WARNING] /Users/manishmehta/Documents/PRYME-BACKEND-PROD/src/test/java/com/pryme/Backend/eligibility/EngineCertificationTest.java:[30,6] org.springframework.boot.test.mock.mockito.MockBean in org.springframework.boot.test.mock.mockito has been deprecated and marked for removal
[WARNING] /Users/manishmehta/Documents/PRYME-BACKEND-PROD/src/test/java/com/pryme/Backend/eligibility/EngineCertificationTest.java:[30,6] org.springframework.boot.test.mock.mockito.MockBean in org.springframework.boot.test.mock.mockito has been deprecated and marked for removal
[WARNING] /Users/manishmehta/Documents/PRYME-BACKEND-PROD/src/test/java/com/pryme/Backend/eligibility/EngineCertificationTest.java:[30,6] org.springframework.boot.test.mock.mockito.MockBean in org.springframework.boot.test.mock.mockito has been deprecated and marked for removal
[WARNING] /Users/manishmehta/Documents/PRYME-BACKEND-PROD/src/test/java/com/pryme/Backend/eligibility/EngineCertificationTest.java:[30,6] org.springframework.boot.test.mock.mockito.MockBean in org.springframework.boot.test.mock.mockito has been deprecated and marked for removal
[WARNING] /Users/manishmehta/Documents/PRYME-BACKEND-PROD/src/test/java/com/pryme/Backend/iam/ProfileControllerIntegrationTest.java:[50,6] org.springframework.boot.test.mock.mockito.MockBean in org.springframework.boot.test.mock.mockito has been deprecated and marked for removal
[WARNING] /Users/manishmehta/Documents/PRYME-BACKEND-PROD/src/test/java/com/pryme/Backend/iam/ProfileControllerIntegrationTest.java:[50,6] org.springframework.boot.test.mock.mockito.MockBean in org.springframework.boot.test.mock.mockito has been deprecated and marked for removal
[WARNING] /Users/manishmehta/Documents/PRYME-BACKEND-PROD/src/test/java/com/pryme/Backend/iam/ProfileControllerIntegrationTest.java:[50,6] org.springframework.boot.test.mock.mockito.MockBean in org.springframework.boot.test.mock.mockito has been deprecated and marked for removal
[WARNING] /Users/manishmehta/Documents/PRYME-BACKEND-PROD/src/test/java/com/pryme/Backend/iam/ProfileControllerIntegrationTest.java:[50,6] org.springframework.boot.test.mock.mockito.MockBean in org.springframework.boot.test.mock.mockito has been deprecated and marked for removal
[WARNING] /Users/manishmehta/Documents/PRYME-BACKEND-PROD/src/test/java/com/pryme/Backend/iam/ProfileControllerIntegrationTest.java:[50,6] org.springframework.boot.test.mock.mockito.MockBean in org.springframework.boot.test.mock.mockito has been deprecated and marked for removal
[WARNING] /Users/manishmehta/Documents/PRYME-BACKEND-PROD/src/test/java/com/pryme/Backend/iam/ProfileControllerIntegrationTest.java:[53,6] org.springframework.boot.test.mock.mockito.MockBean in org.springframework.boot.test.mock.mockito has been deprecated and marked for removal
[WARNING] /Users/manishmehta/Documents/PRYME-BACKEND-PROD/src/test/java/com/pryme/Backend/iam/ProfileControllerIntegrationTest.java:[53,6] org.springframework.boot.test.mock.mockito.MockBean in org.springframework.boot.test.mock.mockito has been deprecated and marked for removal
[WARNING] /Users/manishmehta/Documents/PRYME-BACKEND-PROD/src/test/java/com/pryme/Backend/iam/ProfileControllerIntegrationTest.java:[53,6] org.springframework.boot.test.mock.mockito.MockBean in org.springframework.boot.test.mock.mockito has been deprecated and marked for removal
[WARNING] /Users/manishmehta/Documents/PRYME-BACKEND-PROD/src/test/java/com/pryme/Backend/iam/ProfileControllerIntegrationTest.java:[53,6] org.springframework.boot.test.mock.mockito.MockBean in org.springframework.boot.test.mock.mockito has been deprecated and marked for removal
[WARNING] /Users/manishmehta/Documents/PRYME-BACKEND-PROD/src/test/java/com/pryme/Backend/iam/ProfileControllerIntegrationTest.java:[53,6] org.springframework.boot.test.mock.mockito.MockBean in org.springframework.boot.test.mock.mockito has been deprecated and marked for removal
[WARNING] /Users/manishmehta/Documents/PRYME-BACKEND-PROD/src/test/java/com/pryme/Backend/iam/ProfileControllerIntegrationTest.java:[56,6] org.springframework.boot.test.mock.mockito.MockBean in org.springframework.boot.test.mock.mockito has been deprecated and marked for removal
[WARNING] /Users/manishmehta/Documents/PRYME-BACKEND-PROD/src/test/java/com/pryme/Backend/iam/ProfileControllerIntegrationTest.java:[56,6] org.springframework.boot.test.mock.mockito.MockBean in org.springframework.boot.test.mock.mockito has been deprecated and marked for removal
[WARNING] /Users/manishmehta/Documents/PRYME-BACKEND-PROD/src/test/java/com/pryme/Backend/iam/ProfileControllerIntegrationTest.java:[56,6] org.springframework.boot.test.mock.mockito.MockBean in org.springframework.boot.test.mock.mockito has been deprecated and marked for removal
[WARNING] /Users/manishmehta/Documents/PRYME-BACKEND-PROD/src/test/java/com/pryme/Backend/iam/ProfileControllerIntegrationTest.java:[56,6] org.springframework.boot.test.mock.mockito.MockBean in org.springframework.boot.test.mock.mockito has been deprecated and marked for removal
[WARNING] /Users/manishmehta/Documents/PRYME-BACKEND-PROD/src/test/java/com/pryme/Backend/iam/ProfileControllerIntegrationTest.java:[56,6] org.springframework.boot.test.mock.mockito.MockBean in org.springframework.boot.test.mock.mockito has been deprecated and marked for removal
[WARNING] /Users/manishmehta/Documents/PRYME-BACKEND-PROD/src/test/java/com/pryme/Backend/iam/ProfileControllerIntegrationTest.java:[59,6] org.springframework.boot.test.mock.mockito.MockBean in org.springframework.boot.test.mock.mockito has been deprecated and marked for removal
[WARNING] /Users/manishmehta/Documents/PRYME-BACKEND-PROD/src/test/java/com/pryme/Backend/iam/ProfileControllerIntegrationTest.java:[59,6] org.springframework.boot.test.mock.mockito.MockBean in org.springframework.boot.test.mock.mockito has been deprecated and marked for removal
[WARNING] /Users/manishmehta/Documents/PRYME-BACKEND-PROD/src/test/java/com/pryme/Backend/iam/ProfileControllerIntegrationTest.java:[59,6] org.springframework.boot.test.mock.mockito.MockBean in org.springframework.boot.test.mock.mockito has been deprecated and marked for removal
[WARNING] /Users/manishmehta/Documents/PRYME-BACKEND-PROD/src/test/java/com/pryme/Backend/iam/ProfileControllerIntegrationTest.java:[59,6] org.springframework.boot.test.mock.mockito.MockBean in org.springframework.boot.test.mock.mockito has been deprecated and marked for removal
[WARNING] /Users/manishmehta/Documents/PRYME-BACKEND-PROD/src/test/java/com/pryme/Backend/iam/ProfileControllerIntegrationTest.java:[59,6] org.springframework.boot.test.mock.mockito.MockBean in org.springframework.boot.test.mock.mockito has been deprecated and marked for removal
[INFO] /Users/manishmehta/Documents/PRYME-BACKEND-PROD/src/test/java/com/pryme/Backend/eligibility/AuditComparisonTest.java: Some input files use unchecked or unsafe operations.
[INFO] /Users/manishmehta/Documents/PRYME-BACKEND-PROD/src/test/java/com/pryme/Backend/eligibility/AuditComparisonTest.java: Recompile with -Xlint:unchecked for details.
[INFO] 
[INFO] --- surefire:3.5.2:test (default-test) @ Backend ---
[INFO] Using auto detected provider org.apache.maven.surefire.junitplatform.JUnitPlatformProvider
[INFO] 
[INFO] -------------------------------------------------------
[INFO]  T E S T S
[INFO] -------------------------------------------------------
[INFO] Running com.pryme.Backend.eligibility.EngineCertificationTest
Standard Commons Logging discovery in action with spring-jcl: please remove commons-logging.jar from classpath in order to avoid potential conflicts
17:56:34.459 [main] INFO org.springframework.test.context.support.AnnotationConfigContextLoaderUtils -- Could not detect default configuration classes for test class [com.pryme.Backend.eligibility.EngineCertificationTest]: EngineCertificationTest does not declare any static, non-private, non-final, nested classes annotated with @Configuration.
17:56:34.676 [main] INFO org.springframework.boot.test.context.SpringBootTestContextBootstrapper -- Found @SpringBootConfiguration com.pryme.Backend.BackendApplication for test class com.pryme.Backend.eligibility.EngineCertificationTest

  .   ____          _            __ _ _
 /\\ / ___'_ __ _ _(_)_ __  __ _ \ \ \ \
( ( )\___ | '_ | '_| | '_ \/ _` | \ \ \ \
 \\/  ___)| |_)| | | | | || (_| |  ) ) ) )
  '  |____| .__|_| |_|_| |_\__, | / / / /
 =========|_|==============|___/=/_/_/_/

 :: Spring Boot ::                (v3.4.1)

2026-07-06T17:56:35.168+05:30  INFO 42799 --- [pryme-backend] [           main] c.p.B.e.EngineCertificationTest          : Starting EngineCertificationTest using Java 23.0.2 with PID 42799 (started by manishmehta in /Users/manishmehta/Documents/PRYME-BACKEND-PROD)
2026-07-06T17:56:35.169+05:30  INFO 42799 --- [pryme-backend] [           main] c.p.B.e.EngineCertificationTest          : The following 1 profile is active: "test"
2026-07-06T17:56:36.873+05:30  INFO 42799 --- [pryme-backend] [           main] .s.d.r.c.RepositoryConfigurationDelegate : Multiple Spring Data modules found, entering strict repository configuration mode
2026-07-06T17:56:36.875+05:30  INFO 42799 --- [pryme-backend] [           main] .s.d.r.c.RepositoryConfigurationDelegate : Bootstrapping Spring Data JPA repositories in DEFAULT mode.
2026-07-06T17:56:37.164+05:30  INFO 42799 --- [pryme-backend] [           main] .s.d.r.c.RepositoryConfigurationDelegate : Finished Spring Data repository scanning in 268 ms. Found 20 JPA repository interfaces.
2026-07-06T17:56:37.190+05:30  INFO 42799 --- [pryme-backend] [           main] .s.d.r.c.RepositoryConfigurationDelegate : Multiple Spring Data modules found, entering strict repository configuration mode
2026-07-06T17:56:37.192+05:30  INFO 42799 --- [pryme-backend] [           main] .s.d.r.c.RepositoryConfigurationDelegate : Bootstrapping Spring Data Redis repositories in DEFAULT mode.
2026-07-06T17:56:37.224+05:30  INFO 42799 --- [pryme-backend] [           main] .RepositoryConfigurationExtensionSupport : Spring Data Redis - Could not safely identify store assignment for repository candidate interface com.pryme.Backend.bankconfig.BankRepository; If you want this repository to be a Redis repository, consider annotating your entities with one of these annotations: org.springframework.data.redis.core.RedisHash (preferred), or consider extending one of the following types with your repository: org.springframework.data.keyvalue.repository.KeyValueRepository
2026-07-06T17:56:37.226+05:30  INFO 42799 --- [pryme-backend] [           main] .RepositoryConfigurationExtensionSupport : Spring Data Redis - Could not safely identify store assignment for repository candidate interface com.pryme.Backend.cms.TestimonialRepository; If you want this repository to be a Redis repository, consider annotating your entities with one of these annotations: org.springframework.data.redis.core.RedisHash (preferred), or consider extending one of the following types with your repository: org.springframework.data.keyvalue.repository.KeyValueRepository
2026-07-06T17:56:37.228+05:30  INFO 42799 --- [pryme-backend] [           main] .RepositoryConfigurationExtensionSupport : Spring Data Redis - Could not safely identify store assignment for repository candidate interface com.pryme.Backend.common.repository.PolicyChangeAuditRepository; If you want this repository to be a Redis repository, consider annotating your entities with one of these annotations: org.springframework.data.redis.core.RedisHash (preferred), or consider extending one of the following types with your repository: org.springframework.data.keyvalue.repository.KeyValueRepository
2026-07-06T17:56:37.228+05:30  INFO 42799 --- [pryme-backend] [           main] .RepositoryConfigurationExtensionSupport : Spring Data Redis - Could not safely identify store assignment for repository candidate interface com.pryme.Backend.common.repository.PolicyFieldDefinitionRepository; If you want this repository to be a Redis repository, consider annotating your entities with one of these annotations: org.springframework.data.redis.core.RedisHash (preferred), or consider extending one of the following types with your repository: org.springframework.data.keyvalue.repository.KeyValueRepository
2026-07-06T17:56:37.228+05:30  INFO 42799 --- [pryme-backend] [           main] .RepositoryConfigurationExtensionSupport : Spring Data Redis - Could not safely identify store assignment for repository candidate interface com.pryme.Backend.crm.ApplicationStatusHistoryRepository; If you want this repository to be a Redis repository, consider annotating your entities with one of these annotations: org.springframework.data.redis.core.RedisHash (preferred), or consider extending one of the following types with your repository: org.springframework.data.keyvalue.repository.KeyValueRepository
2026-07-06T17:56:37.229+05:30  INFO 42799 --- [pryme-backend] [           main] .RepositoryConfigurationExtensionSupport : Spring Data Redis - Could not safely identify store assignment for repository candidate interface com.pryme.Backend.crm.IdempotencyKeyRepository; If you want this repository to be a Redis repository, consider annotating your entities with one of these annotations: org.springframework.data.redis.core.RedisHash (preferred), or consider extending one of the following types with your repository: org.springframework.data.keyvalue.repository.KeyValueRepository
2026-07-06T17:56:37.230+05:30  INFO 42799 --- [pryme-backend] [           main] .RepositoryConfigurationExtensionSupport : Spring Data Redis - Could not safely identify store assignment for repository candidate interface com.pryme.Backend.crm.LeadRepository; If you want this repository to be a Redis repository, consider annotating your entities with one of these annotations: org.springframework.data.redis.core.RedisHash (preferred), or consider extending one of the following types with your repository: org.springframework.data.keyvalue.repository.KeyValueRepository
2026-07-06T17:56:37.230+05:30  INFO 42799 --- [pryme-backend] [           main] .RepositoryConfigurationExtensionSupport : Spring Data Redis - Could not safely identify store assignment for repository candidate interface com.pryme.Backend.crm.LoanApplicationRepository; If you want this repository to be a Redis repository, consider annotating your entities with one of these annotations: org.springframework.data.redis.core.RedisHash (preferred), or consider extending one of the following types with your repository: org.springframework.data.keyvalue.repository.KeyValueRepository
2026-07-06T17:56:37.230+05:30  INFO 42799 --- [pryme-backend] [           main] .RepositoryConfigurationExtensionSupport : Spring Data Redis - Could not safely identify store assignment for repository candidate interface com.pryme.Backend.document.DocumentRecordRepository; If you want this repository to be a Redis repository, consider annotating your entities with one of these annotations: org.springframework.data.redis.core.RedisHash (preferred), or consider extending one of the following types with your repository: org.springframework.data.keyvalue.repository.KeyValueRepository
2026-07-06T17:56:37.230+05:30  INFO 42799 --- [pryme-backend] [           main] .RepositoryConfigurationExtensionSupport : Spring Data Redis - Could not safely identify store assignment for repository candidate interface com.pryme.Backend.eligibility.policy.repository.PolicyActivationHistoryRepository; If you want this repository to be a Redis repository, consider annotating your entities with one of these annotations: org.springframework.data.redis.core.RedisHash (preferred), or consider extending one of the following types with your repository: org.springframework.data.keyvalue.repository.KeyValueRepository
2026-07-06T17:56:37.231+05:30  INFO 42799 --- [pryme-backend] [           main] .RepositoryConfigurationExtensionSupport : Spring Data Redis - Could not safely identify store assignment for repository candidate interface com.pryme.Backend.eligibility.policy.repository.PolicyBundleEntityRepository; If you want this repository to be a Redis repository, consider annotating your entities with one of these annotations: org.springframework.data.redis.core.RedisHash (preferred), or consider extending one of the following types with your repository: org.springframework.data.keyvalue.repository.KeyValueRepository
2026-07-06T17:56:37.231+05:30  INFO 42799 --- [pryme-backend] [           main] .RepositoryConfigurationExtensionSupport : Spring Data Redis - Could not safely identify store assignment for repository candidate interface com.pryme.Backend.eligibility.repository.EligibilityConditionRepository; If you want this repository to be a Redis repository, consider annotating your entities with one of these annotations: org.springframework.data.redis.core.RedisHash (preferred), or consider extending one of the following types with your repository: org.springframework.data.keyvalue.repository.KeyValueRepository
2026-07-06T17:56:37.231+05:30  INFO 42799 --- [pryme-backend] [           main] .RepositoryConfigurationExtensionSupport : Spring Data Redis - Could not safely identify store assignment for repository candidate interface com.pryme.Backend.iam.SessionRepository; If you want this repository to be a Redis repository, consider annotating your entities with one of these annotations: org.springframework.data.redis.core.RedisHash (preferred), or consider extending one of the following types with your repository: org.springframework.data.keyvalue.repository.KeyValueRepository
2026-07-06T17:56:37.232+05:30  INFO 42799 --- [pryme-backend] [           main] .RepositoryConfigurationExtensionSupport : Spring Data Redis - Could not safely identify store assignment for repository candidate interface com.pryme.Backend.iam.UserRepository; If you want this repository to be a Redis repository, consider annotating your entities with one of these annotations: org.springframework.data.redis.core.RedisHash (preferred), or consider extending one of the following types with your repository: org.springframework.data.keyvalue.repository.KeyValueRepository
2026-07-06T17:56:37.232+05:30  INFO 42799 --- [pryme-backend] [           main] .RepositoryConfigurationExtensionSupport : Spring Data Redis - Could not safely identify store assignment for repository candidate interface com.pryme.Backend.loanproduct.repository.LoanProductRepository; If you want this repository to be a Redis repository, consider annotating your entities with one of these annotations: org.springframework.data.redis.core.RedisHash (preferred), or consider extending one of the following types with your repository: org.springframework.data.keyvalue.repository.KeyValueRepository
2026-07-06T17:56:37.232+05:30  INFO 42799 --- [pryme-backend] [           main] .RepositoryConfigurationExtensionSupport : Spring Data Redis - Could not safely identify store assignment for repository candidate interface com.pryme.Backend.loanproduct.repository.ProductLoginFeeMatrixRepository; If you want this repository to be a Redis repository, consider annotating your entities with one of these annotations: org.springframework.data.redis.core.RedisHash (preferred), or consider extending one of the following types with your repository: org.springframework.data.keyvalue.repository.KeyValueRepository
2026-07-06T17:56:37.232+05:30  INFO 42799 --- [pryme-backend] [           main] .RepositoryConfigurationExtensionSupport : Spring Data Redis - Could not safely identify store assignment for repository candidate interface com.pryme.Backend.loanproduct.repository.ProductPfMatrixRepository; If you want this repository to be a Redis repository, consider annotating your entities with one of these annotations: org.springframework.data.redis.core.RedisHash (preferred), or consider extending one of the following types with your repository: org.springframework.data.keyvalue.repository.KeyValueRepository
2026-07-06T17:56:37.233+05:30  INFO 42799 --- [pryme-backend] [           main] .RepositoryConfigurationExtensionSupport : Spring Data Redis - Could not safely identify store assignment for repository candidate interface com.pryme.Backend.loanproduct.repository.ProductRoiMatrixRepository; If you want this repository to be a Redis repository, consider annotating your entities with one of these annotations: org.springframework.data.redis.core.RedisHash (preferred), or consider extending one of the following types with your repository: org.springframework.data.keyvalue.repository.KeyValueRepository
2026-07-06T17:56:37.233+05:30  INFO 42799 --- [pryme-backend] [           main] .RepositoryConfigurationExtensionSupport : Spring Data Redis - Could not safely identify store assignment for repository candidate interface com.pryme.Backend.outbox.OutboxRepository; If you want this repository to be a Redis repository, consider annotating your entities with one of these annotations: org.springframework.data.redis.core.RedisHash (preferred), or consider extending one of the following types with your repository: org.springframework.data.keyvalue.repository.KeyValueRepository
2026-07-06T17:56:37.233+05:30  INFO 42799 --- [pryme-backend] [           main] .RepositoryConfigurationExtensionSupport : Spring Data Redis - Could not safely identify store assignment for repository candidate interface com.pryme.Backend.recommendation.HeroOfferConfigRepository; If you want this repository to be a Redis repository, consider annotating your entities with one of these annotations: org.springframework.data.redis.core.RedisHash (preferred), or consider extending one of the following types with your repository: org.springframework.data.keyvalue.repository.KeyValueRepository
2026-07-06T17:56:37.233+05:30  INFO 42799 --- [pryme-backend] [           main] .s.d.r.c.RepositoryConfigurationDelegate : Finished Spring Data repository scanning in 30 ms. Found 0 Redis repository interfaces.
Mockito is currently self-attaching to enable the inline-mock-maker. This will no longer work in future releases of the JDK. Please add Mockito as an agent to your build what is described in Mockito's documentation: https://javadoc.io/doc/org.mockito/mockito-core/latest/org/mockito/Mockito.html#0.3
OpenJDK 64-Bit Server VM warning: Sharing is only supported for boot loader classes because bootstrap classpath has been appended
WARNING: A Java agent has been loaded dynamically (/Users/manishmehta/.m2/repository/net/bytebuddy/byte-buddy-agent/1.15.11/byte-buddy-agent-1.15.11.jar)
WARNING: If a serviceability tool is in use, please run with -XX:+EnableDynamicAgentLoading to hide this warning
WARNING: If a serviceability tool is not in use, please run with -Djdk.instrument.traceUsage for more information
WARNING: Dynamic loading of agents will be disallowed by default in a future release
2026-07-06T17:56:39.316+05:30  INFO 42799 --- [pryme-backend] [           main] com.zaxxer.hikari.HikariDataSource       : PrymeHikariPool - Starting...
2026-07-06T17:56:40.652+05:30  INFO 42799 --- [pryme-backend] [           main] com.zaxxer.hikari.pool.HikariPool        : PrymeHikariPool - Added connection org.postgresql.jdbc.PgConnection@593e594f
2026-07-06T17:56:40.654+05:30  INFO 42799 --- [pryme-backend] [           main] com.zaxxer.hikari.HikariDataSource       : PrymeHikariPool - Start completed.
2026-07-06T17:56:40.761+05:30  INFO 42799 --- [pryme-backend] [           main] org.flywaydb.core.FlywayExecutor         : Database: jdbc:postgresql://ep-empty-boat-a1abgqec-pooler.ap-southeast-1.aws.neon.tech/neondb?sslmode=require&channelBinding=require (PostgreSQL 15.18)
2026-07-06T17:56:41.837+05:30  INFO 42799 --- [pryme-backend] [           main] o.f.core.internal.command.DbValidate     : Successfully validated 46 migrations (execution time 00:00.355s)
2026-07-06T17:56:42.774+05:30  INFO 42799 --- [pryme-backend] [           main] o.f.core.internal.command.DbMigrate      : Current version of schema "public": 46
2026-07-06T17:56:42.846+05:30  INFO 42799 --- [pryme-backend] [           main] o.f.core.internal.command.DbMigrate      : Schema "public" is up to date. No migration necessary.
2026-07-06T17:56:43.415+05:30  INFO 42799 --- [pryme-backend] [           main] o.hibernate.jpa.internal.util.LogHelper  : HHH000204: Processing PersistenceUnitInfo [name: default]
2026-07-06T17:56:43.487+05:30  INFO 42799 --- [pryme-backend] [           main] org.hibernate.Version                    : HHH000412: Hibernate ORM core version 6.6.4.Final
2026-07-06T17:56:43.525+05:30  INFO 42799 --- [pryme-backend] [           main] o.h.c.internal.RegionFactoryInitiator    : HHH000026: Second-level cache disabled
2026-07-06T17:56:43.661+05:30  INFO 42799 --- [pryme-backend] [           main] o.s.o.j.p.SpringPersistenceUnitInfo      : No LoadTimeWeaver setup: ignoring JPA class transformer
2026-07-06T17:56:43.800+05:30  WARN 42799 --- [pryme-backend] [           main] org.hibernate.orm.deprecation            : HHH90000025: PostgreSQLDialect does not need to be specified explicitly using 'hibernate.dialect' (remove the property setting and it will be selected by default)
2026-07-06T17:56:44.023+05:30  INFO 42799 --- [pryme-backend] [           main] org.hibernate.orm.connections.pooling    : HHH10001005: Database info:
	Database JDBC URL [Connecting through datasource 'HikariDataSource (PrymeHikariPool)']
	Database driver: undefined/unknown
	Database version: 15.18
	Autocommit mode: undefined/unknown
	Isolation level: undefined/unknown
	Minimum pool size: undefined/unknown
	Maximum pool size: undefined/unknown
2026-07-06T17:56:45.312+05:30  INFO 42799 --- [pryme-backend] [           main] o.h.e.t.j.p.i.JtaPlatformInitiator       : HHH000489: No JTA platform available (set 'hibernate.transaction.jta.platform' to enable JTA platform integration)
2026-07-06T17:56:45.315+05:30  INFO 42799 --- [pryme-backend] [           main] j.LocalContainerEntityManagerFactoryBean : Initialized JPA EntityManagerFactory for persistence unit 'default'
2026-07-06T17:56:45.795+05:30  INFO 42799 --- [pryme-backend] [           main] com.pryme.Backend.config.CacheConfig     : Titanium L1 Cache Matrix Initialized. Protection layers active.
2026-07-06T17:56:46.157+05:30  INFO 42799 --- [pryme-backend] [           main] o.s.d.j.r.query.QueryEnhancerFactory     : Hibernate is in classpath; If applicable, HQL parser will be used.
2026-07-06T17:56:47.250+05:30  WARN 42799 --- [pryme-backend] [           main] c.p.B.document.S3PresignerConfiguration  : ⚠️ Dummy S3 configuration detected. Bypassing strict AWS validation. Document vault is operating in offline/local mode.
2026-07-06T17:56:47.550+05:30  INFO 42799 --- [pryme-backend] [           main] c.p.B.document.DocumentVaultService      : Secure Vault Initialized at: /Users/manishmehta/Documents/PRYME-BACKEND-PROD/secure_vault
2026-07-06T17:56:48.150+05:30  INFO 42799 --- [pryme-backend] [           main] c.pryme.Backend.config.LifecycleConfig   : Initializing virtual-thread async executor
2026-07-06T17:56:48.381+05:30  WARN 42799 --- [pryme-backend] [           main] .s.s.UserDetailsServiceAutoConfiguration : 

Using generated security password: 8b0da306-b84d-47e5-8388-d6b02c760f42

This generated password is for development use only. Your security configuration must be updated before running your application in production.

2026-07-06T17:56:48.389+05:30  INFO 42799 --- [pryme-backend] [           main] r$InitializeUserDetailsManagerConfigurer : Global AuthenticationManager configured with UserDetailsService bean with name inMemoryUserDetailsManager
2026-07-06T17:56:49.127+05:30  INFO 42799 --- [pryme-backend] [           main] o.s.b.a.e.web.EndpointLinksResolver      : Exposing 2 endpoints beneath base path '/actuator'
2026-07-06T17:56:49.171+05:30  INFO 42799 --- [pryme-backend] [           main] c.pryme.Backend.config.SecurityConfig    : CORS: Initializing with allowed origins: [http://localhost:3000, http://localhost:5173, http://localhost:8081, https://gopryme.tech, https://www.gopryme.tech]
2026-07-06T17:56:50.208+05:30  INFO 42799 --- [pryme-backend] [           main] c.p.B.e.EngineCertificationTest          : Started EngineCertificationTest in 15.38 seconds (process running for 16.664)
2026-07-06T17:56:51.081+05:30  INFO 42799 --- [pryme-backend] [           main] c.p.B.e.p.importing.PolicyImportService  : Initiating import of PolicyBundle...
2026-07-06T17:56:53.374+05:30  INFO 42799 --- [pryme-backend] [           main] c.p.B.e.a.c.CertificationService         : CertificationService caches warmed successfully with 54 products.
2026-07-06T17:56:53.374+05:30  INFO 42799 --- [pryme-backend] [           main] c.p.B.e.s.EligibilityEngineService       : EligibilityEngineService caches cleared successfully.
2026-07-06T17:56:53.529+05:30  INFO 42799 --- [pryme-backend] [           main] c.p.B.e.s.EligibilityEngineService       : EligibilityEngineService caches warmed successfully with 54 products.
[DEBUG-DET] Row 2: lender=L&T Finance, product=HL, empType=SALARIED, prefix=LT-HL
[DEBUG-DET] Row 2 match status: LT-HL-0001
[DEBUG-DET] Row 3: lender=L&T Finance, product=HL, empType=SENP, prefix=LT-HL
[DEBUG-DET] Row 3 match status: LT-HL-0002
[DEBUG-DET] Row 4: lender=L&T Finance, product=HL, empType=SEP, prefix=LT-HL
[DEBUG-DET] Row 4 match status: LT-HL-0002
[DEBUG-DET] Row 5: lender=L&T Finance, product=HL, empType=SEP, prefix=LT-HL
[DEBUG-DET] Row 5 match status: LT-HL-0002
[DEBUG-DET] Row 6: lender=L&T Finance, product=HL, empType=SENP, prefix=LT-HL
[DEBUG-DET] Row 6 match status: LT-HL-0002
[DEBUG-DET] Row 7: lender=L&T Finance, product=HL, empType=SENP, prefix=LT-HL
[DEBUG-DET] Row 7 match status: LT-HL-0002
[DEBUG-DET] Row 8: lender=L&T Finance, product=HL, empType=SENP, prefix=LT-HL
[DEBUG-DET] Row 8 match status: LT-HL-0002
[DEBUG-DET] Row 9: lender=L&T Finance, product=HL, empType=SENP, prefix=LT-HL
[DEBUG-DET] Row 9 match status: LT-HL-0002
[DEBUG-DET] Row 10: lender=L&T Finance, product=HL, empType=SENP, prefix=LT-HL
[DEBUG-DET] Row 10 match status: LT-HL-0002
[DEBUG-DET] Row 11: lender=ICICI Bank, product=HL, empType=SALARIED, prefix=ICICI-HL
[DEBUG-DET] Row 11 match status: ICICI-HL-0001
[DEBUG-DET] Row 12: lender=ICICI Bank, product=HL, empType=SENP, prefix=ICICI-HL
[DEBUG-DET] Row 12 match status: ICICI-HL-0002
[DEBUG-DET] Row 13: lender=ICICI Bank, product=HL, empType=SENP, prefix=ICICI-HL
[DEBUG-DET] Row 13 match status: ICICI-HL-0002
[DEBUG-DET] Row 14: lender=ICICI Bank, product=HL, empType=SENP, prefix=ICICI-HL
[DEBUG-DET] Row 14 match status: ICICI-HL-0002
[DEBUG-DET] Row 15: lender=Bandhan Bank, product=HL, empType=SALARIED, prefix=BANDHAN-HL
[DEBUG-DET] Row 15 match status: BANDHAN-HL-0001
[DEBUG-DET] Row 16: lender=Bandhan Bank, product=HL, empType=SENP, prefix=BANDHAN-HL
[DEBUG-DET] Row 16 match status: BANDHAN-HL-0002
[DEBUG-DET] Row 17: lender=Bandhan Bank, product=HL, empType=SENP, prefix=BANDHAN-HL
[DEBUG-DET] Row 17 match status: BANDHAN-HL-0002
[DEBUG-DET] Row 18: lender=Bandhan Bank, product=HL, empType=SENP, prefix=BANDHAN-HL
[DEBUG-DET] Row 18 match status: BANDHAN-HL-0002
[DEBUG-DET] Row 19: lender=Aditya Birla Finance Limited, product=HL, empType=SALARIED, prefix=ABFL-HL
[DEBUG-DET] Row 19 match status: ABFL-HL-0001
[DEBUG-DET] Row 20: lender=Aditya Birla Finance Limited, product=HL, empType=SENP, prefix=ABFL-HL
[DEBUG-DET] Row 20 match status: ABFL-HL-0002
[DEBUG-DET] Row 21: lender=Aditya Birla Finance Limited, product=HL, empType=SALARIED, prefix=ABFL-HL
[DEBUG-DET] Row 21 match status: ABFL-HL-0001
[DEBUG-DET] Row 22: lender=Aditya Birla Finance Limited, product=HL, empType=SENP, prefix=ABFL-HL
[DEBUG-DET] Row 22 match status: ABFL-HL-0002
[DEBUG-DET] Row 23: lender=Aditya Birla Finance Limited, product=HL, empType=SENP, prefix=ABFL-HL
[DEBUG-DET] Row 23 match status: ABFL-HL-0002
[DEBUG-DET] Row 24: lender=Aditya Birla Finance Limited, product=HL, empType=SENP, prefix=ABFL-HL
[DEBUG-DET] Row 24 match status: ABFL-HL-0002
[DEBUG-DET] Row 25: lender=Bank of Baroda, product=HL, empType=SALARIED, prefix=BOB-HL
[DEBUG-DET] Row 25 match status: BOB-HL-0001
[DEBUG-DET] Row 26: lender=Bank of Baroda, product=HL, empType=SENP, prefix=BOB-HL
[DEBUG-DET] Row 26 match status: BOB-HL-0002
[DEBUG-DET] Row 27: lender=State Bank of India, product=HL, empType=SALARIED, prefix=SBI-HL
[DEBUG-DET] Row 27 match status: SBI-HL-0001
[DEBUG-DET] Row 28: lender=State Bank of India, product=HL, empType=SENP, prefix=SBI-HL
[DEBUG-DET] Row 28 match status: SBI-HL-0002
[DEBUG-DET] Row 29: lender=Bajaj Finance, product=HL, empType=SALARIED, prefix=BAJAJ-HL
[DEBUG-DET] Row 29 match status: BAJAJ-HL-0001
[DEBUG-DET] Row 30: lender=Bajaj Finance, product=HL, empType=SENP, prefix=BAJAJ-HL
[DEBUG-DET] Row 30 match status: BAJAJ-HL-0002
[DEBUG-DET] Row 31: lender=Bajaj Finance, product=HL, empType=SEP, prefix=BAJAJ-HL
[DEBUG-DET] Row 31 match status: BAJAJ-HL-0002
[DEBUG-DET] Row 32: lender=Bajaj Finance, product=HL, empType=SALARIED, prefix=BAJAJ-HL
[DEBUG-DET] Row 32 match status: BAJAJ-HL-0001
[DEBUG-DET] Row 33: lender=Bajaj Finance, product=HL, empType=SENP, prefix=BAJAJ-HL
[DEBUG-DET] Row 33 match status: BAJAJ-HL-0002
[DEBUG-DET] Row 34: lender=Bajaj Finance, product=HL, empType=SENP, prefix=BAJAJ-HL
[DEBUG-DET] Row 34 match status: BAJAJ-HL-0002
[DEBUG-DET] Row 35: lender=Bajaj Finance, product=HL, empType=SENP, prefix=BAJAJ-HL
[DEBUG-DET] Row 35 match status: BAJAJ-HL-0002
[DEBUG-DET] Row 36: lender=Bajaj Finance, product=HL, empType=SENP, prefix=BAJAJ-HL
[DEBUG-DET] Row 36 match status: BAJAJ-HL-0002
[DEBUG-DET] Row 37: lender=Yes Bank, product=HL, empType=SALARIED, prefix=YES-HL
[DEBUG-DET] Row 37 match status: YES-HL-0001
[DEBUG-DET] Row 38: lender=Yes Bank, product=HL, empType=SENP, prefix=YES-HL
[DEBUG-DET] Row 38 match status: YES-HL-0002
[DEBUG-DET] Row 39: lender=Yes Bank, product=HL, empType=SENP, prefix=YES-HL
[DEBUG-DET] Row 39 match status: YES-HL-0002
[DEBUG-DET] Row 40: lender=Yes Bank, product=HL, empType=SEP, prefix=YES-HL
[DEBUG-DET] Row 40 match status: YES-HL-0001
[DEBUG-DET] Row 41: lender=Yes Bank, product=HL, empType=SEP, prefix=YES-HL
[DEBUG-DET] Row 41 match status: YES-HL-0001
[DEBUG-DET] Row 42: lender=Yes Bank, product=HL, empType=SEP, prefix=YES-HL
[DEBUG-DET] Row 42 match status: YES-HL-0001
[DEBUG-DET] Row 43: lender=Yes Bank, product=HL, empType=SEP, prefix=YES-HL
[DEBUG-DET] Row 43 match status: YES-HL-0001
[DEBUG-DET] Row 44: lender=Yes Bank, product=HL, empType=SENP, prefix=YES-HL
[DEBUG-DET] Row 44 match status: YES-HL-0002
[DEBUG-DET] Row 45: lender=Yes Bank, product=HL, empType=SENP, prefix=YES-HL
[DEBUG-DET] Row 45 match status: YES-HL-0002
[DEBUG-DET] Row 46: lender=HDFC, product=HL, empType=SALARIED, prefix=HDFC-HL
[DEBUG-DET] Row 46 match status: HDFC-HL-0001
[DEBUG-DET] Row 47: lender=HDFC, product=HL, empType=SALARIED, prefix=HDFC-HL
[DEBUG-DET] Row 47 match status: HDFC-HL-0001
[DEBUG-DET] Row 48: lender=HDFC, product=HL, empType=SALARIED, prefix=HDFC-HL
[DEBUG-DET] Row 48 match status: HDFC-HL-0001
[DEBUG-DET] Row 49: lender=HDFC, product=HL, empType=SENP, prefix=HDFC-HL
[DEBUG-DET] Row 49 match status: HDFC-HL-0002
[DEBUG-DET] Row 50: lender=HDFC, product=HL, empType=SENP, prefix=HDFC-HL
[DEBUG-DET] Row 50 match status: HDFC-HL-0002
[DEBUG-DET] Row 51: lender=HDFC, product=HL, empType=SENP, prefix=HDFC-HL
[DEBUG-DET] Row 51 match status: HDFC-HL-0002
[DEBUG-DET] Row 52: lender=HDFC, product=HL, empType=SENP, prefix=HDFC-HL
[DEBUG-DET] Row 52 match status: HDFC-HL-0002
[DEBUG-DET] Row 53: lender=JIO Finance, product=HL, empType=SALARIED, prefix=JIO-HL
[DEBUG-DET] Row 53 match status: JIO-HL-0001
[DEBUG-DET] Row 54: lender=JIO Finance, product=HL, empType=SENP, prefix=JIO-HL
[DEBUG-DET] Row 54 match status: JIO-HL-0002
[DEBUG-DET] Row 55: lender=JIO Finance, product=HL, empType=SALARIED, prefix=JIO-HL
[DEBUG-DET] Row 55 match status: JIO-HL-0001
[DEBUG-DET] Row 56: lender=JIO Finance, product=HL, empType=SENP, prefix=JIO-HL
[DEBUG-DET] Row 56 match status: JIO-HL-0002
[DEBUG-DET] Row 57: lender=JIO Finance, product=HL, empType=SEP, prefix=JIO-HL
[DEBUG-DET] Row 57 match status: JIO-HL-0001
[DEBUG-DET] Row 58: lender=JIO Finance, product=HL, empType=SENP, prefix=JIO-HL
[DEBUG-DET] Row 58 match status: JIO-HL-0002
[DEBUG-DET] Row 59: lender=JIO Finance, product=HL, empType=SENP, prefix=JIO-HL
[DEBUG-DET] Row 59 match status: JIO-HL-0002
[DEBUG-DET] Row 60: lender=JIO Finance, product=HL, empType=SENP, prefix=JIO-HL
[DEBUG-DET] Row 60 match status: JIO-HL-0002
[DEBUG-DET] Row 61: lender=JIO Finance, product=HL, empType=SENP, prefix=JIO-HL
[DEBUG-DET] Row 61 match status: JIO-HL-0002
[DEBUG-DET] Row 62: lender=IDBI Bank, product=HL, empType=SALARIED, prefix=IDBI-HL
[DEBUG-DET] Row 62 match status: IDBI-HL-0001
[DEBUG-DET] Row 63: lender=IDBI Bank, product=HL, empType=SENP, prefix=IDBI-HL
[DEBUG-DET] Row 63 match status: IDBI-HL-0002
[DEBUG-DET] Row 64: lender=TATA Capital, product=HL, empType=SALARIED, prefix=TATA-HL
[DEBUG-DET] Row 64 match status: TATA-HL-0001
[DEBUG-DET] Row 65: lender=TATA Capital, product=HL, empType=SENP, prefix=TATA-HL
[DEBUG-DET] Row 65 match status: TATA-HL-0002
[DEBUG-DET] Row 66: lender=TATA Capital, product=HL, empType=SEP, prefix=TATA-HL
[DEBUG-DET] Row 66 match status: TATA-HL-0001
[DEBUG-DET] Row 67: lender=TATA Capital, product=HL, empType=SEP, prefix=TATA-HL
[DEBUG-DET] Row 67 match status: TATA-HL-0001
[DEBUG-DET] Row 68: lender=TATA Capital, product=HL, empType=SALARIED, prefix=TATA-HL
[DEBUG-DET] Row 68 match status: TATA-HL-0001
[DEBUG-DET] Row 69: lender=TATA Capital, product=HL, empType=SENP, prefix=TATA-HL
[DEBUG-DET] Row 69 match status: TATA-HL-0002
[DEBUG-DET] Row 70: lender=TATA Capital, product=HL, empType=SALARIED, prefix=TATA-HL
[DEBUG-DET] Row 70 match status: TATA-HL-0001
[DEBUG-DET] Row 71: lender=TATA Capital, product=HL, empType=SENP, prefix=TATA-HL
[DEBUG-DET] Row 71 match status: TATA-HL-0002
[DEBUG-DET] Row 74: lender=L&T Finance, product=LAP, empType=SALARIED, prefix=LT-LAP
[DEBUG-DET] Row 74 match status: LT-LAP-0001
[DEBUG-DET] Row 75: lender=L&T Finance, product=LAP, empType=SENP, prefix=LT-LAP
[DEBUG-DET] Row 75 match status: LT-LAP-0002
[DEBUG-DET] Row 76: lender=L&T Finance, product=LAP, empType=SEP, prefix=LT-LAP
[DEBUG-DET] Row 76 match status: LT-LAP-0002
[DEBUG-DET] Row 77: lender=L&T Finance, product=LAP, empType=SEP, prefix=LT-LAP
[DEBUG-DET] Row 77 match status: LT-LAP-0002
[DEBUG-DET] Row 78: lender=L&T Finance, product=LAP, empType=SENP, prefix=LT-LAP
[DEBUG-DET] Row 78 match status: LT-LAP-0002
[DEBUG-DET] Row 79: lender=L&T Finance, product=LAP, empType=SENP, prefix=LT-LAP
[DEBUG-DET] Row 79 match status: LT-LAP-0002
[DEBUG-DET] Row 80: lender=L&T Finance, product=LAP, empType=SENP, prefix=LT-LAP
[DEBUG-DET] Row 80 match status: LT-LAP-0002
[DEBUG-DET] Row 81: lender=L&T Finance, product=LAP, empType=SENP, prefix=LT-LAP
[DEBUG-DET] Row 81 match status: LT-LAP-0002
[DEBUG-DET] Row 82: lender=L&T Finance, product=LAP, empType=SENP, prefix=LT-LAP
[DEBUG-DET] Row 82 match status: LT-LAP-0002
[DEBUG-DET] Row 83: lender=ICICI Bank, product=LAP, empType=SALARIED, prefix=ICICI-LAP
[DEBUG-DET] Row 83 match status: ICICI-LAP-0001
[DEBUG-DET] Row 84: lender=ICICI Bank, product=LAP, empType=SENP, prefix=ICICI-LAP
[DEBUG-DET] Row 84 match status: ICICI-LAP-0002
[DEBUG-DET] Row 85: lender=ICICI Bank, product=LAP, empType=SENP, prefix=ICICI-LAP
[DEBUG-DET] Row 85 match status: ICICI-LAP-0002
[DEBUG-DET] Row 86: lender=ICICI Bank, product=LAP, empType=SENP, prefix=ICICI-LAP
[DEBUG-DET] Row 86 match status: ICICI-LAP-0002
[DEBUG-DET] Row 87: lender=Bandhan Bank, product=LAP, empType=SALARIED, prefix=BANDHAN-LAP
[DEBUG-DET] Row 87 match status: BANDHAN-LAP-0001
[DEBUG-DET] Row 88: lender=Bandhan Bank, product=LAP, empType=SENP, prefix=BANDHAN-LAP
[DEBUG-DET] Row 88 match status: BANDHAN-LAP-0002
[DEBUG-DET] Row 89: lender=Bandhan Bank, product=LAP, empType=SENP, prefix=BANDHAN-LAP
[DEBUG-DET] Row 89 match status: BANDHAN-LAP-0002
[DEBUG-DET] Row 90: lender=Bandhan Bank, product=LAP, empType=SENP, prefix=BANDHAN-LAP
[DEBUG-DET] Row 90 match status: BANDHAN-LAP-0002
[DEBUG-DET] Row 91: lender=Aditya Birla Finance Limited, product=LAP, empType=SALARIED, prefix=ABFL-LAP
[DEBUG-DET] Row 91 match status: ABFL-LAP-0001
[DEBUG-DET] Row 92: lender=Aditya Birla Finance Limited, product=LAP, empType=SENP, prefix=ABFL-LAP
[DEBUG-DET] Row 92 match status: ABFL-LAP-0002
[DEBUG-DET] Row 93: lender=Aditya Birla Finance Limited, product=LAP, empType=SALARIED, prefix=ABFL-LAP
[DEBUG-DET] Row 93 match status: ABFL-LAP-0001
[DEBUG-DET] Row 94: lender=Aditya Birla Finance Limited, product=LAP, empType=SENP, prefix=ABFL-LAP
[DEBUG-DET] Row 94 match status: ABFL-LAP-0002
[DEBUG-DET] Row 95: lender=Aditya Birla Finance Limited, product=LAP, empType=SENP, prefix=ABFL-LAP
[DEBUG-DET] Row 95 match status: ABFL-LAP-0002
[DEBUG-DET] Row 96: lender=Aditya Birla Finance Limited, product=LAP, empType=SENP, prefix=ABFL-LAP
[DEBUG-DET] Row 96 match status: ABFL-LAP-0002
[DEBUG-DET] Row 97: lender=Bank of Baroda, product=LAP, empType=SALARIED, prefix=BOB-LAP
[DEBUG-DET] Row 97 match status: BOB-LAP-0001
[DEBUG-DET] Row 98: lender=Bank of Baroda, product=LAP, empType=SENP, prefix=BOB-LAP
[DEBUG-DET] Row 98 match status: BOB-LAP-0002
[DEBUG-DET] Row 99: lender=State Bank of India, product=LAP, empType=SALARIED, prefix=SBI-LAP
[DEBUG-DET] Row 99 match status: SBI-LAP-0001
[DEBUG-DET] Row 100: lender=State Bank of India, product=LAP, empType=SENP, prefix=SBI-LAP
[DEBUG-DET] Row 100 match status: SBI-LAP-0002
[DEBUG-DET] Row 101: lender=Bajaj Finance, product=LAP, empType=SALARIED, prefix=BAJAJ-LAP
[DEBUG-DET] Row 101 match status: BAJAJ-LAP-0001
[DEBUG-DET] Row 102: lender=Bajaj Finance, product=LAP, empType=SENP, prefix=BAJAJ-LAP
[DEBUG-DET] Row 102 match status: BAJAJ-LAP-0002
[DEBUG-DET] Row 103: lender=Bajaj Finance, product=LAP, empType=SEP, prefix=BAJAJ-LAP
[DEBUG-DET] Row 103 match status: BAJAJ-LAP-0002
[DEBUG-DET] Row 104: lender=Bajaj Finance, product=LAP, empType=SALARIED, prefix=BAJAJ-LAP
[DEBUG-DET] Row 104 match status: BAJAJ-LAP-0001
[DEBUG-DET] Row 105: lender=Bajaj Finance, product=LAP, empType=SENP, prefix=BAJAJ-LAP
[DEBUG-DET] Row 105 match status: BAJAJ-LAP-0002
[DEBUG-DET] Row 106: lender=Bajaj Finance, product=LAP, empType=SALARIED, prefix=BAJAJ-LAP
[DEBUG-DET] Row 106 match status: BAJAJ-LAP-0001
[DEBUG-DET] Row 107: lender=Bajaj Finance, product=LAP, empType=SENP, prefix=BAJAJ-LAP
[DEBUG-DET] Row 107 match status: BAJAJ-LAP-0002
[DEBUG-DET] Row 108: lender=Bajaj Finance, product=LAP, empType=SENP, prefix=BAJAJ-LAP
[DEBUG-DET] Row 108 match status: BAJAJ-LAP-0002
[DEBUG-DET] Row 109: lender=Bajaj Finance, product=LAP, empType=SENP, prefix=BAJAJ-LAP
[DEBUG-DET] Row 109 match status: BAJAJ-LAP-0002
[DEBUG-DET] Row 110: lender=Bajaj Finance, product=LAP, empType=SENP, prefix=BAJAJ-LAP
[DEBUG-DET] Row 110 match status: BAJAJ-LAP-0002
[DEBUG-DET] Row 111: lender=Yes Bank, product=LAP, empType=SALARIED, prefix=YES-LAP
[DEBUG-DET] Row 111 match status: YES-LAP-0001
[DEBUG-DET] Row 112: lender=Yes Bank, product=LAP, empType=SENP, prefix=YES-LAP
[DEBUG-DET] Row 112 match status: YES-LAP-0002
[DEBUG-DET] Row 113: lender=Yes Bank, product=LAP, empType=SALARIED, prefix=YES-LAP
[DEBUG-DET] Row 113 match status: YES-LAP-0001
[DEBUG-DET] Row 114: lender=Yes Bank, product=LAP, empType=SALARIED, prefix=YES-LAP
[DEBUG-DET] Row 114 match status: YES-LAP-0001
[DEBUG-DET] Row 115: lender=Yes Bank, product=LAP, empType=SALARIED, prefix=YES-LAP
[DEBUG-DET] Row 115 match status: YES-LAP-0001
[DEBUG-DET] Row 116: lender=Yes Bank, product=LAP, empType=SENP, prefix=YES-LAP
[DEBUG-DET] Row 116 match status: YES-LAP-0002
[DEBUG-DET] Row 117: lender=Yes Bank, product=LAP, empType=SENP, prefix=YES-LAP
[DEBUG-DET] Row 117 match status: YES-LAP-0002
[DEBUG-DET] Row 118: lender=Yes Bank, product=LAP, empType=SENP, prefix=YES-LAP
[DEBUG-DET] Row 118 match status: YES-LAP-0002
[DEBUG-DET] Row 119: lender=Yes Bank, product=LAP, empType=SEP, prefix=YES-LAP
[DEBUG-DET] Row 119 match status: YES-LAP-0001
[DEBUG-DET] Row 120: lender=Yes Bank, product=LAP, empType=SEP, prefix=YES-LAP
[DEBUG-DET] Row 120 match status: YES-LAP-0001
[DEBUG-DET] Row 121: lender=Yes Bank, product=LAP, empType=SEP, prefix=YES-LAP
[DEBUG-DET] Row 121 match status: YES-LAP-0001
[DEBUG-DET] Row 122: lender=Yes Bank, product=LAP, empType=SEP, prefix=YES-LAP
[DEBUG-DET] Row 122 match status: YES-LAP-0001
[DEBUG-DET] Row 123: lender=Yes Bank, product=LAP, empType=SENP, prefix=YES-LAP
[DEBUG-DET] Row 123 match status: YES-LAP-0002
[DEBUG-DET] Row 124: lender=Yes Bank, product=LAP, empType=SENP, prefix=YES-LAP
[DEBUG-DET] Row 124 match status: YES-LAP-0002
[DEBUG-DET] Row 125: lender=HDFC Bank, product=LAP, empType=SALARIED, prefix=HDFC-LAP
[DEBUG-DET] Row 125 match status: HDFC-LAP-0001
[DEBUG-DET] Row 126: lender=HDFC Bank, product=LAP, empType=SENP, prefix=HDFC-LAP
[DEBUG-DET] Row 126 match status: HDFC-LAP-0002
[DEBUG-DET] Row 127: lender=HDFC Bank, product=LAP, empType=SENP, prefix=HDFC-LAP
[DEBUG-DET] Row 127 match status: HDFC-LAP-0002
[DEBUG-DET] Row 128: lender=HDFC Bank, product=LAP, empType=SENP, prefix=HDFC-LAP
[DEBUG-DET] Row 128 match status: HDFC-LAP-0002
[DEBUG-DET] Row 129: lender=HDFC Bank, product=LAP, empType=SENP, prefix=HDFC-LAP
[DEBUG-DET] Row 129 match status: HDFC-LAP-0002
[DEBUG-DET] Row 130: lender=HDFC Bank, product=LAP, empType=SENP, prefix=HDFC-LAP
[DEBUG-DET] Row 130 match status: HDFC-LAP-0002
[DEBUG-DET] Row 131: lender=IDFC Bank, product=LAP, empType=SALARIED, prefix=IDFC-LAP
[DEBUG-DET] Row 131 match status: IDFC-LAP-0001
[DEBUG-DET] Row 132: lender=IDFC Bank, product=LAP, empType=SENP, prefix=IDFC-LAP
[DEBUG-DET] Row 132 match status: IDFC-LAP-0002
[DEBUG-DET] Row 133: lender=IDFC Bank, product=LAP, empType=SALARIED, prefix=IDFC-LAP
[DEBUG-DET] Row 133 match status: IDFC-LAP-0001
[DEBUG-DET] Row 134: lender=IDFC Bank, product=LAP, empType=SENP, prefix=IDFC-LAP
[DEBUG-DET] Row 134 match status: IDFC-LAP-0002
[DEBUG-DET] Row 135: lender=IDFC Bank, product=LAP, empType=SENP, prefix=IDFC-LAP
[DEBUG-DET] Row 135 match status: IDFC-LAP-0002
[DEBUG-DET] Row 136: lender=IDFC Bank, product=LAP, empType=SENP, prefix=IDFC-LAP
[DEBUG-DET] Row 136 match status: IDFC-LAP-0002
[DEBUG-DET] Row 137: lender=JIO Finance, product=LAP, empType=SALARIED, prefix=JIO-LAP
[DEBUG-DET] Row 137 match status: JIO-LAP-0001
[DEBUG-DET] Row 138: lender=JIO Finance, product=LAP, empType=SENP, prefix=JIO-LAP
[DEBUG-DET] Row 138 match status: JIO-LAP-0002
[DEBUG-DET] Row 139: lender=JIO Finance, product=LAP, empType=SALARIED, prefix=JIO-LAP
[DEBUG-DET] Row 139 match status: JIO-LAP-0001
[DEBUG-DET] Row 140: lender=JIO Finance, product=LAP, empType=SENP, prefix=JIO-LAP
[DEBUG-DET] Row 140 match status: JIO-LAP-0002
[DEBUG-DET] Row 141: lender=JIO Finance, product=LAP, empType=SEP, prefix=JIO-LAP
[DEBUG-DET] Row 141 match status: JIO-LAP-0001
[DEBUG-DET] Row 142: lender=JIO Finance, product=LAP, empType=SEP, prefix=JIO-LAP
[DEBUG-DET] Row 142 match status: JIO-LAP-0001
[DEBUG-DET] Row 143: lender=JIO Finance, product=LAP, empType=SALARIED, prefix=JIO-LAP
[DEBUG-DET] Row 143 match status: JIO-LAP-0001
[DEBUG-DET] Row 144: lender=JIO Finance, product=LAP, empType=SENP, prefix=JIO-LAP
[DEBUG-DET] Row 144 match status: JIO-LAP-0002
[DEBUG-DET] Row 145: lender=JIO Finance, product=LAP, empType=SENP, prefix=JIO-LAP
[DEBUG-DET] Row 145 match status: JIO-LAP-0002
[DEBUG-DET] Row 146: lender=JIO Finance, product=LAP, empType=SENP, prefix=JIO-LAP
[DEBUG-DET] Row 146 match status: JIO-LAP-0002
[DEBUG-DET] Row 147: lender=JIO Finance, product=LAP, empType=SENP, prefix=JIO-LAP
[DEBUG-DET] Row 147 match status: JIO-LAP-0002
[DEBUG-DET] Row 148: lender=JIO Finance, product=LAP, empType=SENP, prefix=JIO-LAP
[DEBUG-DET] Row 148 match status: JIO-LAP-0002
[DEBUG-DET] Row 149: lender=IDBI Bank, product=LAP, empType=SALARIED, prefix=IDBI-LAP
[DEBUG-DET] Row 149 match status: IDBI-LAP-0001
[DEBUG-DET] Row 150: lender=IDBI Bank, product=LAP, empType=SENP, prefix=IDBI-LAP
[DEBUG-DET] Row 150 match status: IDBI-LAP-0002
[DEBUG-DET] Row 151: lender=TATA Capital, product=LAP, empType=SALARIED, prefix=TATA-LAP
[DEBUG-DET] Row 151 match status: TATA-LAP-0001
[DEBUG-DET] Row 152: lender=TATA Capital, product=LAP, empType=SENP, prefix=TATA-LAP
[DEBUG-DET] Row 152 match status: TATA-LAP-0002
[DEBUG-DET] Row 153: lender=TATA Capital, product=LAP, empType=SEP, prefix=TATA-LAP
[DEBUG-DET] Row 153 match status: TATA-LAP-0001
[DEBUG-DET] Row 154: lender=TATA Capital, product=LAP, empType=SEP, prefix=TATA-LAP
[DEBUG-DET] Row 154 match status: TATA-LAP-0001
[DEBUG-DET] Row 155: lender=TATA Capital, product=LAP, empType=SALARIED, prefix=TATA-LAP
[DEBUG-DET] Row 155 match status: TATA-LAP-0001
[DEBUG-DET] Row 156: lender=TATA Capital, product=LAP, empType=SENP, prefix=TATA-LAP
[DEBUG-DET] Row 156 match status: TATA-LAP-0002
[DEBUG-DET] Row 157: lender=TATA Capital, product=LAP, empType=SALARIED, prefix=TATA-LAP
[DEBUG-DET] Row 157 match status: TATA-LAP-0001
[DEBUG-DET] Row 158: lender=TATA Capital, product=LAP, empType=SENP, prefix=TATA-LAP
[DEBUG-DET] Row 158 match status: TATA-LAP-0002
2026-07-06T17:57:40.667+05:30  INFO 42799 --- [pryme-backend] [           main] c.p.B.e.audit.MasterDataVersionService   : Generated master data version hash: sha256:1fc3421f15bf7863deae30a2ce963fe83147f5d3d578312a861cfb2395e57c02
2026-07-06T17:57:40.671+05:30  INFO 42799 --- [pryme-backend] [           main] c.p.B.e.s.EligibilityEngineService       : 🚀 Initiating cascade evaluation for product=LT-HL-0001, lender=L&T Finance
2026-07-06T17:57:40.673+05:30  INFO 42799 --- [pryme-backend] [           main] c.p.B.e.s.EligibilityEngineService       :    STEP 3: empType='Salaried' → normalized='Salaried', surrogate='NIP', product=LT-HL-0001
2026-07-06T17:57:40.674+05:30  INFO 42799 --- [pryme-backend] [           main] c.p.B.e.s.EligibilityEngineService       : ✅ Product LT-HL-0001 PASSED via condition lane [id=null, empType=Salaried, surrogate=NIP]
2026-07-06T17:57:40.681+05:30  INFO 42799 --- [pryme-backend] [           main] c.p.B.e.s.EligibilityEngineService       : 🔍 CASCADE NIP CHECK: product=LT-HL-0001, nipEligible=false, nipMaxAmount=0, requestedAmount=2500000, nipReasons=[LTV_EXCEEDED: requested 2500000.00, allowed 0.00 (LTV limit: 0%)]
2026-07-06T17:57:40.687+05:30  INFO 42799 --- [pryme-backend] [           main] c.p.B.e.s.EligibilityEngineService       : 🚀 Initiating cascade evaluation for product=LT-HL-0002, lender=L&T Finance
2026-07-06T17:57:40.688+05:30  INFO 42799 --- [pryme-backend] [           main] c.p.B.e.s.EligibilityEngineService       :    STEP 3: empType='Self Employed Professional/Self Employed Non Professional' → normalized='Self Employed Non Professional', surrogate='NIP', product=LT-HL-0002
2026-07-06T17:57:40.688+05:30  INFO 42799 --- [pryme-backend] [           main] c.p.B.e.s.EligibilityEngineService       : ✅ Product LT-HL-0002 PASSED via condition lane [id=null, empType=Self Employed Professional/Self Employed Non Professional, surrogate=NIP]
2026-07-06T17:57:40.689+05:30  INFO 42799 --- [pryme-backend] [           main] c.p.B.e.s.EligibilityEngineService       : 🔍 CASCADE NIP CHECK: product=LT-HL-0002, nipEligible=false, nipMaxAmount=0, requestedAmount=2500000, nipReasons=[LTV_EXCEEDED: requested 2500000.00, allowed 0.00 (LTV limit: 0%)]
2026-07-06T17:57:40.690+05:30  INFO 42799 --- [pryme-backend] [           main] c.p.B.e.s.EligibilityEngineService       : 🚀 Initiating cascade evaluation for product=LT-HL-0002, lender=L&T Finance
2026-07-06T17:57:40.690+05:30  INFO 42799 --- [pryme-backend] [           main] c.p.B.e.s.EligibilityEngineService       :    STEP 3: empType='Self Employed Professional' → normalized='Self Employed Professional', surrogate='NIP', product=LT-HL-0002
2026-07-06T17:57:40.691+05:30  INFO 42799 --- [pryme-backend] [           main] c.p.B.e.s.EligibilityEngineService       : ✅ Product LT-HL-0002 PASSED via condition lane [id=null, empType=Self Employed Professional/Self Employed Non Professional, surrogate=NIP]
2026-07-06T17:57:40.691+05:30  INFO 42799 --- [pryme-backend] [           main] c.p.B.e.s.EligibilityEngineService       : 🔍 CASCADE NIP CHECK: product=LT-HL-0002, nipEligible=false, nipMaxAmount=0, requestedAmount=2500000, nipReasons=[LTV_EXCEEDED: requested 2500000.00, allowed 0.00 (LTV limit: 0%)]
2026-07-06T17:57:40.691+05:30  INFO 42799 --- [pryme-backend] [           main] c.p.B.e.s.EligibilityEngineService       :    STEP 3: empType='Self Employed Professional' → normalized='Self Employed Professional', surrogate='SEP', product=LT-HL-0002
2026-07-06T17:57:40.692+05:30  WARN 42799 --- [pryme-backend] [           main] c.p.B.e.service.SurrogateIncomeResolver  : SEP multiplier not found for lender=L&T Finance, profession=, loanType=HL. Using default 1.5
2026-07-06T17:57:40.692+05:30  INFO 42799 --- [pryme-backend] [           main] c.p.B.e.s.EligibilityEngineService       : ✅ Product LT-HL-0002 PASSED via condition lane [id=null, empType=Self Employed Professional, surrogate=SEP]
2026-07-06T17:57:40.694+05:30  INFO 42799 --- [pryme-backend] [           main] c.p.B.e.s.EligibilityEngineService       : 🚀 Initiating cascade evaluation for product=LT-HL-0002, lender=L&T Finance
2026-07-06T17:57:40.694+05:30  INFO 42799 --- [pryme-backend] [           main] c.p.B.e.s.EligibilityEngineService       :    STEP 3: empType='Self Employed Professional' → normalized='Self Employed Professional', surrogate='NIP', product=LT-HL-0002
2026-07-06T17:57:40.694+05:30  INFO 42799 --- [pryme-backend] [           main] c.p.B.e.s.EligibilityEngineService       : ✅ Product LT-HL-0002 PASSED via condition lane [id=null, empType=Self Employed Professional/Self Employed Non Professional, surrogate=NIP]
2026-07-06T17:57:40.695+05:30  INFO 42799 --- [pryme-backend] [           main] c.p.B.e.s.EligibilityEngineService       : 🔍 CASCADE NIP CHECK: product=LT-HL-0002, nipEligible=false, nipMaxAmount=0, requestedAmount=2500000, nipReasons=[LTV_EXCEEDED: requested 2500000.00, allowed 0.00 (LTV limit: 0%)]
2026-07-06T17:57:40.695+05:30  INFO 42799 --- [pryme-backend] [           main] c.p.B.e.s.EligibilityEngineService       :    STEP 3: empType='Self Employed Professional' → normalized='Self Employed Professional', surrogate='SEP', product=LT-HL-0002
2026-07-06T17:57:40.695+05:30  WARN 42799 --- [pryme-backend] [           main] c.p.B.e.service.SurrogateIncomeResolver  : SEP multiplier not found for lender=L&T Finance, profession=, loanType=HL. Using default 1.5
2026-07-06T17:57:40.695+05:30  INFO 42799 --- [pryme-backend] [           main] c.p.B.e.s.EligibilityEngineService       : ✅ Product LT-HL-0002 PASSED via condition lane [id=null, empType=Self Employed Professional, surrogate=SEP]
2026-07-06T17:57:40.697+05:30  INFO 42799 --- [pryme-backend] [           main] c.p.B.e.s.EligibilityEngineService       : 🚀 Initiating cascade evaluation for product=LT-HL-0002, lender=L&T Finance
2026-07-06T17:57:40.697+05:30  INFO 42799 --- [pryme-backend] [           main] c.p.B.e.s.EligibilityEngineService       :    STEP 3: empType='Self Employed Professional/Self Employed Non Professional' → normalized='Self Employed Non Professional', surrogate='NIP', product=LT-HL-0002
2026-07-06T17:57:40.697+05:30  INFO 42799 --- [pryme-backend] [           main] c.p.B.e.s.EligibilityEngineService       : ✅ Product LT-HL-0002 PASSED via condition lane [id=null, empType=Self Employed Professional/Self Employed Non Professional, surrogate=NIP]
2026-07-06T17:57:40.698+05:30  INFO 42799 --- [pryme-backend] [           main] c.p.B.e.s.EligibilityEngineService       : 🔍 CASCADE NIP CHECK: product=LT-HL-0002, nipEligible=false, nipMaxAmount=0, requestedAmount=2500000, nipReasons=[LTV_EXCEEDED: requested 2500000.00, allowed 0.00 (LTV limit: 0%)]
2026-07-06T17:57:40.698+05:30  INFO 42799 --- [pryme-backend] [           main] c.p.B.e.s.EligibilityEngineService       :    STEP 3: empType='Self Employed Professional/Self Employed Non Professional' → normalized='Self Employed Non Professional', surrogate='BANKING', product=LT-HL-0002
2026-07-06T17:57:40.698+05:30  INFO 42799 --- [pryme-backend] [           main] c.p.B.e.s.EligibilityEngineService       : ✅ Product LT-HL-0002 PASSED via condition lane [id=null, empType=Self Employed Professional/Self Employed Non Professional, surrogate=Banking]
2026-07-06T17:57:40.700+05:30  INFO 42799 --- [pryme-backend] [           main] c.p.B.e.s.EligibilityEngineService       : 🚀 Initiating cascade evaluation for product=LT-HL-0002, lender=L&T Finance
2026-07-06T17:57:40.700+05:30  INFO 42799 --- [pryme-backend] [           main] c.p.B.e.s.EligibilityEngineService       :    STEP 3: empType='Self Employed Professional/Self Employed Non Professional' → normalized='Self Employed Non Professional', surrogate='NIP', product=LT-HL-0002
2026-07-06T17:57:40.700+05:30  INFO 42799 --- [pryme-backend] [           main] c.p.B.e.s.EligibilityEngineService       : ✅ Product LT-HL-0002 PASSED via condition lane [id=null, empType=Self Employed Professional/Self Employed Non Professional, surrogate=NIP]
2026-07-06T17:57:40.700+05:30  INFO 42799 --- [pryme-backend] [           main] c.p.B.e.s.EligibilityEngineService       : 🔍 CASCADE NIP CHECK: product=LT-HL-0002, nipEligible=false, nipMaxAmount=0, requestedAmount=2500000, nipReasons=[LTV_EXCEEDED: requested 2500000.00, allowed 0.00 (LTV limit: 0%)]
2026-07-06T17:57:40.700+05:30  INFO 42799 --- [pryme-backend] [           main] c.p.B.e.s.EligibilityEngineService       :    STEP 3: empType='Self Employed Professional/Self Employed Non Professional' → normalized='Self Employed Non Professional', surrogate='GST', product=LT-HL-0002
2026-07-06T17:57:40.701+05:30  INFO 42799 --- [pryme-backend] [           main] c.p.B.e.s.EligibilityEngineService       : ✅ Product LT-HL-0002 PASSED via condition lane [id=null, empType=Self Employed Professional/Self Employed Non Professional, surrogate=GST]
2026-07-06T17:57:40.702+05:30  INFO 42799 --- [pryme-backend] [           main] c.p.B.e.s.EligibilityEngineService       : 🚀 Initiating cascade evaluation for product=LT-HL-0002, lender=L&T Finance
2026-07-06T17:57:40.702+05:30  INFO 42799 --- [pryme-backend] [           main] c.p.B.e.s.EligibilityEngineService       :    STEP 3: empType='Self Employed Professional/Self Employed Non Professional' → normalized='Self Employed Non Professional', surrogate='NIP', product=LT-HL-0002
2026-07-06T17:57:40.702+05:30  INFO 42799 --- [pryme-backend] [           main] c.p.B.e.s.EligibilityEngineService       : ✅ Product LT-HL-0002 PASSED via condition lane [id=null, empType=Self Employed Professional/Self Employed Non Professional, surrogate=NIP]
2026-07-06T17:57:40.703+05:30  INFO 42799 --- [pryme-backend] [           main] c.p.B.e.s.EligibilityEngineService       : 🔍 CASCADE NIP CHECK: product=LT-HL-0002, nipEligible=false, nipMaxAmount=0, requestedAmount=2500000, nipReasons=[LTV_EXCEEDED: requested 2500000.00, allowed 0.00 (LTV limit: 0%)]
2026-07-06T17:57:40.703+05:30  INFO 42799 --- [pryme-backend] [           main] c.p.B.e.s.EligibilityEngineService       :    STEP 3: empType='Self Employed Professional/Self Employed Non Professional' → normalized='Self Employed Non Professional', surrogate='GST', product=LT-HL-0002
2026-07-06T17:57:40.703+05:30  INFO 42799 --- [pryme-backend] [           main] c.p.B.e.s.EligibilityEngineService       : ✅ Product LT-HL-0002 PASSED via condition lane [id=null, empType=Self Employed Professional/Self Employed Non Professional, surrogate=GST]
2026-07-06T17:57:40.704+05:30  INFO 42799 --- [pryme-backend] [           main] c.p.B.e.s.EligibilityEngineService       : 🚀 Initiating cascade evaluation for product=LT-HL-0002, lender=L&T Finance
2026-07-06T17:57:40.705+05:30  INFO 42799 --- [pryme-backend] [           main] c.p.B.e.s.EligibilityEngineService       :    STEP 3: empType='Self Employed Professional/Self Employed Non Professional' → normalized='Self Employed Non Professional', surrogate='NIP', product=LT-HL-0002
2026-07-06T17:57:40.705+05:30  INFO 42799 --- [pryme-backend] [           main] c.p.B.e.s.EligibilityEngineService       : ✅ Product LT-HL-0002 PASSED via condition lane [id=null, empType=Self Employed Professional/Self Employed Non Professional, surrogate=NIP]
2026-07-06T17:57:40.705+05:30  INFO 42799 --- [pryme-backend] [           main] c.p.B.e.s.EligibilityEngineService       : 🔍 CASCADE NIP CHECK: product=LT-HL-0002, nipEligible=false, nipMaxAmount=0, requestedAmount=2500000, nipReasons=[LTV_EXCEEDED: requested 2500000.00, allowed 0.00 (LTV limit: 0%)]
2026-07-06T17:57:40.705+05:30  INFO 42799 --- [pryme-backend] [           main] c.p.B.e.s.EligibilityEngineService       :    STEP 3: empType='Self Employed Professional/Self Employed Non Professional' → normalized='Self Employed Non Professional', surrogate='GST', product=LT-HL-0002
2026-07-06T17:57:40.705+05:30  INFO 42799 --- [pryme-backend] [           main] c.p.B.e.s.EligibilityEngineService       : ✅ Product LT-HL-0002 PASSED via condition lane [id=null, empType=Self Employed Professional/Self Employed Non Professional, surrogate=GST]
2026-07-06T17:57:40.706+05:30  INFO 42799 --- [pryme-backend] [           main] c.p.B.e.s.EligibilityEngineService       : 🚀 Initiating cascade evaluation for product=LT-HL-0002, lender=L&T Finance
2026-07-06T17:57:40.707+05:30  INFO 42799 --- [pryme-backend] [           main] c.p.B.e.s.EligibilityEngineService       :    STEP 3: empType='Self Employed Professional/Self Employed Non Professional' → normalized='Self Employed Non Professional', surrogate='NIP', product=LT-HL-0002
2026-07-06T17:57:40.707+05:30  INFO 42799 --- [pryme-backend] [           main] c.p.B.e.s.EligibilityEngineService       : ✅ Product LT-HL-0002 PASSED via condition lane [id=null, empType=Self Employed Professional/Self Employed Non Professional, surrogate=NIP]
2026-07-06T17:57:40.707+05:30  INFO 42799 --- [pryme-backend] [           main] c.p.B.e.s.EligibilityEngineService       : 🔍 CASCADE NIP CHECK: product=LT-HL-0002, nipEligible=false, nipMaxAmount=0, requestedAmount=2500000, nipReasons=[LTV_EXCEEDED: requested 2500000.00, allowed 0.00 (LTV limit: 0%)]
2026-07-06T17:57:40.707+05:30  INFO 42799 --- [pryme-backend] [           main] c.p.B.e.s.EligibilityEngineService       :    STEP 3: empType='Self Employed Professional/Self Employed Non Professional' → normalized='Self Employed Non Professional', surrogate='GST', product=LT-HL-0002
2026-07-06T17:57:40.707+05:30  INFO 42799 --- [pryme-backend] [           main] c.p.B.e.s.EligibilityEngineService       : ✅ Product LT-HL-0002 PASSED via condition lane [id=null, empType=Self Employed Professional/Self Employed Non Professional, surrogate=GST]
2026-07-06T17:57:40.708+05:30  INFO 42799 --- [pryme-backend] [           main] c.p.B.e.s.EligibilityEngineService       : 🚀 Initiating cascade evaluation for product=ICICI-HL-0001, lender=ICICI Bank
2026-07-06T17:57:40.709+05:30  INFO 42799 --- [pryme-backend] [           main] c.p.B.e.s.EligibilityEngineService       :    STEP 3: empType='Salaried' → normalized='Salaried', surrogate='NIP', product=ICICI-HL-0001
2026-07-06T17:57:40.709+05:30  INFO 42799 --- [pryme-backend] [           main] c.p.B.e.s.EligibilityEngineService       : ✅ Product ICICI-HL-0001 PASSED via condition lane [id=null, empType=Salaried, surrogate=NIP]
2026-07-06T17:57:40.710+05:30  INFO 42799 --- [pryme-backend] [           main] c.p.B.e.s.EligibilityEngineService       : 🔍 CASCADE NIP CHECK: product=ICICI-HL-0001, nipEligible=false, nipMaxAmount=0, requestedAmount=2500000, nipReasons=[LTV_EXCEEDED: requested 2500000.00, allowed 0.00 (LTV limit: 0%)]
2026-07-06T17:57:40.711+05:30  INFO 42799 --- [pryme-backend] [           main] c.p.B.e.s.EligibilityEngineService       : 🚀 Initiating cascade evaluation for product=ICICI-HL-0002, lender=ICICI Bank
2026-07-06T17:57:40.712+05:30  INFO 42799 --- [pryme-backend] [           main] c.p.B.e.s.EligibilityEngineService       :    STEP 3: empType='Self Employed Professional/Self Employed Non Professional' → normalized='Self Employed Non Professional', surrogate='NIP', product=ICICI-HL-0002
2026-07-06T17:57:40.712+05:30  INFO 42799 --- [pryme-backend] [           main] c.p.B.e.s.EligibilityEngineService       : ✅ Product ICICI-HL-0002 PASSED via condition lane [id=null, empType=Self Employed Professional/Self Employed Non Professional, surrogate=NIP]
2026-07-06T17:57:40.713+05:30  INFO 42799 --- [pryme-backend] [           main] c.p.B.e.s.EligibilityEngineService       : 🔍 CASCADE NIP CHECK: product=ICICI-HL-0002, nipEligible=false, nipMaxAmount=0, requestedAmount=2500000, nipReasons=[LTV_EXCEEDED: requested 2500000.00, allowed 0.00 (LTV limit: 0%)]
2026-07-06T17:57:40.714+05:30  INFO 42799 --- [pryme-backend] [           main] c.p.B.e.s.EligibilityEngineService       : 🚀 Initiating cascade evaluation for product=ICICI-HL-0002, lender=ICICI Bank
2026-07-06T17:57:40.714+05:30  INFO 42799 --- [pryme-backend] [           main] c.p.B.e.s.EligibilityEngineService       :    STEP 3: empType='Self Employed Professional/Self Employed Non Professional' → normalized='Self Employed Non Professional', surrogate='NIP', product=ICICI-HL-0002
2026-07-06T17:57:40.714+05:30  WARN 42799 --- [pryme-backend] [           main] c.p.B.e.s.EligibilityEngineService       : ❌ Product ICICI-HL-0002 REJECTED for applicant [cibil=700, empType=Self Employed Professional/Self Employed Non Professional, propType=PLOT, age=22]. All 1 condition lanes failed. Reasons: [INCOME_FLOOR_FAILED: income=50000 < required=200000 (condition=null, surrogate=NIP)]
2026-07-06T17:57:40.714+05:30  INFO 42799 --- [pryme-backend] [           main] c.p.B.e.s.EligibilityEngineService       : 🔍 CASCADE NIP CHECK: product=ICICI-HL-0002, nipEligible=false, nipMaxAmount=0, requestedAmount=2500000, nipReasons=[INCOME_FLOOR_FAILED: income=50000 < required=200000 (condition=null, surrogate=NIP)]
2026-07-06T17:57:40.714+05:30  INFO 42799 --- [pryme-backend] [           main] c.p.B.e.s.EligibilityEngineService       :    STEP 3: empType='Self Employed Professional/Self Employed Non Professional' → normalized='Self Employed Non Professional', surrogate='BANKING', product=ICICI-HL-0002
2026-07-06T17:57:40.714+05:30  INFO 42799 --- [pryme-backend] [           main] c.p.B.e.s.EligibilityEngineService       : ✅ Product ICICI-HL-0002 PASSED via condition lane [id=null, empType=Self Employed Professional/Self Employed Non Professional, surrogate=Banking]
2026-07-06T17:57:40.715+05:30  INFO 42799 --- [pryme-backend] [           main] c.p.B.e.s.EligibilityEngineService       : 🚀 Initiating cascade evaluation for product=ICICI-HL-0002, lender=ICICI Bank
2026-07-06T17:57:40.715+05:30  INFO 42799 --- [pryme-backend] [           main] c.p.B.e.s.EligibilityEngineService       :    STEP 3: empType='Self Employed Professional/Self Employed Non Professional' → normalized='Self Employed Non Professional', surrogate='NIP', product=ICICI-HL-0002
2026-07-06T17:57:40.715+05:30  WARN 42799 --- [pryme-backend] [           main] c.p.B.e.s.EligibilityEngineService       : ❌ Product ICICI-HL-0002 REJECTED for applicant [cibil=700, empType=Self Employed Professional/Self Employed Non Professional, propType=PLOT, age=22]. All 1 condition lanes failed. Reasons: [INCOME_FLOOR_FAILED: income=50000 < required=200000 (condition=null, surrogate=NIP)]
2026-07-06T17:57:40.716+05:30  INFO 42799 --- [pryme-backend] [           main] c.p.B.e.s.EligibilityEngineService       : 🔍 CASCADE NIP CHECK: product=ICICI-HL-0002, nipEligible=false, nipMaxAmount=0, requestedAmount=2500000, nipReasons=[INCOME_FLOOR_FAILED: income=50000 < required=200000 (condition=null, surrogate=NIP)]
2026-07-06T17:57:40.716+05:30  INFO 42799 --- [pryme-backend] [           main] c.p.B.e.s.EligibilityEngineService       :    STEP 3: empType='Self Employed Professional/Self Employed Non Professional' → normalized='Self Employed Non Professional', surrogate='GST', product=ICICI-HL-0002
2026-07-06T17:57:40.716+05:30  INFO 42799 --- [pryme-backend] [           main] c.p.B.e.s.EligibilityEngineService       : ✅ Product ICICI-HL-0002 PASSED via condition lane [id=null, empType=Self Employed Professional/Self Employed Non Professional, surrogate=GST]
2026-07-06T17:57:40.717+05:30  INFO 42799 --- [pryme-backend] [           main] c.p.B.e.s.EligibilityEngineService       : 🚀 Initiating cascade evaluation for product=BANDHAN-HL-0001, lender=Bandhan Bank
2026-07-06T17:57:40.718+05:30  INFO 42799 --- [pryme-backend] [           main] c.p.B.e.s.EligibilityEngineService       :    STEP 3: empType='Salaried' → normalized='Salaried', surrogate='NIP', product=BANDHAN-HL-0001
2026-07-06T17:57:40.718+05:30  INFO 42799 --- [pryme-backend] [           main] c.p.B.e.s.EligibilityEngineService       : ✅ Product BANDHAN-HL-0001 PASSED via condition lane [id=null, empType=Salaried, surrogate=NIP]
2026-07-06T17:57:40.718+05:30  INFO 42799 --- [pryme-backend] [           main] c.p.B.e.s.EligibilityEngineService       : 🔍 CASCADE NIP CHECK: product=BANDHAN-HL-0001, nipEligible=false, nipMaxAmount=0, requestedAmount=2500000, nipReasons=[LTV_EXCEEDED: requested 2500000.00, allowed 0.00 (LTV limit: 0%)]
2026-07-06T17:57:40.719+05:30  INFO 42799 --- [pryme-backend] [           main] c.p.B.e.s.EligibilityEngineService       : 🚀 Initiating cascade evaluation for product=BANDHAN-HL-0002, lender=Bandhan Bank
2026-07-06T17:57:40.720+05:30  INFO 42799 --- [pryme-backend] [           main] c.p.B.e.s.EligibilityEngineService       :    STEP 3: empType='Self Employed Professional/Self Employed Non Professional' → normalized='Self Employed Non Professional', surrogate='NIP', product=BANDHAN-HL-0002
2026-07-06T17:57:40.720+05:30  INFO 42799 --- [pryme-backend] [           main] c.p.B.e.s.EligibilityEngineService       : ✅ Product BANDHAN-HL-0002 PASSED via condition lane [id=null, empType=Self Employed Professional/Self Employed Non Professional, surrogate=NIP]
2026-07-06T17:57:40.720+05:30  INFO 42799 --- [pryme-backend] [           main] c.p.B.e.s.EligibilityEngineService       : 🔍 CASCADE NIP CHECK: product=BANDHAN-HL-0002, nipEligible=false, nipMaxAmount=0, requestedAmount=2500000, nipReasons=[LTV_EXCEEDED: requested 2500000.00, allowed 0.00 (LTV limit: 0%)]
2026-07-06T17:57:40.721+05:30  INFO 42799 --- [pryme-backend] [           main] c.p.B.e.s.EligibilityEngineService       : 🚀 Initiating cascade evaluation for product=BANDHAN-HL-0002, lender=Bandhan Bank
2026-07-06T17:57:40.721+05:30  INFO 42799 --- [pryme-backend] [           main] c.p.B.e.s.EligibilityEngineService       :    STEP 3: empType='Self Employed Professional/Self Employed Non Professional' → normalized='Self Employed Non Professional', surrogate='NIP', product=BANDHAN-HL-0002
2026-07-06T17:57:40.721+05:30  INFO 42799 --- [pryme-backend] [           main] c.p.B.e.s.EligibilityEngineService       : ✅ Product BANDHAN-HL-0002 PASSED via condition lane [id=null, empType=Self Employed Professional/Self Employed Non Professional, surrogate=NIP]
2026-07-06T17:57:40.722+05:30  INFO 42799 --- [pryme-backend] [           main] c.p.B.e.s.EligibilityEngineService       : 🔍 CASCADE NIP CHECK: product=BANDHAN-HL-0002, nipEligible=false, nipMaxAmount=0, requestedAmount=2500000, nipReasons=[LTV_EXCEEDED: requested 2500000.00, allowed 0.00 (LTV limit: 0%)]
2026-07-06T17:57:40.722+05:30  INFO 42799 --- [pryme-backend] [           main] c.p.B.e.s.EligibilityEngineService       :    STEP 3: empType='Self Employed Professional/Self Employed Non Professional' → normalized='Self Employed Non Professional', surrogate='BANKING', product=BANDHAN-HL-0002
2026-07-06T17:57:40.722+05:30  INFO 42799 --- [pryme-backend] [           main] c.p.B.e.s.EligibilityEngineService       : ✅ Product BANDHAN-HL-0002 PASSED via condition lane [id=null, empType=Self Employed Professional/Self Employed Non Professional, surrogate=Banking]
2026-07-06T17:57:40.723+05:30  INFO 42799 --- [pryme-backend] [           main] c.p.B.e.s.EligibilityEngineService       : 🚀 Initiating cascade evaluation for product=BANDHAN-HL-0002, lender=Bandhan Bank
2026-07-06T17:57:40.723+05:30  INFO 42799 --- [pryme-backend] [           main] c.p.B.e.s.EligibilityEngineService       :    STEP 3: empType='Self Employed Professional/Self Employed Non Professional' → normalized='Self Employed Non Professional', surrogate='NIP', product=BANDHAN-HL-0002
2026-07-06T17:57:40.723+05:30  INFO 42799 --- [pryme-backend] [           main] c.p.B.e.s.EligibilityEngineService       : ✅ Product BANDHAN-HL-0002 PASSED via condition lane [id=null, empType=Self Employed Professional/Self Employed Non Professional, surrogate=NIP]
2026-07-06T17:57:40.723+05:30  INFO 42799 --- [pryme-backend] [           main] c.p.B.e.s.EligibilityEngineService       : 🔍 CASCADE NIP CHECK: product=BANDHAN-HL-0002, nipEligible=false, nipMaxAmount=0, requestedAmount=2500000, nipReasons=[LTV_EXCEEDED: requested 2500000.00, allowed 0.00 (LTV limit: 0%)]
2026-07-06T17:57:40.723+05:30  INFO 42799 --- [pryme-backend] [           main] c.p.B.e.s.EligibilityEngineService       :    STEP 3: empType='Self Employed Professional/Self Employed Non Professional' → normalized='Self Employed Non Professional', surrogate='GST', product=BANDHAN-HL-0002
2026-07-06T17:57:40.724+05:30  INFO 42799 --- [pryme-backend] [           main] c.p.B.e.s.EligibilityEngineService       : ✅ Product BANDHAN-HL-0002 PASSED via condition lane [id=null, empType=Self Employed Professional/Self Employed Non Professional, surrogate=GST]
2026-07-06T17:57:40.725+05:30  INFO 42799 --- [pryme-backend] [           main] c.p.B.e.s.EligibilityEngineService       : 🚀 Initiating cascade evaluation for product=ABFL-HL-0001, lender=Aditya Birla Finance Limited
2026-07-06T17:57:40.725+05:30  INFO 42799 --- [pryme-backend] [           main] c.p.B.e.s.EligibilityEngineService       :    STEP 3: empType='Salaried' → normalized='Salaried', surrogate='NIP', product=ABFL-HL-0001
2026-07-06T17:57:40.725+05:30  INFO 42799 --- [pryme-backend] [           main] c.p.B.e.s.EligibilityEngineService       : ✅ Product ABFL-HL-0001 PASSED via condition lane [id=null, empType=Salaried, surrogate=NIP]
2026-07-06T17:57:40.726+05:30  INFO 42799 --- [pryme-backend] [           main] c.p.B.e.s.EligibilityEngineService       : 🔍 CASCADE NIP CHECK: product=ABFL-HL-0001, nipEligible=false, nipMaxAmount=0, requestedAmount=3500000, nipReasons=[FOIR exceeded: effective limit is 65%]
2026-07-06T17:57:40.726+05:30  INFO 42799 --- [pryme-backend] [           main] c.p.B.e.s.EligibilityEngineService       : 🎯 Low LTV surrogate satisfied for product=ABFL-HL-0001
2026-07-06T17:57:40.727+05:30  INFO 42799 --- [pryme-backend] [           main] c.p.B.e.s.EligibilityEngineService       : 🚀 Initiating cascade evaluation for product=ABFL-HL-0002, lender=Aditya Birla Finance Limited
2026-07-06T17:57:40.728+05:30  INFO 42799 --- [pryme-backend] [           main] c.p.B.e.s.EligibilityEngineService       :    STEP 3: empType='Self Employed Professional/Self Employed Non Professional' → normalized='Self Employed Non Professional', surrogate='NIP', product=ABFL-HL-0002
2026-07-06T17:57:40.728+05:30  INFO 42799 --- [pryme-backend] [           main] c.p.B.e.s.EligibilityEngineService       : ✅ Product ABFL-HL-0002 PASSED via condition lane [id=null, empType=Self Employed Professional/Self Employed Non Professional, surrogate=NIP]
2026-07-06T17:57:40.729+05:30  INFO 42799 --- [pryme-backend] [           main] c.p.B.e.s.EligibilityEngineService       : 🔍 CASCADE NIP CHECK: product=ABFL-HL-0002, nipEligible=false, nipMaxAmount=0, requestedAmount=3500000, nipReasons=[LTV_EXCEEDED: requested 3500000.00, allowed 0.00 (LTV limit: 0%)]
2026-07-06T17:57:40.729+05:30  INFO 42799 --- [pryme-backend] [           main] c.p.B.e.s.EligibilityEngineService       : 🎯 Low LTV surrogate satisfied for product=ABFL-HL-0002
2026-07-06T17:57:40.730+05:30  INFO 42799 --- [pryme-backend] [           main] c.p.B.e.s.EligibilityEngineService       : 🚀 Initiating cascade evaluation for product=ABFL-HL-0001, lender=Aditya Birla Finance Limited
2026-07-06T17:57:40.730+05:30  INFO 42799 --- [pryme-backend] [           main] c.p.B.e.s.EligibilityEngineService       :    STEP 3: empType='Salaried' → normalized='Salaried', surrogate='NIP', product=ABFL-HL-0001
2026-07-06T17:57:40.730+05:30  WARN 42799 --- [pryme-backend] [           main] c.p.B.e.s.EligibilityEngineService       : ❌ Product ABFL-HL-0001 REJECTED for applicant [cibil=675, empType=Salaried, propType=PLOT, age=24]. All 1 condition lanes failed. Reasons: [INCOME_FLOOR_FAILED: income=1 < required=30000 (condition=null, surrogate=NIP)]
2026-07-06T17:57:40.730+05:30  INFO 42799 --- [pryme-backend] [           main] c.p.B.e.s.EligibilityEngineService       : 🔍 CASCADE NIP CHECK: product=ABFL-HL-0001, nipEligible=false, nipMaxAmount=0, requestedAmount=3500000, nipReasons=[INCOME_FLOOR_FAILED: income=1 < required=30000 (condition=null, surrogate=NIP)]
2026-07-06T17:57:40.730+05:30  INFO 42799 --- [pryme-backend] [           main] c.p.B.e.s.EligibilityEngineService       : 🎯 Low LTV surrogate satisfied for product=ABFL-HL-0001
2026-07-06T17:57:40.731+05:30  INFO 42799 --- [pryme-backend] [           main] c.p.B.e.s.EligibilityEngineService       : 🚀 Initiating cascade evaluation for product=ABFL-HL-0002, lender=Aditya Birla Finance Limited
2026-07-06T17:57:40.731+05:30  INFO 42799 --- [pryme-backend] [           main] c.p.B.e.s.EligibilityEngineService       :    STEP 3: empType='Self Employed Professional/Self Employed Non Professional' → normalized='Self Employed Non Professional', surrogate='NIP', product=ABFL-HL-0002
2026-07-06T17:57:40.731+05:30  WARN 42799 --- [pryme-backend] [           main] c.p.B.e.s.EligibilityEngineService       : ❌ Product ABFL-HL-0002 REJECTED for applicant [cibil=675, empType=Self Employed Professional/Self Employed Non Professional, propType=PLOT, age=24]. All 1 condition lanes failed. Reasons: [INCOME_FLOOR_FAILED: income=1 < required=30000 (condition=null, surrogate=NIP)]
2026-07-06T17:57:40.731+05:30  INFO 42799 --- [pryme-backend] [           main] c.p.B.e.s.EligibilityEngineService       : 🔍 CASCADE NIP CHECK: product=ABFL-HL-0002, nipEligible=false, nipMaxAmount=0, requestedAmount=3500000, nipReasons=[INCOME_FLOOR_FAILED: income=1 < required=30000 (condition=null, surrogate=NIP)]
2026-07-06T17:57:40.732+05:30  INFO 42799 --- [pryme-backend] [           main] c.p.B.e.s.EligibilityEngineService       : 🎯 Low LTV surrogate satisfied for product=ABFL-HL-0002
2026-07-06T17:57:40.732+05:30  INFO 42799 --- [pryme-backend] [           main] c.p.B.e.s.EligibilityEngineService       : 🚀 Initiating cascade evaluation for product=ABFL-HL-0002, lender=Aditya Birla Finance Limited
2026-07-06T17:57:40.732+05:30  INFO 42799 --- [pryme-backend] [           main] c.p.B.e.s.EligibilityEngineService       :    STEP 3: empType='Self Employed Professional/Self Employed Non Professional' → normalized='Self Employed Non Professional', surrogate='NIP', product=ABFL-HL-0002
2026-07-06T17:57:40.732+05:30  INFO 42799 --- [pryme-backend] [           main] c.p.B.e.s.EligibilityEngineService       : ✅ Product ABFL-HL-0002 PASSED via condition lane [id=null, empType=Self Employed Professional/Self Employed Non Professional, surrogate=NIP]
2026-07-06T17:57:40.733+05:30  INFO 42799 --- [pryme-backend] [           main] c.p.B.e.s.EligibilityEngineService       : 🔍 CASCADE NIP CHECK: product=ABFL-HL-0002, nipEligible=false, nipMaxAmount=0, requestedAmount=3500000, nipReasons=[LTV_EXCEEDED: requested 3500000.00, allowed 0.00 (LTV limit: 0%)]
2026-07-06T17:57:40.733+05:30  INFO 42799 --- [pryme-backend] [           main] c.p.B.e.s.EligibilityEngineService       :    STEP 3: empType='Self Employed Professional/Self Employed Non Professional' → normalized='Self Employed Non Professional', surrogate='BANKING', product=ABFL-HL-0002
2026-07-06T17:57:40.733+05:30  INFO 42799 --- [pryme-backend] [           main] c.p.B.e.s.EligibilityEngineService       : ✅ Product ABFL-HL-0002 PASSED via condition lane [id=null, empType=Self Employed Professional/Self Employed Non Professional, surrogate=Banking]
2026-07-06T17:57:40.733+05:30  INFO 42799 --- [pryme-backend] [           main] c.p.B.e.s.EligibilityEngineService       : 🎯 Low LTV surrogate satisfied for product=ABFL-HL-0002
2026-07-06T17:57:40.734+05:30  INFO 42799 --- [pryme-backend] [           main] c.p.B.e.s.EligibilityEngineService       : 🚀 Initiating cascade evaluation for product=ABFL-HL-0002, lender=Aditya Birla Finance Limited
2026-07-06T17:57:40.734+05:30  INFO 42799 --- [pryme-backend] [           main] c.p.B.e.s.EligibilityEngineService       :    STEP 3: empType='Self Employed Professional/Self Employed Non Professional' → normalized='Self Employed Non Professional', surrogate='NIP', product=ABFL-HL-0002
2026-07-06T17:57:40.734+05:30  INFO 42799 --- [pryme-backend] [           main] c.p.B.e.s.EligibilityEngineService       : ✅ Product ABFL-HL-0002 PASSED via condition lane [id=null, empType=Self Employed Professional/Self Employed Non Professional, surrogate=NIP]
2026-07-06T17:57:40.734+05:30  INFO 42799 --- [pryme-backend] [           main] c.p.B.e.s.EligibilityEngineService       : 🔍 CASCADE NIP CHECK: product=ABFL-HL-0002, nipEligible=false, nipMaxAmount=0, requestedAmount=3500000, nipReasons=[LTV_EXCEEDED: requested 3500000.00, allowed 0.00 (LTV limit: 0%)]
2026-07-06T17:57:40.735+05:30  INFO 42799 --- [pryme-backend] [           main] c.p.B.e.s.EligibilityEngineService       :    STEP 3: empType='Self Employed Professional/Self Employed Non Professional' → normalized='Self Employed Non Professional', surrogate='GST', product=ABFL-HL-0002
2026-07-06T17:57:40.735+05:30  INFO 42799 --- [pryme-backend] [           main] c.p.B.e.s.EligibilityEngineService       : ✅ Product ABFL-HL-0002 PASSED via condition lane [id=null, empType=Self Employed Professional/Self Employed Non Professional, surrogate=GST]
2026-07-06T17:57:40.735+05:30  INFO 42799 --- [pryme-backend] [           main] c.p.B.e.s.EligibilityEngineService       : 🎯 Low LTV surrogate satisfied for product=ABFL-HL-0002
2026-07-06T17:57:40.736+05:30  INFO 42799 --- [pryme-backend] [           main] c.p.B.e.s.EligibilityEngineService       : 🚀 Initiating cascade evaluation for product=BOB-HL-0001, lender=Bank of Baroda
2026-07-06T17:57:40.736+05:30  INFO 42799 --- [pryme-backend] [           main] c.p.B.e.s.EligibilityEngineService       :    STEP 3: empType='Salaried' → normalized='Salaried', surrogate='NIP', product=BOB-HL-0001
2026-07-06T17:57:40.737+05:30  INFO 42799 --- [pryme-backend] [           main] c.p.B.e.s.EligibilityEngineService       : ✅ Product BOB-HL-0001 PASSED via condition lane [id=null, empType=Salaried, surrogate=NIP]
2026-07-06T17:57:40.737+05:30  INFO 42799 --- [pryme-backend] [           main] c.p.B.e.s.EligibilityEngineService       : 🔍 CASCADE NIP CHECK: product=BOB-HL-0001, nipEligible=false, nipMaxAmount=0, requestedAmount=2500000, nipReasons=[LTV_EXCEEDED: requested 2500000.00, allowed 0.00 (LTV limit: 0%)]
2026-07-06T17:57:40.747+05:30  INFO 42799 --- [pryme-backend] [           main] c.p.B.e.s.EligibilityEngineService       : 🚀 Initiating cascade evaluation for product=BOB-HL-0002, lender=Bank of Baroda
2026-07-06T17:57:40.748+05:30  INFO 42799 --- [pryme-backend] [           main] c.p.B.e.s.EligibilityEngineService       :    STEP 3: empType='Self Employed Professional/Self Employed Non Professional' → normalized='Self Employed Non Professional', surrogate='NIP', product=BOB-HL-0002
2026-07-06T17:57:40.749+05:30  INFO 42799 --- [pryme-backend] [           main] c.p.B.e.s.EligibilityEngineService       : ✅ Product BOB-HL-0002 PASSED via condition lane [id=null, empType=Self Employed Professional/Self Employed Non Professional, surrogate=NIP]
2026-07-06T17:57:40.749+05:30  INFO 42799 --- [pryme-backend] [           main] c.p.B.e.s.EligibilityEngineService       : 🔍 CASCADE NIP CHECK: product=BOB-HL-0002, nipEligible=false, nipMaxAmount=0, requestedAmount=2500000, nipReasons=[LTV_EXCEEDED: requested 2500000.00, allowed 0.00 (LTV limit: 0%)]
2026-07-06T17:57:40.750+05:30  INFO 42799 --- [pryme-backend] [           main] c.p.B.e.s.EligibilityEngineService       : 🚀 Initiating cascade evaluation for product=SBI-HL-0001, lender=SBI
2026-07-06T17:57:40.750+05:30  INFO 42799 --- [pryme-backend] [           main] c.p.B.e.s.EligibilityEngineService       :    STEP 3: empType='Salaried' → normalized='Salaried', surrogate='NIP', product=SBI-HL-0001
2026-07-06T17:57:40.751+05:30  WARN 42799 --- [pryme-backend] [           main] c.p.B.e.s.EligibilityEngineService       : ⏭️ Product SBI-HL-0001 has no conditions for empType='Salaried' (normalized='Salaried'), surrogate='NIP'. Skipping. DB conditions had empTypes: []
2026-07-06T17:57:40.751+05:30  INFO 42799 --- [pryme-backend] [           main] c.p.B.e.s.EligibilityEngineService       : 🔍 CASCADE NIP CHECK: product=SBI-HL-0001, nipEligible=false, nipMaxAmount=0, requestedAmount=2500000, nipReasons=[No eligibility lane for empType=Salaried (normalized=Salaried), surrogate=NIP]
2026-07-06T17:57:40.751+05:30  INFO 42799 --- [pryme-backend] [           main] c.p.B.e.s.EligibilityEngineService       : 🚀 Initiating cascade evaluation for product=SBI-HL-0002, lender=SBI
2026-07-06T17:57:40.752+05:30  INFO 42799 --- [pryme-backend] [           main] c.p.B.e.s.EligibilityEngineService       :    STEP 3: empType='Self Employed Professional/Self Employed Non Professional' → normalized='Self Employed Non Professional', surrogate='NIP', product=SBI-HL-0002
2026-07-06T17:57:40.752+05:30  WARN 42799 --- [pryme-backend] [           main] c.p.B.e.s.EligibilityEngineService       : ⏭️ Product SBI-HL-0002 has no conditions for empType='Self Employed Professional/Self Employed Non Professional' (normalized='Self Employed Non Professional'), surrogate='NIP'. Skipping. DB conditions had empTypes: []
2026-07-06T17:57:40.752+05:30  INFO 42799 --- [pryme-backend] [           main] c.p.B.e.s.EligibilityEngineService       : 🔍 CASCADE NIP CHECK: product=SBI-HL-0002, nipEligible=false, nipMaxAmount=0, requestedAmount=2500000, nipReasons=[No eligibility lane for empType=Self Employed Professional/Self Employed Non Professional (normalized=Self Employed Non Professional), surrogate=NIP]
2026-07-06T17:57:40.753+05:30  INFO 42799 --- [pryme-backend] [           main] c.p.B.e.s.EligibilityEngineService       : 🚀 Initiating cascade evaluation for product=BAJAJ-HL-0001, lender=Bajaj Finance
2026-07-06T17:57:40.754+05:30  INFO 42799 --- [pryme-backend] [           main] c.p.B.e.s.EligibilityEngineService       :    STEP 3: empType='Salaried' → normalized='Salaried', surrogate='NIP', product=BAJAJ-HL-0001
2026-07-06T17:57:40.754+05:30  INFO 42799 --- [pryme-backend] [           main] c.p.B.e.s.EligibilityEngineService       : ✅ Product BAJAJ-HL-0001 PASSED via condition lane [id=null, empType=Salaried, surrogate=NIP]
2026-07-06T17:57:40.755+05:30  INFO 42799 --- [pryme-backend] [           main] c.p.B.e.s.EligibilityEngineService       : 🔍 CASCADE NIP CHECK: product=BAJAJ-HL-0001, nipEligible=false, nipMaxAmount=0, requestedAmount=3500000, nipReasons=[FOIR exceeded: effective limit is 70%]
2026-07-06T17:57:40.755+05:30  INFO 42799 --- [pryme-backend] [           main] c.p.B.e.s.EligibilityEngineService       : 🎯 Low LTV surrogate satisfied for product=BAJAJ-HL-0001
2026-07-06T17:57:40.756+05:30  INFO 42799 --- [pryme-backend] [           main] c.p.B.e.s.EligibilityEngineService       : 🚀 Initiating cascade evaluation for product=BAJAJ-HL-0002, lender=Bajaj Finance
2026-07-06T17:57:40.757+05:30  INFO 42799 --- [pryme-backend] [           main] c.p.B.e.s.EligibilityEngineService       :    STEP 3: empType='Self Employed Professional/Self Employed Non Professional' → normalized='Self Employed Non Professional', surrogate='NIP', product=BAJAJ-HL-0002
2026-07-06T17:57:40.758+05:30  INFO 42799 --- [pryme-backend] [           main] c.p.B.e.s.EligibilityEngineService       : ✅ Product BAJAJ-HL-0002 PASSED via condition lane [id=null, empType=Self Employed Professional/Self Employed Non Professional, surrogate=NIP]
2026-07-06T17:57:40.759+05:30  INFO 42799 --- [pryme-backend] [           main] c.p.B.e.s.EligibilityEngineService       : 🔍 CASCADE NIP CHECK: product=BAJAJ-HL-0002, nipEligible=false, nipMaxAmount=0, requestedAmount=3500000, nipReasons=[LTV_EXCEEDED: requested 3500000.00, allowed 0.00 (LTV limit: 0%)]
2026-07-06T17:57:40.760+05:30  INFO 42799 --- [pryme-backend] [           main] c.p.B.e.s.EligibilityEngineService       : 🎯 Low LTV surrogate satisfied for product=BAJAJ-HL-0002
2026-07-06T17:57:40.761+05:30  INFO 42799 --- [pryme-backend] [           main] c.p.B.e.s.EligibilityEngineService       : 🚀 Initiating cascade evaluation for product=BAJAJ-HL-0002, lender=Bajaj Finance
2026-07-06T17:57:40.761+05:30  INFO 42799 --- [pryme-backend] [           main] c.p.B.e.s.EligibilityEngineService       :    STEP 3: empType='Self Employed Professional' → normalized='Self Employed Professional', surrogate='NIP', product=BAJAJ-HL-0002
2026-07-06T17:57:40.762+05:30  INFO 42799 --- [pryme-backend] [           main] c.p.B.e.s.EligibilityEngineService       : ✅ Product BAJAJ-HL-0002 PASSED via condition lane [id=null, empType=Self Employed Professional/Self Employed Non Professional, surrogate=NIP]
2026-07-06T17:57:40.763+05:30  INFO 42799 --- [pryme-backend] [           main] c.p.B.e.s.EligibilityEngineService       : 🔍 CASCADE NIP CHECK: product=BAJAJ-HL-0002, nipEligible=false, nipMaxAmount=0, requestedAmount=3500000, nipReasons=[LTV_EXCEEDED: requested 3500000.00, allowed 0.00 (LTV limit: 0%)]
2026-07-06T17:57:40.763+05:30  INFO 42799 --- [pryme-backend] [           main] c.p.B.e.s.EligibilityEngineService       :    STEP 3: empType='Self Employed Professional' → normalized='Self Employed Professional', surrogate='SEP', product=BAJAJ-HL-0002
2026-07-06T17:57:40.763+05:30  WARN 42799 --- [pryme-backend] [           main] c.p.B.e.service.SurrogateIncomeResolver  : SEP multiplier not found for lender=Bajaj Prime, profession=, loanType=HL. Using default 1.5
2026-07-06T17:57:40.763+05:30  INFO 42799 --- [pryme-backend] [           main] c.p.B.e.s.EligibilityEngineService       : ✅ Product BAJAJ-HL-0002 PASSED via condition lane [id=null, empType=Self Employed Professional, surrogate=SEP]
2026-07-06T17:57:40.764+05:30  INFO 42799 --- [pryme-backend] [           main] c.p.B.e.s.EligibilityEngineService       : 🎯 Low LTV surrogate satisfied for product=BAJAJ-HL-0002
2026-07-06T17:57:40.765+05:30  INFO 42799 --- [pryme-backend] [           main] c.p.B.e.s.EligibilityEngineService       : 🚀 Initiating cascade evaluation for product=BAJAJ-HL-0001, lender=Bajaj Finance
2026-07-06T17:57:40.765+05:30  INFO 42799 --- [pryme-backend] [           main] c.p.B.e.s.EligibilityEngineService       :    STEP 3: empType='Salaried' → normalized='Salaried', surrogate='NIP', product=BAJAJ-HL-0001
2026-07-06T17:57:40.766+05:30  WARN 42799 --- [pryme-backend] [           main] c.p.B.e.s.EligibilityEngineService       : ❌ Product BAJAJ-HL-0001 REJECTED for applicant [cibil=680, empType=Salaried, propType=PLOT, age=25]. All 1 condition lanes failed. Reasons: [INCOME_FLOOR_FAILED: income=1 < required=30000 (condition=null, surrogate=NIP)]
2026-07-06T17:57:40.766+05:30  INFO 42799 --- [pryme-backend] [           main] c.p.B.e.s.EligibilityEngineService       : 🔍 CASCADE NIP CHECK: product=BAJAJ-HL-0001, nipEligible=false, nipMaxAmount=0, requestedAmount=3500000, nipReasons=[INCOME_FLOOR_FAILED: income=1 < required=30000 (condition=null, surrogate=NIP)]
2026-07-06T17:57:40.766+05:30  INFO 42799 --- [pryme-backend] [           main] c.p.B.e.s.EligibilityEngineService       : 🎯 Low LTV surrogate satisfied for product=BAJAJ-HL-0001
2026-07-06T17:57:40.767+05:30  INFO 42799 --- [pryme-backend] [           main] c.p.B.e.s.EligibilityEngineService       : 🚀 Initiating cascade evaluation for product=BAJAJ-HL-0002, lender=Bajaj Finance
2026-07-06T17:57:40.767+05:30  INFO 42799 --- [pryme-backend] [           main] c.p.B.e.s.EligibilityEngineService       :    STEP 3: empType='Self Employed Professional/Self Employed Non Professional' → normalized='Self Employed Non Professional', surrogate='NIP', product=BAJAJ-HL-0002
2026-07-06T17:57:40.767+05:30  WARN 42799 --- [pryme-backend] [           main] c.p.B.e.s.EligibilityEngineService       : ❌ Product BAJAJ-HL-0002 REJECTED for applicant [cibil=680, empType=Self Employed Professional/Self Employed Non Professional, propType=PLOT, age=25]. All 1 condition lanes failed. Reasons: [INCOME_FLOOR_FAILED: income=1 < required=30000 (condition=null, surrogate=NIP)]
2026-07-06T17:57:40.768+05:30  INFO 42799 --- [pryme-backend] [           main] c.p.B.e.s.EligibilityEngineService       : 🔍 CASCADE NIP CHECK: product=BAJAJ-HL-0002, nipEligible=false, nipMaxAmount=0, requestedAmount=3500000, nipReasons=[INCOME_FLOOR_FAILED: income=1 < required=30000 (condition=null, surrogate=NIP)]
2026-07-06T17:57:40.768+05:30  INFO 42799 --- [pryme-backend] [           main] c.p.B.e.s.EligibilityEngineService       : 🎯 Low LTV surrogate satisfied for product=BAJAJ-HL-0002
2026-07-06T17:57:40.769+05:30  INFO 42799 --- [pryme-backend] [           main] c.p.B.e.s.EligibilityEngineService       : 🚀 Initiating cascade evaluation for product=BAJAJ-HL-0002, lender=Bajaj Finance
2026-07-06T17:57:40.769+05:30  INFO 42799 --- [pryme-backend] [           main] c.p.B.e.s.EligibilityEngineService       :    STEP 3: empType='Self Employed Professional/Self Employed Non Professional' → normalized='Self Employed Non Professional', surrogate='NIP', product=BAJAJ-HL-0002
2026-07-06T17:57:40.769+05:30  INFO 42799 --- [pryme-backend] [           main] c.p.B.e.s.EligibilityEngineService       : ✅ Product BAJAJ-HL-0002 PASSED via condition lane [id=null, empType=Self Employed Professional/Self Employed Non Professional, surrogate=NIP]
2026-07-06T17:57:40.770+05:30  INFO 42799 --- [pryme-backend] [           main] c.p.B.e.s.EligibilityEngineService       : 🔍 CASCADE NIP CHECK: product=BAJAJ-HL-0002, nipEligible=false, nipMaxAmount=0, requestedAmount=3500000, nipReasons=[LTV_EXCEEDED: requested 3500000.00, allowed 0.00 (LTV limit: 0%)]
2026-07-06T17:57:40.770+05:30  INFO 42799 --- [pryme-backend] [           main] c.p.B.e.s.EligibilityEngineService       :    STEP 3: empType='Self Employed Professional/Self Employed Non Professional' → normalized='Self Employed Non Professional', surrogate='BANKING', product=BAJAJ-HL-0002
2026-07-06T17:57:40.770+05:30  INFO 42799 --- [pryme-backend] [           main] c.p.B.e.s.EligibilityEngineService       : ✅ Product BAJAJ-HL-0002 PASSED via condition lane [id=null, empType=Self Employed Professional/Self Employed Non Professional, surrogate=Banking]
2026-07-06T17:57:40.771+05:30  INFO 42799 --- [pryme-backend] [           main] c.p.B.e.s.EligibilityEngineService       : 🎯 Low LTV surrogate satisfied for product=BAJAJ-HL-0002
2026-07-06T17:57:40.771+05:30  INFO 42799 --- [pryme-backend] [           main] c.p.B.e.s.EligibilityEngineService       : 🚀 Initiating cascade evaluation for product=BAJAJ-HL-0002, lender=Bajaj Finance
2026-07-06T17:57:40.772+05:30  INFO 42799 --- [pryme-backend] [           main] c.p.B.e.s.EligibilityEngineService       :    STEP 3: empType='Self Employed Professional/Self Employed Non Professional' → normalized='Self Employed Non Professional', surrogate='NIP', product=BAJAJ-HL-0002
2026-07-06T17:57:40.772+05:30  INFO 42799 --- [pryme-backend] [           main] c.p.B.e.s.EligibilityEngineService       : ✅ Product BAJAJ-HL-0002 PASSED via condition lane [id=null, empType=Self Employed Professional/Self Employed Non Professional, surrogate=NIP]
2026-07-06T17:57:40.772+05:30  INFO 42799 --- [pryme-backend] [           main] c.p.B.e.s.EligibilityEngineService       : 🔍 CASCADE NIP CHECK: product=BAJAJ-HL-0002, nipEligible=false, nipMaxAmount=0, requestedAmount=3500000, nipReasons=[LTV_EXCEEDED: requested 3500000.00, allowed 0.00 (LTV limit: 0%)]
2026-07-06T17:57:40.772+05:30  INFO 42799 --- [pryme-backend] [           main] c.p.B.e.s.EligibilityEngineService       :    STEP 3: empType='Self Employed Professional/Self Employed Non Professional' → normalized='Self Employed Non Professional', surrogate='GST', product=BAJAJ-HL-0002
2026-07-06T17:57:40.772+05:30  INFO 42799 --- [pryme-backend] [           main] c.p.B.e.s.EligibilityEngineService       : ✅ Product BAJAJ-HL-0002 PASSED via condition lane [id=null, empType=Self Employed Professional/Self Employed Non Professional, surrogate=GST]
2026-07-06T17:57:40.773+05:30  INFO 42799 --- [pryme-backend] [           main] c.p.B.e.s.EligibilityEngineService       : 🎯 Low LTV surrogate satisfied for product=BAJAJ-HL-0002
2026-07-06T17:57:40.774+05:30  INFO 42799 --- [pryme-backend] [           main] c.p.B.e.s.EligibilityEngineService       : 🚀 Initiating cascade evaluation for product=BAJAJ-HL-0002, lender=Bajaj Finance
2026-07-06T17:57:40.774+05:30  INFO 42799 --- [pryme-backend] [           main] c.p.B.e.s.EligibilityEngineService       :    STEP 3: empType='Self Employed Professional/Self Employed Non Professional' → normalized='Self Employed Non Professional', surrogate='NIP', product=BAJAJ-HL-0002
2026-07-06T17:57:40.774+05:30  INFO 42799 --- [pryme-backend] [           main] c.p.B.e.s.EligibilityEngineService       : ✅ Product BAJAJ-HL-0002 PASSED via condition lane [id=null, empType=Self Employed Professional/Self Employed Non Professional, surrogate=NIP]
2026-07-06T17:57:40.774+05:30  INFO 42799 --- [pryme-backend] [           main] c.p.B.e.s.EligibilityEngineService       : 🔍 CASCADE NIP CHECK: product=BAJAJ-HL-0002, nipEligible=false, nipMaxAmount=0, requestedAmount=3500000, nipReasons=[LTV_EXCEEDED: requested 3500000.00, allowed 0.00 (LTV limit: 0%)]
2026-07-06T17:57:40.775+05:30  INFO 42799 --- [pryme-backend] [           main] c.p.B.e.s.EligibilityEngineService       :    STEP 3: empType='Self Employed Professional/Self Employed Non Professional' → normalized='Self Employed Non Professional', surrogate='GST', product=BAJAJ-HL-0002
2026-07-06T17:57:40.775+05:30  INFO 42799 --- [pryme-backend] [           main] c.p.B.e.s.EligibilityEngineService       : ✅ Product BAJAJ-HL-0002 PASSED via condition lane [id=null, empType=Self Employed Professional/Self Employed Non Professional, surrogate=GST]
2026-07-06T17:57:40.775+05:30  INFO 42799 --- [pryme-backend] [           main] c.p.B.e.s.EligibilityEngineService       : 🎯 Low LTV surrogate satisfied for product=BAJAJ-HL-0002
2026-07-06T17:57:40.776+05:30  INFO 42799 --- [pryme-backend] [           main] c.p.B.e.s.EligibilityEngineService       : 🚀 Initiating cascade evaluation for product=YES-HL-0001, lender=YES BANK
2026-07-06T17:57:40.777+05:30  INFO 42799 --- [pryme-backend] [           main] c.p.B.e.s.EligibilityEngineService       :    STEP 3: empType='Salaried' → normalized='Salaried', surrogate='NIP', product=YES-HL-0001
2026-07-06T17:57:40.777+05:30  INFO 42799 --- [pryme-backend] [           main] c.p.B.e.s.EligibilityEngineService       : ✅ Product YES-HL-0001 PASSED via condition lane [id=null, empType=Salaried, surrogate=NIP]
2026-07-06T17:57:40.777+05:30  INFO 42799 --- [pryme-backend] [           main] c.p.B.e.s.EligibilityEngineService       : 🔍 CASCADE NIP CHECK: product=YES-HL-0001, nipEligible=false, nipMaxAmount=0, requestedAmount=2500000, nipReasons=[LTV_EXCEEDED: requested 2500000.00, allowed 0.00 (LTV limit: 0%)]
2026-07-06T17:57:40.778+05:30  INFO 42799 --- [pryme-backend] [           main] c.p.B.e.s.EligibilityEngineService       : 🚀 Initiating cascade evaluation for product=YES-HL-0002, lender=YES BANK
2026-07-06T17:57:40.779+05:30  INFO 42799 --- [pryme-backend] [           main] c.p.B.e.s.EligibilityEngineService       :    STEP 3: empType='Self Employed Professional/Self Employed Non Professional' → normalized='Self Employed Non Professional', surrogate='NIP', product=YES-HL-0002
2026-07-06T17:57:40.779+05:30  INFO 42799 --- [pryme-backend] [           main] c.p.B.e.s.EligibilityEngineService       : ✅ Product YES-HL-0002 PASSED via condition lane [id=null, empType=Self Employed Professional/Self Employed Non Professional, surrogate=NIP]
2026-07-06T17:57:40.780+05:30  INFO 42799 --- [pryme-backend] [           main] c.p.B.e.s.EligibilityEngineService       : 🔍 CASCADE NIP CHECK: product=YES-HL-0002, nipEligible=false, nipMaxAmount=0, requestedAmount=2500000, nipReasons=[LTV_EXCEEDED: requested 2500000.00, allowed 0.00 (LTV limit: 0%)]
2026-07-06T17:57:40.781+05:30  INFO 42799 --- [pryme-backend] [           main] c.p.B.e.s.EligibilityEngineService       : 🚀 Initiating cascade evaluation for product=YES-HL-0002, lender=YES BANK
2026-07-06T17:57:40.781+05:30  INFO 42799 --- [pryme-backend] [           main] c.p.B.e.s.EligibilityEngineService       :    STEP 3: empType='Self Employed Professional/Self Employed Non Professional' → normalized='Self Employed Non Professional', surrogate='NIP', product=YES-HL-0002
2026-07-06T17:57:40.781+05:30  WARN 42799 --- [pryme-backend] [           main] c.p.B.e.s.EligibilityEngineService       : ❌ Product YES-HL-0002 REJECTED for applicant [cibil=680, empType=Self Employed Professional/Self Employed Non Professional, propType=PLOT, age=25]. All 1 condition lanes failed. Reasons: [INCOME_FLOOR_FAILED: income=1 < required=40000 (condition=null, surrogate=NIP)]
2026-07-06T17:57:40.781+05:30  INFO 42799 --- [pryme-backend] [           main] c.p.B.e.s.EligibilityEngineService       : 🔍 CASCADE NIP CHECK: product=YES-HL-0002, nipEligible=false, nipMaxAmount=0, requestedAmount=2500000, nipReasons=[INCOME_FLOOR_FAILED: income=1 < required=40000 (condition=null, surrogate=NIP)]
2026-07-06T17:57:40.782+05:30  INFO 42799 --- [pryme-backend] [           main] c.p.B.e.s.EligibilityEngineService       : 🎯 Low LTV surrogate satisfied for product=YES-HL-0002
2026-07-06T17:57:40.782+05:30  INFO 42799 --- [pryme-backend] [           main] c.p.B.e.s.EligibilityEngineService       : 🚀 Initiating cascade evaluation for product=YES-HL-0001, lender=YES BANK
2026-07-06T17:57:40.782+05:30  INFO 42799 --- [pryme-backend] [           main] c.p.B.e.s.EligibilityEngineService       :    STEP 3: empType='Self Employed Professional' → normalized='Self Employed Professional', surrogate='NIP', product=YES-HL-0001
2026-07-06T17:57:40.782+05:30  INFO 42799 --- [pryme-backend] [           main] c.p.B.e.s.EligibilityEngineService       : ✅ Product YES-HL-0001 PASSED via condition lane [id=null, empType=Self Employed Professional/Self Employed Non Professional, surrogate=NIP]
2026-07-06T17:57:40.783+05:30  INFO 42799 --- [pryme-backend] [           main] c.p.B.e.s.EligibilityEngineService       : 🔍 CASCADE NIP CHECK: product=YES-HL-0001, nipEligible=false, nipMaxAmount=0, requestedAmount=2500000, nipReasons=[LTV_EXCEEDED: requested 2500000.00, allowed 0.00 (LTV limit: 0%)]
2026-07-06T17:57:40.783+05:30  INFO 42799 --- [pryme-backend] [           main] c.p.B.e.s.EligibilityEngineService       :    STEP 3: empType='Self Employed Professional' → normalized='Self Employed Professional', surrogate='SEP', product=YES-HL-0001
2026-07-06T17:57:40.783+05:30  WARN 42799 --- [pryme-backend] [           main] c.p.B.e.service.SurrogateIncomeResolver  : SEP multiplier not found for lender=YES BANK, profession=, loanType=HL. Using default 1.5
2026-07-06T17:57:40.783+05:30  INFO 42799 --- [pryme-backend] [           main] c.p.B.e.s.EligibilityEngineService       : ✅ Product YES-HL-0001 PASSED via condition lane [id=null, empType=Self Employed Professional, surrogate=SEP]
2026-07-06T17:57:40.784+05:30  INFO 42799 --- [pryme-backend] [           main] c.p.B.e.s.EligibilityEngineService       : 🚀 Initiating cascade evaluation for product=YES-HL-0001, lender=YES BANK
2026-07-06T17:57:40.784+05:30  INFO 42799 --- [pryme-backend] [           main] c.p.B.e.s.EligibilityEngineService       :    STEP 3: empType='Self Employed Professional' → normalized='Self Employed Professional', surrogate='NIP', product=YES-HL-0001
2026-07-06T17:57:40.784+05:30  INFO 42799 --- [pryme-backend] [           main] c.p.B.e.s.EligibilityEngineService       : ✅ Product YES-HL-0001 PASSED via condition lane [id=null, empType=Self Employed Professional/Self Employed Non Professional, surrogate=NIP]
2026-07-06T17:57:40.785+05:30  INFO 42799 --- [pryme-backend] [           main] c.p.B.e.s.EligibilityEngineService       : 🔍 CASCADE NIP CHECK: product=YES-HL-0001, nipEligible=false, nipMaxAmount=0, requestedAmount=2500000, nipReasons=[LTV_EXCEEDED: requested 2500000.00, allowed 0.00 (LTV limit: 0%)]
2026-07-06T17:57:40.785+05:30  INFO 42799 --- [pryme-backend] [           main] c.p.B.e.s.EligibilityEngineService       :    STEP 3: empType='Self Employed Professional' → normalized='Self Employed Professional', surrogate='SEP', product=YES-HL-0001
2026-07-06T17:57:40.785+05:30  WARN 42799 --- [pryme-backend] [           main] c.p.B.e.service.SurrogateIncomeResolver  : SEP multiplier not found for lender=YES BANK, profession=, loanType=HL. Using default 1.5
2026-07-06T17:57:40.785+05:30  INFO 42799 --- [pryme-backend] [           main] c.p.B.e.s.EligibilityEngineService       : ✅ Product YES-HL-0001 PASSED via condition lane [id=null, empType=Self Employed Professional, surrogate=SEP]
2026-07-06T17:57:40.786+05:30  INFO 42799 --- [pryme-backend] [           main] c.p.B.e.s.EligibilityEngineService       : 🚀 Initiating cascade evaluation for product=YES-HL-0001, lender=YES BANK
2026-07-06T17:57:40.786+05:30  INFO 42799 --- [pryme-backend] [           main] c.p.B.e.s.EligibilityEngineService       :    STEP 3: empType='Self Employed Professional' → normalized='Self Employed Professional', surrogate='NIP', product=YES-HL-0001
2026-07-06T17:57:40.786+05:30  INFO 42799 --- [pryme-backend] [           main] c.p.B.e.s.EligibilityEngineService       : ✅ Product YES-HL-0001 PASSED via condition lane [id=null, empType=Self Employed Professional/Self Employed Non Professional, surrogate=NIP]
2026-07-06T17:57:40.786+05:30  INFO 42799 --- [pryme-backend] [           main] c.p.B.e.s.EligibilityEngineService       : 🔍 CASCADE NIP CHECK: product=YES-HL-0001, nipEligible=false, nipMaxAmount=0, requestedAmount=2500000, nipReasons=[LTV_EXCEEDED: requested 2500000.00, allowed 0.00 (LTV limit: 0%)]
2026-07-06T17:57:40.786+05:30  WARN 42799 --- [pryme-backend] [           main] c.p.B.e.s.EligibilityEngineService       : Unknown program type name: CPMSEP. Falling back to NIP.
2026-07-06T17:57:40.787+05:30  INFO 42799 --- [pryme-backend] [           main] c.p.B.e.s.EligibilityEngineService       :    STEP 3: empType='Self Employed Professional' → normalized='Self Employed Professional', surrogate='CPMSEP', product=YES-HL-0001
2026-07-06T17:57:40.787+05:30  WARN 42799 --- [pryme-backend] [           main] c.p.B.e.s.EligibilityEngineService       : Surrogate program 'CPMSEP' evaluation failed for product=YES-HL-0001: No surrogate policy found for program: CPMSEP
2026-07-06T17:57:40.787+05:30  INFO 42799 --- [pryme-backend] [           main] c.p.B.e.s.EligibilityEngineService       : 🚀 Initiating cascade evaluation for product=YES-HL-0001, lender=YES BANK
2026-07-06T17:57:40.787+05:30  INFO 42799 --- [pryme-backend] [           main] c.p.B.e.s.EligibilityEngineService       :    STEP 3: empType='Self Employed Professional' → normalized='Self Employed Professional', surrogate='NIP', product=YES-HL-0001
2026-07-06T17:57:40.788+05:30  INFO 42799 --- [pryme-backend] [           main] c.p.B.e.s.EligibilityEngineService       : ✅ Product YES-HL-0001 PASSED via condition lane [id=null, empType=Self Employed Professional/Self Employed Non Professional, surrogate=NIP]
2026-07-06T17:57:40.788+05:30  INFO 42799 --- [pryme-backend] [           main] c.p.B.e.s.EligibilityEngineService       : 🔍 CASCADE NIP CHECK: product=YES-HL-0001, nipEligible=false, nipMaxAmount=0, requestedAmount=2500000, nipReasons=[LTV_EXCEEDED: requested 2500000.00, allowed 0.00 (LTV limit: 0%)]
2026-07-06T17:57:40.788+05:30  WARN 42799 --- [pryme-backend] [           main] c.p.B.e.s.EligibilityEngineService       : Unknown program type name: CPMSEP. Falling back to NIP.
2026-07-06T17:57:40.788+05:30  INFO 42799 --- [pryme-backend] [           main] c.p.B.e.s.EligibilityEngineService       :    STEP 3: empType='Self Employed Professional' → normalized='Self Employed Professional', surrogate='CPMSEP', product=YES-HL-0001
2026-07-06T17:57:40.788+05:30  WARN 42799 --- [pryme-backend] [           main] c.p.B.e.s.EligibilityEngineService       : Surrogate program 'CPMSEP' evaluation failed for product=YES-HL-0001: No surrogate policy found for program: CPMSEP
2026-07-06T17:57:40.789+05:30  INFO 42799 --- [pryme-backend] [           main] c.p.B.e.s.EligibilityEngineService       : 🚀 Initiating cascade evaluation for product=YES-HL-0002, lender=YES BANK
2026-07-06T17:57:40.789+05:30  INFO 42799 --- [pryme-backend] [           main] c.p.B.e.s.EligibilityEngineService       :    STEP 3: empType='Self Employed Professional/Self Employed Non Professional' → normalized='Self Employed Non Professional', surrogate='NIP', product=YES-HL-0002
2026-07-06T17:57:40.789+05:30  INFO 42799 --- [pryme-backend] [           main] c.p.B.e.s.EligibilityEngineService       : ✅ Product YES-HL-0002 PASSED via condition lane [id=null, empType=Self Employed Professional/Self Employed Non Professional, surrogate=NIP]
2026-07-06T17:57:40.789+05:30  INFO 42799 --- [pryme-backend] [           main] c.p.B.e.s.EligibilityEngineService       : 🔍 CASCADE NIP CHECK: product=YES-HL-0002, nipEligible=false, nipMaxAmount=0, requestedAmount=2500000, nipReasons=[LTV_EXCEEDED: requested 2500000.00, allowed 0.00 (LTV limit: 0%)]
2026-07-06T17:57:40.789+05:30  INFO 42799 --- [pryme-backend] [           main] c.p.B.e.s.EligibilityEngineService       :    STEP 3: empType='Self Employed Professional/Self Employed Non Professional' → normalized='Self Employed Non Professional', surrogate='BANKING', product=YES-HL-0002
2026-07-06T17:57:40.789+05:30  INFO 42799 --- [pryme-backend] [           main] c.p.B.e.s.EligibilityEngineService       : ✅ Product YES-HL-0002 PASSED via condition lane [id=null, empType=Self Employed Professional/Self Employed Non Professional, surrogate=Banking]
2026-07-06T17:57:40.790+05:30  INFO 42799 --- [pryme-backend] [           main] c.p.B.e.s.EligibilityEngineService       : 🚀 Initiating cascade evaluation for product=YES-HL-0002, lender=YES BANK
2026-07-06T17:57:40.791+05:30  INFO 42799 --- [pryme-backend] [           main] c.p.B.e.s.EligibilityEngineService       :    STEP 3: empType='Self Employed Professional/Self Employed Non Professional' → normalized='Self Employed Non Professional', surrogate='NIP', product=YES-HL-0002
2026-07-06T17:57:40.791+05:30  INFO 42799 --- [pryme-backend] [           main] c.p.B.e.s.EligibilityEngineService       : ✅ Product YES-HL-0002 PASSED via condition lane [id=null, empType=Self Employed Professional/Self Employed Non Professional, surrogate=NIP]
2026-07-06T17:57:40.791+05:30  INFO 42799 --- [pryme-backend] [           main] c.p.B.e.s.EligibilityEngineService       : 🔍 CASCADE NIP CHECK: product=YES-HL-0002, nipEligible=false, nipMaxAmount=0, requestedAmount=2500000, nipReasons=[LTV_EXCEEDED: requested 2500000.00, allowed 0.00 (LTV limit: 0%)]
2026-07-06T17:57:40.791+05:30  INFO 42799 --- [pryme-backend] [           main] c.p.B.e.s.EligibilityEngineService       :    STEP 3: empType='Self Employed Professional/Self Employed Non Professional' → normalized='Self Employed Non Professional', surrogate='GST', product=YES-HL-0002
2026-07-06T17:57:40.791+05:30  INFO 42799 --- [pryme-backend] [           main] c.p.B.e.s.EligibilityEngineService       : ✅ Product YES-HL-0002 PASSED via condition lane [id=null, empType=Self Employed Professional/Self Employed Non Professional, surrogate=GST]
2026-07-06T17:57:40.792+05:30  INFO 42799 --- [pryme-backend] [           main] c.p.B.e.s.EligibilityEngineService       : 🚀 Initiating cascade evaluation for product=HDFC-HL-0001, lender=HDFC Bank
2026-07-06T17:57:40.793+05:30  INFO 42799 --- [pryme-backend] [           main] c.p.B.e.s.EligibilityEngineService       :    STEP 3: empType='Salaried' → normalized='Salaried', surrogate='NIP', product=HDFC-HL-0001
2026-07-06T17:57:40.793+05:30  INFO 42799 --- [pryme-backend] [           main] c.p.B.e.s.EligibilityEngineService       : ✅ Product HDFC-HL-0001 PASSED via condition lane [id=null, empType=Salaried, surrogate=NIP]
2026-07-06T17:57:40.793+05:30  INFO 42799 --- [pryme-backend] [           main] c.p.B.e.s.EligibilityEngineService       : 🔍 CASCADE NIP CHECK: product=HDFC-HL-0001, nipEligible=false, nipMaxAmount=0, requestedAmount=2500000, nipReasons=[LTV_EXCEEDED: requested 2500000.00, allowed 0.00 (LTV limit: 0%)]
2026-07-06T17:57:40.794+05:30  INFO 42799 --- [pryme-backend] [           main] c.p.B.e.s.EligibilityEngineService       : 🎯 Low LTV surrogate satisfied for product=HDFC-HL-0001
2026-07-06T17:57:40.794+05:30  INFO 42799 --- [pryme-backend] [           main] c.p.B.e.s.EligibilityEngineService       : 🚀 Initiating cascade evaluation for product=HDFC-HL-0001, lender=HDFC Bank
2026-07-06T17:57:40.794+05:30  INFO 42799 --- [pryme-backend] [           main] c.p.B.e.s.EligibilityEngineService       :    STEP 3: empType='Salaried' → normalized='Salaried', surrogate='NIP', product=HDFC-HL-0001
2026-07-06T17:57:40.794+05:30  INFO 42799 --- [pryme-backend] [           main] c.p.B.e.s.EligibilityEngineService       : ✅ Product HDFC-HL-0001 PASSED via condition lane [id=null, empType=Salaried, surrogate=NIP]
2026-07-06T17:57:40.795+05:30  INFO 42799 --- [pryme-backend] [           main] c.p.B.e.s.EligibilityEngineService       : 🔍 CASCADE NIP CHECK: product=HDFC-HL-0001, nipEligible=false, nipMaxAmount=0, requestedAmount=2500000, nipReasons=[LTV_EXCEEDED: requested 2500000.00, allowed 0.00 (LTV limit: 0%)]
2026-07-06T17:57:40.795+05:30  INFO 42799 --- [pryme-backend] [           main] c.p.B.e.s.EligibilityEngineService       : 🚀 Initiating cascade evaluation for product=HDFC-HL-0001, lender=HDFC Bank
2026-07-06T17:57:40.795+05:30  INFO 42799 --- [pryme-backend] [           main] c.p.B.e.s.EligibilityEngineService       :    STEP 3: empType='Salaried' → normalized='Salaried', surrogate='NIP', product=HDFC-HL-0001
2026-07-06T17:57:40.796+05:30  INFO 42799 --- [pryme-backend] [           main] c.p.B.e.s.EligibilityEngineService       : ✅ Product HDFC-HL-0001 PASSED via condition lane [id=null, empType=Salaried, surrogate=NIP]
2026-07-06T17:57:40.796+05:30  INFO 42799 --- [pryme-backend] [           main] c.p.B.e.s.EligibilityEngineService       : 🔍 CASCADE NIP CHECK: product=HDFC-HL-0001, nipEligible=false, nipMaxAmount=0, requestedAmount=2500000, nipReasons=[LTV_EXCEEDED: requested 2500000.00, allowed 0.00 (LTV limit: 0%)]
2026-07-06T17:57:40.797+05:30  INFO 42799 --- [pryme-backend] [           main] c.p.B.e.s.EligibilityEngineService       : 🚀 Initiating cascade evaluation for product=HDFC-HL-0002, lender=HDFC Bank
2026-07-06T17:57:40.797+05:30  INFO 42799 --- [pryme-backend] [           main] c.p.B.e.s.EligibilityEngineService       :    STEP 3: empType='Self Employed Professional/Self Employed Non Professional' → normalized='Self Employed Non Professional', surrogate='NIP', product=HDFC-HL-0002
2026-07-06T17:57:40.797+05:30  INFO 42799 --- [pryme-backend] [           main] c.p.B.e.s.EligibilityEngineService       : ✅ Product HDFC-HL-0002 PASSED via condition lane [id=null, empType=Self Employed Professional/Self Employed Non Professional, surrogate=NIP]
2026-07-06T17:57:40.798+05:30  INFO 42799 --- [pryme-backend] [           main] c.p.B.e.s.EligibilityEngineService       : 🔍 CASCADE NIP CHECK: product=HDFC-HL-0002, nipEligible=false, nipMaxAmount=0, requestedAmount=2500000, nipReasons=[LTV_EXCEEDED: requested 2500000.00, allowed 0.00 (LTV limit: 0%)]
2026-07-06T17:57:40.798+05:30  INFO 42799 --- [pryme-backend] [           main] c.p.B.e.s.EligibilityEngineService       : 🎯 Low LTV surrogate satisfied for product=HDFC-HL-0002
2026-07-06T17:57:40.798+05:30  INFO 42799 --- [pryme-backend] [           main] c.p.B.e.s.EligibilityEngineService       : 🚀 Initiating cascade evaluation for product=HDFC-HL-0002, lender=HDFC Bank
2026-07-06T17:57:40.798+05:30  INFO 42799 --- [pryme-backend] [           main] c.p.B.e.s.EligibilityEngineService       :    STEP 3: empType='Self Employed Professional/Self Employed Non Professional' → normalized='Self Employed Non Professional', surrogate='NIP', product=HDFC-HL-0002
2026-07-06T17:57:40.799+05:30  INFO 42799 --- [pryme-backend] [           main] c.p.B.e.s.EligibilityEngineService       : ✅ Product HDFC-HL-0002 PASSED via condition lane [id=null, empType=Self Employed Professional/Self Employed Non Professional, surrogate=NIP]
2026-07-06T17:57:40.799+05:30  INFO 42799 --- [pryme-backend] [           main] c.p.B.e.s.EligibilityEngineService       : 🔍 CASCADE NIP CHECK: product=HDFC-HL-0002, nipEligible=false, nipMaxAmount=0, requestedAmount=2500000, nipReasons=[LTV_EXCEEDED: requested 2500000.00, allowed 0.00 (LTV limit: 0%)]
2026-07-06T17:57:40.800+05:30  INFO 42799 --- [pryme-backend] [           main] c.p.B.e.s.EligibilityEngineService       : 🚀 Initiating cascade evaluation for product=HDFC-HL-0002, lender=HDFC Bank
2026-07-06T17:57:40.800+05:30  INFO 42799 --- [pryme-backend] [           main] c.p.B.e.s.EligibilityEngineService       :    STEP 3: empType='Self Employed Professional/Self Employed Non Professional' → normalized='Self Employed Non Professional', surrogate='NIP', product=HDFC-HL-0002
2026-07-06T17:57:40.800+05:30  INFO 42799 --- [pryme-backend] [           main] c.p.B.e.s.EligibilityEngineService       : ✅ Product HDFC-HL-0002 PASSED via condition lane [id=null, empType=Self Employed Professional/Self Employed Non Professional, surrogate=NIP]
2026-07-06T17:57:40.800+05:30  INFO 42799 --- [pryme-backend] [           main] c.p.B.e.s.EligibilityEngineService       : 🔍 CASCADE NIP CHECK: product=HDFC-HL-0002, nipEligible=false, nipMaxAmount=0, requestedAmount=2500000, nipReasons=[LTV_EXCEEDED: requested 2500000.00, allowed 0.00 (LTV limit: 0%)]
2026-07-06T17:57:40.801+05:30  INFO 42799 --- [pryme-backend] [           main] c.p.B.e.s.EligibilityEngineService       : 🚀 Initiating cascade evaluation for product=HDFC-HL-0002, lender=HDFC Bank
2026-07-06T17:57:40.801+05:30  INFO 42799 --- [pryme-backend] [           main] c.p.B.e.s.EligibilityEngineService       :    STEP 3: empType='Self Employed Professional/Self Employed Non Professional' → normalized='Self Employed Non Professional', surrogate='NIP', product=HDFC-HL-0002
2026-07-06T17:57:40.801+05:30  INFO 42799 --- [pryme-backend] [           main] c.p.B.e.s.EligibilityEngineService       : ✅ Product HDFC-HL-0002 PASSED via condition lane [id=null, empType=Self Employed Professional/Self Employed Non Professional, surrogate=NIP]
2026-07-06T17:57:40.801+05:30  INFO 42799 --- [pryme-backend] [           main] c.p.B.e.s.EligibilityEngineService       : 🔍 CASCADE NIP CHECK: product=HDFC-HL-0002, nipEligible=false, nipMaxAmount=0, requestedAmount=2500000, nipReasons=[LTV_EXCEEDED: requested 2500000.00, allowed 0.00 (LTV limit: 0%)]
2026-07-06T17:57:40.801+05:30  INFO 42799 --- [pryme-backend] [           main] c.p.B.e.s.EligibilityEngineService       :    STEP 3: empType='Self Employed Professional/Self Employed Non Professional' → normalized='Self Employed Non Professional', surrogate='GST', product=HDFC-HL-0002
2026-07-06T17:57:40.802+05:30  WARN 42799 --- [pryme-backend] [           main] c.p.B.e.s.EligibilityEngineService       : ❌ Product HDFC-HL-0002 REJECTED for applicant [cibil=750, empType=Self Employed Professional/Self Employed Non Professional, propType=PLOT, age=25]. All 1 condition lanes failed. Reasons: [BIZ_VINTAGE_LOW: businessAge=3 < required=5 (condition=null, surrogate=GST)]
2026-07-06T17:57:40.802+05:30  INFO 42799 --- [pryme-backend] [           main] c.p.B.e.s.EligibilityEngineService       : 🚀 Initiating cascade evaluation for product=JIO-HL-0001, lender=JIO Finance
2026-07-06T17:57:40.803+05:30  INFO 42799 --- [pryme-backend] [           main] c.p.B.e.s.EligibilityEngineService       :    STEP 3: empType='Salaried' → normalized='Salaried', surrogate='NIP', product=JIO-HL-0001
2026-07-06T17:57:40.803+05:30  INFO 42799 --- [pryme-backend] [           main] c.p.B.e.s.EligibilityEngineService       : ✅ Product JIO-HL-0001 PASSED via condition lane [id=null, empType=Salaried, surrogate=NIP]
2026-07-06T17:57:41.298+05:30  INFO 42799 --- [pryme-backend] [           main] c.p.B.e.s.EligibilityEngineService       : 🔍 CASCADE NIP CHECK: product=JIO-HL-0001, nipEligible=false, nipMaxAmount=0, requestedAmount=3000000, nipReasons=[FOIR exceeded: effective limit is 55%]
2026-07-06T17:57:41.720+05:30  INFO 42799 --- [pryme-backend] [           main] c.p.B.e.s.EligibilityEngineService       : 🎯 Low LTV surrogate satisfied for product=JIO-HL-0001
2026-07-06T17:57:41.863+05:30  INFO 42799 --- [pryme-backend] [           main] c.p.B.e.s.EligibilityEngineService       : 🚀 Initiating cascade evaluation for product=JIO-HL-0002, lender=JIO Finance
2026-07-06T17:57:41.863+05:30  INFO 42799 --- [pryme-backend] [           main] c.p.B.e.s.EligibilityEngineService       :    STEP 3: empType='Self Employed Professional/Self Employed Non Professional' → normalized='Self Employed Non Professional', surrogate='NIP', product=JIO-HL-0002
2026-07-06T17:57:41.864+05:30  INFO 42799 --- [pryme-backend] [           main] c.p.B.e.s.EligibilityEngineService       : ✅ Product JIO-HL-0002 PASSED via condition lane [id=null, empType=Self Employed Professional/Self Employed Non Professional, surrogate=NIP]
2026-07-06T17:57:42.287+05:30  INFO 42799 --- [pryme-backend] [           main] c.p.B.e.s.EligibilityEngineService       : 🔍 CASCADE NIP CHECK: product=JIO-HL-0002, nipEligible=false, nipMaxAmount=0, requestedAmount=3000000, nipReasons=[LTV_EXCEEDED: requested 3000000.00, allowed 0.00 (LTV limit: 0%)]
2026-07-06T17:57:42.709+05:30  INFO 42799 --- [pryme-backend] [           main] c.p.B.e.s.EligibilityEngineService       : 🎯 Low LTV surrogate satisfied for product=JIO-HL-0002
2026-07-06T17:57:42.851+05:30  INFO 42799 --- [pryme-backend] [           main] c.p.B.e.s.EligibilityEngineService       : 🚀 Initiating cascade evaluation for product=JIO-HL-0001, lender=JIO Finance
2026-07-06T17:57:42.852+05:30  INFO 42799 --- [pryme-backend] [           main] c.p.B.e.s.EligibilityEngineService       :    STEP 3: empType='Salaried' → normalized='Salaried', surrogate='NIP', product=JIO-HL-0001
2026-07-06T17:57:42.852+05:30  WARN 42799 --- [pryme-backend] [           main] c.p.B.e.s.EligibilityEngineService       : ❌ Product JIO-HL-0001 REJECTED for applicant [cibil=650, empType=Salaried, propType=FLAT, age=24]. All 1 condition lanes failed. Reasons: [INCOME_FLOOR_FAILED: income=1 < required=40000 (condition=null, surrogate=NIP)]
2026-07-06T17:57:42.852+05:30  INFO 42799 --- [pryme-backend] [           main] c.p.B.e.s.EligibilityEngineService       : 🔍 CASCADE NIP CHECK: product=JIO-HL-0001, nipEligible=false, nipMaxAmount=0, requestedAmount=3000000, nipReasons=[INCOME_FLOOR_FAILED: income=1 < required=40000 (condition=null, surrogate=NIP)]
2026-07-06T17:57:43.274+05:30  INFO 42799 --- [pryme-backend] [           main] c.p.B.e.s.EligibilityEngineService       : 🎯 Low LTV surrogate satisfied for product=JIO-HL-0001
2026-07-06T17:57:43.274+05:30  INFO 42799 --- [pryme-backend] [           main] c.p.B.e.s.EligibilityEngineService       : 🚀 Initiating cascade evaluation for product=JIO-HL-0002, lender=JIO Finance
2026-07-06T17:57:43.274+05:30  INFO 42799 --- [pryme-backend] [           main] c.p.B.e.s.EligibilityEngineService       :    STEP 3: empType='Self Employed Professional/Self Employed Non Professional' → normalized='Self Employed Non Professional', surrogate='NIP', product=JIO-HL-0002
2026-07-06T17:57:43.274+05:30  WARN 42799 --- [pryme-backend] [           main] c.p.B.e.s.EligibilityEngineService       : ❌ Product JIO-HL-0002 REJECTED for applicant [cibil=650, empType=Self Employed Professional/Self Employed Non Professional, propType=FLAT, age=24]. All 1 condition lanes failed. Reasons: [INCOME_FLOOR_FAILED: income=1 < required=40000 (condition=null, surrogate=NIP)]
2026-07-06T17:57:43.275+05:30  INFO 42799 --- [pryme-backend] [           main] c.p.B.e.s.EligibilityEngineService       : 🔍 CASCADE NIP CHECK: product=JIO-HL-0002, nipEligible=false, nipMaxAmount=0, requestedAmount=3000000, nipReasons=[INCOME_FLOOR_FAILED: income=1 < required=40000 (condition=null, surrogate=NIP)]
2026-07-06T17:57:43.697+05:30  INFO 42799 --- [pryme-backend] [           main] c.p.B.e.s.EligibilityEngineService       : 🎯 Low LTV surrogate satisfied for product=JIO-HL-0002
2026-07-06T17:57:43.698+05:30  INFO 42799 --- [pryme-backend] [           main] c.p.B.e.s.EligibilityEngineService       : 🚀 Initiating cascade evaluation for product=JIO-HL-0001, lender=JIO Finance
2026-07-06T17:57:43.698+05:30  INFO 42799 --- [pryme-backend] [           main] c.p.B.e.s.EligibilityEngineService       :    STEP 3: empType='Self Employed Professional' → normalized='Self Employed Professional', surrogate='NIP', product=JIO-HL-0001
2026-07-06T17:57:43.698+05:30  INFO 42799 --- [pryme-backend] [           main] c.p.B.e.s.EligibilityEngineService       : ✅ Product JIO-HL-0001 PASSED via condition lane [id=null, empType=Self Employed Professional/Self Employed Non Professional, surrogate=NIP]
2026-07-06T17:57:44.122+05:30  INFO 42799 --- [pryme-backend] [           main] c.p.B.e.s.EligibilityEngineService       : 🔍 CASCADE NIP CHECK: product=JIO-HL-0001, nipEligible=false, nipMaxAmount=0, requestedAmount=3000000, nipReasons=[LTV_EXCEEDED: requested 3000000.00, allowed 0.00 (LTV limit: 0%)]
2026-07-06T17:57:44.123+05:30  INFO 42799 --- [pryme-backend] [           main] c.p.B.e.s.EligibilityEngineService       :    STEP 3: empType='Self Employed Professional' → normalized='Self Employed Professional', surrogate='SEP', product=JIO-HL-0001
2026-07-06T17:57:44.123+05:30  WARN 42799 --- [pryme-backend] [           main] c.p.B.e.service.SurrogateIncomeResolver  : SEP multiplier not found for lender=JIO Finance, profession=, loanType=HL. Using default 1.5
2026-07-06T17:57:44.123+05:30  INFO 42799 --- [pryme-backend] [           main] c.p.B.e.s.EligibilityEngineService       : ✅ Product JIO-HL-0001 PASSED via condition lane [id=null, empType=Self Employed Professional, surrogate=SEP]
2026-07-06T17:57:44.969+05:30  INFO 42799 --- [pryme-backend] [           main] c.p.B.e.s.EligibilityEngineService       : 🎯 Low LTV surrogate satisfied for product=JIO-HL-0001
2026-07-06T17:57:44.969+05:30  INFO 42799 --- [pryme-backend] [           main] c.p.B.e.s.EligibilityEngineService       : 🚀 Initiating cascade evaluation for product=JIO-HL-0002, lender=JIO Finance
2026-07-06T17:57:44.969+05:30  INFO 42799 --- [pryme-backend] [           main] c.p.B.e.s.EligibilityEngineService       :    STEP 3: empType='Self Employed Professional/Self Employed Non Professional' → normalized='Self Employed Non Professional', surrogate='NIP', product=JIO-HL-0002
2026-07-06T17:57:44.969+05:30  INFO 42799 --- [pryme-backend] [           main] c.p.B.e.s.EligibilityEngineService       : ✅ Product JIO-HL-0002 PASSED via condition lane [id=null, empType=Self Employed Professional/Self Employed Non Professional, surrogate=NIP]
2026-07-06T17:57:45.417+05:30  INFO 42799 --- [pryme-backend] [           main] c.p.B.e.s.EligibilityEngineService       : 🔍 CASCADE NIP CHECK: product=JIO-HL-0002, nipEligible=false, nipMaxAmount=0, requestedAmount=3000000, nipReasons=[LTV_EXCEEDED: requested 3000000.00, allowed 0.00 (LTV limit: 0%)]
2026-07-06T17:57:45.418+05:30  INFO 42799 --- [pryme-backend] [           main] c.p.B.e.s.EligibilityEngineService       :    STEP 3: empType='Self Employed Professional/Self Employed Non Professional' → normalized='Self Employed Non Professional', surrogate='BANKING', product=JIO-HL-0002
2026-07-06T17:57:45.418+05:30  INFO 42799 --- [pryme-backend] [           main] c.p.B.e.s.EligibilityEngineService       : ✅ Product JIO-HL-0002 PASSED via condition lane [id=null, empType=Self Employed Professional/Self Employed Non Professional, surrogate=Banking]
2026-07-06T17:57:46.264+05:30  INFO 42799 --- [pryme-backend] [           main] c.p.B.e.s.EligibilityEngineService       : 🎯 Low LTV surrogate satisfied for product=JIO-HL-0002
2026-07-06T17:57:46.265+05:30  INFO 42799 --- [pryme-backend] [           main] c.p.B.e.s.EligibilityEngineService       : 🚀 Initiating cascade evaluation for product=JIO-HL-0002, lender=JIO Finance
2026-07-06T17:57:46.265+05:30  INFO 42799 --- [pryme-backend] [           main] c.p.B.e.s.EligibilityEngineService       :    STEP 3: empType='Self Employed Professional/Self Employed Non Professional' → normalized='Self Employed Non Professional', surrogate='NIP', product=JIO-HL-0002
2026-07-06T17:57:46.265+05:30  INFO 42799 --- [pryme-backend] [           main] c.p.B.e.s.EligibilityEngineService       : ✅ Product JIO-HL-0002 PASSED via condition lane [id=null, empType=Self Employed Professional/Self Employed Non Professional, surrogate=NIP]
2026-07-06T17:57:46.689+05:30  INFO 42799 --- [pryme-backend] [           main] c.p.B.e.s.EligibilityEngineService       : 🔍 CASCADE NIP CHECK: product=JIO-HL-0002, nipEligible=false, nipMaxAmount=0, requestedAmount=3000000, nipReasons=[LTV_EXCEEDED: requested 3000000.00, allowed 0.00 (LTV limit: 0%)]
2026-07-06T17:57:46.689+05:30  INFO 42799 --- [pryme-backend] [           main] c.p.B.e.s.EligibilityEngineService       :    STEP 3: empType='Self Employed Professional/Self Employed Non Professional' → normalized='Self Employed Non Professional', surrogate='GST', product=JIO-HL-0002
2026-07-06T17:57:46.689+05:30  INFO 42799 --- [pryme-backend] [           main] c.p.B.e.s.EligibilityEngineService       : ✅ Product JIO-HL-0002 PASSED via condition lane [id=null, empType=Self Employed Professional/Self Employed Non Professional, surrogate=GST]
2026-07-06T17:57:47.536+05:30  INFO 42799 --- [pryme-backend] [           main] c.p.B.e.s.EligibilityEngineService       : 🎯 Low LTV surrogate satisfied for product=JIO-HL-0002
2026-07-06T17:57:47.537+05:30  INFO 42799 --- [pryme-backend] [           main] c.p.B.e.s.EligibilityEngineService       : 🚀 Initiating cascade evaluation for product=JIO-HL-0002, lender=JIO Finance
2026-07-06T17:57:47.537+05:30  INFO 42799 --- [pryme-backend] [           main] c.p.B.e.s.EligibilityEngineService       :    STEP 3: empType='Self Employed Professional/Self Employed Non Professional' → normalized='Self Employed Non Professional', surrogate='NIP', product=JIO-HL-0002
2026-07-06T17:57:47.537+05:30  INFO 42799 --- [pryme-backend] [           main] c.p.B.e.s.EligibilityEngineService       : ✅ Product JIO-HL-0002 PASSED via condition lane [id=null, empType=Self Employed Professional/Self Employed Non Professional, surrogate=NIP]
2026-07-06T17:57:47.961+05:30  INFO 42799 --- [pryme-backend] [           main] c.p.B.e.s.EligibilityEngineService       : 🔍 CASCADE NIP CHECK: product=JIO-HL-0002, nipEligible=false, nipMaxAmount=0, requestedAmount=3000000, nipReasons=[LTV_EXCEEDED: requested 3000000.00, allowed 0.00 (LTV limit: 0%)]
2026-07-06T17:57:47.961+05:30  INFO 42799 --- [pryme-backend] [           main] c.p.B.e.s.EligibilityEngineService       :    STEP 3: empType='Self Employed Professional/Self Employed Non Professional' → normalized='Self Employed Non Professional', surrogate='GST', product=JIO-HL-0002
2026-07-06T17:57:47.961+05:30  INFO 42799 --- [pryme-backend] [           main] c.p.B.e.s.EligibilityEngineService       : ✅ Product JIO-HL-0002 PASSED via condition lane [id=null, empType=Self Employed Professional/Self Employed Non Professional, surrogate=GST]
2026-07-06T17:57:48.810+05:30  INFO 42799 --- [pryme-backend] [           main] c.p.B.e.s.EligibilityEngineService       : 🎯 Low LTV surrogate satisfied for product=JIO-HL-0002
2026-07-06T17:57:48.811+05:30  INFO 42799 --- [pryme-backend] [           main] c.p.B.e.s.EligibilityEngineService       : 🚀 Initiating cascade evaluation for product=JIO-HL-0002, lender=JIO Finance
2026-07-06T17:57:48.811+05:30  INFO 42799 --- [pryme-backend] [           main] c.p.B.e.s.EligibilityEngineService       :    STEP 3: empType='Self Employed Professional/Self Employed Non Professional' → normalized='Self Employed Non Professional', surrogate='NIP', product=JIO-HL-0002
2026-07-06T17:57:48.811+05:30  INFO 42799 --- [pryme-backend] [           main] c.p.B.e.s.EligibilityEngineService       : ✅ Product JIO-HL-0002 PASSED via condition lane [id=null, empType=Self Employed Professional/Self Employed Non Professional, surrogate=NIP]
2026-07-06T17:57:49.234+05:30  INFO 42799 --- [pryme-backend] [           main] c.p.B.e.s.EligibilityEngineService       : 🔍 CASCADE NIP CHECK: product=JIO-HL-0002, nipEligible=false, nipMaxAmount=0, requestedAmount=3000000, nipReasons=[LTV_EXCEEDED: requested 3000000.00, allowed 0.00 (LTV limit: 0%)]
2026-07-06T17:57:49.234+05:30  INFO 42799 --- [pryme-backend] [           main] c.p.B.e.s.EligibilityEngineService       :    STEP 3: empType='Self Employed Professional/Self Employed Non Professional' → normalized='Self Employed Non Professional', surrogate='GST', product=JIO-HL-0002
2026-07-06T17:57:49.234+05:30  INFO 42799 --- [pryme-backend] [           main] c.p.B.e.s.EligibilityEngineService       : ✅ Product JIO-HL-0002 PASSED via condition lane [id=null, empType=Self Employed Professional/Self Employed Non Professional, surrogate=GST]
2026-07-06T17:57:50.078+05:30  INFO 42799 --- [pryme-backend] [           main] c.p.B.e.s.EligibilityEngineService       : 🎯 Low LTV surrogate satisfied for product=JIO-HL-0002
2026-07-06T17:57:50.078+05:30  INFO 42799 --- [pryme-backend] [           main] c.p.B.e.s.EligibilityEngineService       : 🚀 Initiating cascade evaluation for product=IDBI-HL-0001, lender=IDBI
2026-07-06T17:57:50.078+05:30  INFO 42799 --- [pryme-backend] [           main] c.p.B.e.s.EligibilityEngineService       :    STEP 3: empType='Salaried' → normalized='Salaried', surrogate='NIP', product=IDBI-HL-0001
2026-07-06T17:57:50.079+05:30  INFO 42799 --- [pryme-backend] [           main] c.p.B.e.s.EligibilityEngineService       : ✅ Product IDBI-HL-0001 PASSED via condition lane [id=null, empType=Salaried, surrogate=NIP]
2026-07-06T17:57:50.503+05:30  INFO 42799 --- [pryme-backend] [           main] c.p.B.e.s.EligibilityEngineService       : 🔍 CASCADE NIP CHECK: product=IDBI-HL-0001, nipEligible=false, nipMaxAmount=0, requestedAmount=5000000, nipReasons=[FOIR exceeded: effective limit is 75%]
2026-07-06T17:57:51.068+05:30  INFO 42799 --- [pryme-backend] [           main] c.p.B.e.s.EligibilityEngineService       : 🚀 Initiating cascade evaluation for product=IDBI-HL-0002, lender=IDBI
2026-07-06T17:57:51.068+05:30  INFO 42799 --- [pryme-backend] [           main] c.p.B.e.s.EligibilityEngineService       :    STEP 3: empType='Self Employed Professional/Self Employed Non Professional' → normalized='Self Employed Non Professional', surrogate='NIP', product=IDBI-HL-0002
2026-07-06T17:57:51.068+05:30  INFO 42799 --- [pryme-backend] [           main] c.p.B.e.s.EligibilityEngineService       : ✅ Product IDBI-HL-0002 PASSED via condition lane [id=null, empType=Self Employed Professional/Self Employed Non Professional, surrogate=NIP]
2026-07-06T17:57:51.492+05:30  INFO 42799 --- [pryme-backend] [           main] c.p.B.e.s.EligibilityEngineService       : 🔍 CASCADE NIP CHECK: product=IDBI-HL-0002, nipEligible=false, nipMaxAmount=0, requestedAmount=5000000, nipReasons=[FOIR exceeded: effective limit is 70%]
2026-07-06T17:57:52.055+05:30  INFO 42799 --- [pryme-backend] [           main] c.p.B.e.s.EligibilityEngineService       : 🚀 Initiating cascade evaluation for product=TATA-HL-0001, lender=Tata Capital
2026-07-06T17:57:52.055+05:30  INFO 42799 --- [pryme-backend] [           main] c.p.B.e.s.EligibilityEngineService       :    STEP 3: empType='Salaried' → normalized='Salaried', surrogate='NIP', product=TATA-HL-0001
2026-07-06T17:57:52.055+05:30  INFO 42799 --- [pryme-backend] [           main] c.p.B.e.s.EligibilityEngineService       : ✅ Product TATA-HL-0001 PASSED via condition lane [id=null, empType=Salaried, surrogate=NIP]
2026-07-06T17:57:52.477+05:30  INFO 42799 --- [pryme-backend] [           main] c.p.B.e.s.EligibilityEngineService       : 🔍 CASCADE NIP CHECK: product=TATA-HL-0001, nipEligible=false, nipMaxAmount=0, requestedAmount=2500000, nipReasons=[LTV_EXCEEDED: requested 2500000.00, allowed 0.00 (LTV limit: 0%)]
2026-07-06T17:57:53.040+05:30  INFO 42799 --- [pryme-backend] [           main] c.p.B.e.s.EligibilityEngineService       : 🚀 Initiating cascade evaluation for product=TATA-HL-0002, lender=Tata Capital
2026-07-06T17:57:53.041+05:30  INFO 42799 --- [pryme-backend] [           main] c.p.B.e.s.EligibilityEngineService       :    STEP 3: empType='Self Employed Professional/Self Employed Non Professional' → normalized='Self Employed Non Professional', surrogate='NIP', product=TATA-HL-0002
2026-07-06T17:57:53.041+05:30  INFO 42799 --- [pryme-backend] [           main] c.p.B.e.s.EligibilityEngineService       : ✅ Product TATA-HL-0002 PASSED via condition lane [id=null, empType=Self Employed Professional/Self Employed Non Professional, surrogate=NIP]
2026-07-06T17:57:53.463+05:30  INFO 42799 --- [pryme-backend] [           main] c.p.B.e.s.EligibilityEngineService       : 🔍 CASCADE NIP CHECK: product=TATA-HL-0002, nipEligible=false, nipMaxAmount=0, requestedAmount=2500000, nipReasons=[LTV_EXCEEDED: requested 2500000.00, allowed 0.00 (LTV limit: 0%)]
2026-07-06T17:57:54.025+05:30  INFO 42799 --- [pryme-backend] [           main] c.p.B.e.s.EligibilityEngineService       : 🚀 Initiating cascade evaluation for product=TATA-HL-0001, lender=Tata Capital
2026-07-06T17:57:54.025+05:30  INFO 42799 --- [pryme-backend] [           main] c.p.B.e.s.EligibilityEngineService       :    STEP 3: empType='Self Employed Professional' → normalized='Self Employed Professional', surrogate='NIP', product=TATA-HL-0001
2026-07-06T17:57:54.025+05:30  INFO 42799 --- [pryme-backend] [           main] c.p.B.e.s.EligibilityEngineService       : ✅ Product TATA-HL-0001 PASSED via condition lane [id=null, empType=Self Employed Professional/Self Employed Non Professional, surrogate=NIP]
2026-07-06T17:57:54.447+05:30  INFO 42799 --- [pryme-backend] [           main] c.p.B.e.s.EligibilityEngineService       : 🔍 CASCADE NIP CHECK: product=TATA-HL-0001, nipEligible=false, nipMaxAmount=0, requestedAmount=2500000, nipReasons=[LTV_EXCEEDED: requested 2500000.00, allowed 0.00 (LTV limit: 0%)]
2026-07-06T17:57:54.447+05:30  INFO 42799 --- [pryme-backend] [           main] c.p.B.e.s.EligibilityEngineService       :    STEP 3: empType='Self Employed Professional' → normalized='Self Employed Professional', surrogate='SEP', product=TATA-HL-0001
2026-07-06T17:57:54.447+05:30  WARN 42799 --- [pryme-backend] [           main] c.p.B.e.service.SurrogateIncomeResolver  : SEP multiplier not found for lender=Tata Capital, profession=, loanType=HL. Using default 1.5
2026-07-06T17:57:54.448+05:30  INFO 42799 --- [pryme-backend] [           main] c.p.B.e.s.EligibilityEngineService       : ✅ Product TATA-HL-0001 PASSED via condition lane [id=null, empType=Self Employed Professional, surrogate=SEP]
2026-07-06T17:57:55.295+05:30  INFO 42799 --- [pryme-backend] [           main] c.p.B.e.s.EligibilityEngineService       : 🚀 Initiating cascade evaluation for product=TATA-HL-0001, lender=Tata Capital
2026-07-06T17:57:55.295+05:30  INFO 42799 --- [pryme-backend] [           main] c.p.B.e.s.EligibilityEngineService       :    STEP 3: empType='Self Employed Professional' → normalized='Self Employed Professional', surrogate='NIP', product=TATA-HL-0001
2026-07-06T17:57:55.296+05:30  INFO 42799 --- [pryme-backend] [           main] c.p.B.e.s.EligibilityEngineService       : ✅ Product TATA-HL-0001 PASSED via condition lane [id=null, empType=Self Employed Professional/Self Employed Non Professional, surrogate=NIP]
2026-07-06T17:57:55.832+05:30  INFO 42799 --- [pryme-backend] [           main] c.p.B.e.s.EligibilityEngineService       : 🔍 CASCADE NIP CHECK: product=TATA-HL-0001, nipEligible=false, nipMaxAmount=0, requestedAmount=2500000, nipReasons=[LTV_EXCEEDED: requested 2500000.00, allowed 0.00 (LTV limit: 0%)]
2026-07-06T17:57:55.832+05:30  INFO 42799 --- [pryme-backend] [           main] c.p.B.e.s.EligibilityEngineService       :    STEP 3: empType='Self Employed Professional' → normalized='Self Employed Professional', surrogate='SEP', product=TATA-HL-0001
2026-07-06T17:57:55.832+05:30  WARN 42799 --- [pryme-backend] [           main] c.p.B.e.service.SurrogateIncomeResolver  : SEP multiplier not found for lender=Tata Capital, profession=, loanType=HL. Using default 1.5
2026-07-06T17:57:55.832+05:30  INFO 42799 --- [pryme-backend] [           main] c.p.B.e.s.EligibilityEngineService       : ✅ Product TATA-HL-0001 PASSED via condition lane [id=null, empType=Self Employed Professional, surrogate=SEP]
2026-07-06T17:57:56.681+05:30  INFO 42799 --- [pryme-backend] [           main] c.p.B.e.s.EligibilityEngineService       : 🚀 Initiating cascade evaluation for product=TATA-HL-0001, lender=Tata Capital
2026-07-06T17:57:56.681+05:30  INFO 42799 --- [pryme-backend] [           main] c.p.B.e.s.EligibilityEngineService       :    STEP 3: empType='Salaried' → normalized='Salaried', surrogate='NIP', product=TATA-HL-0001
2026-07-06T17:57:56.681+05:30  WARN 42799 --- [pryme-backend] [           main] c.p.B.e.s.EligibilityEngineService       : ❌ Product TATA-HL-0001 REJECTED for applicant [cibil=650, empType=Salaried, propType=FLAT, age=25]. All 1 condition lanes failed. Reasons: [INCOME_FLOOR_FAILED: income=1 < required=40000 (condition=null, surrogate=NIP)]
2026-07-06T17:57:56.681+05:30  INFO 42799 --- [pryme-backend] [           main] c.p.B.e.s.EligibilityEngineService       : 🔍 CASCADE NIP CHECK: product=TATA-HL-0001, nipEligible=false, nipMaxAmount=0, requestedAmount=2500000, nipReasons=[INCOME_FLOOR_FAILED: income=1 < required=40000 (condition=null, surrogate=NIP)]
2026-07-06T17:57:57.107+05:30  INFO 42799 --- [pryme-backend] [           main] c.p.B.e.s.EligibilityEngineService       : 🎯 Low LTV surrogate satisfied for product=TATA-HL-0001
2026-07-06T17:57:57.107+05:30  INFO 42799 --- [pryme-backend] [           main] c.p.B.e.s.EligibilityEngineService       : 🚀 Initiating cascade evaluation for product=TATA-HL-0002, lender=Tata Capital
2026-07-06T17:57:57.107+05:30  INFO 42799 --- [pryme-backend] [           main] c.p.B.e.s.EligibilityEngineService       :    STEP 3: empType='Self Employed Professional/Self Employed Non Professional' → normalized='Self Employed Non Professional', surrogate='NIP', product=TATA-HL-0002
2026-07-06T17:57:57.107+05:30  WARN 42799 --- [pryme-backend] [           main] c.p.B.e.s.EligibilityEngineService       : ❌ Product TATA-HL-0002 REJECTED for applicant [cibil=650, empType=Self Employed Professional/Self Employed Non Professional, propType=FLAT, age=25]. All 1 condition lanes failed. Reasons: [INCOME_FLOOR_FAILED: income=1 < required=40000 (condition=null, surrogate=NIP)]
2026-07-06T17:57:57.108+05:30  INFO 42799 --- [pryme-backend] [           main] c.p.B.e.s.EligibilityEngineService       : 🔍 CASCADE NIP CHECK: product=TATA-HL-0002, nipEligible=false, nipMaxAmount=0, requestedAmount=2500000, nipReasons=[INCOME_FLOOR_FAILED: income=1 < required=40000 (condition=null, surrogate=NIP)]
2026-07-06T17:57:57.530+05:30  INFO 42799 --- [pryme-backend] [           main] c.p.B.e.s.EligibilityEngineService       : 🎯 Low LTV surrogate satisfied for product=TATA-HL-0002
2026-07-06T17:57:57.530+05:30  INFO 42799 --- [pryme-backend] [           main] c.p.B.e.s.EligibilityEngineService       : 🚀 Initiating cascade evaluation for product=TATA-HL-0001, lender=Tata Capital
2026-07-06T17:57:57.531+05:30  INFO 42799 --- [pryme-backend] [           main] c.p.B.e.s.EligibilityEngineService       :    STEP 3: empType='Salaried' → normalized='Salaried', surrogate='NIP', product=TATA-HL-0001
2026-07-06T17:57:57.531+05:30  WARN 42799 --- [pryme-backend] [           main] c.p.B.e.s.EligibilityEngineService       : ❌ Product TATA-HL-0001 REJECTED for applicant [cibil=650, empType=Salaried, propType=PLOT, age=25]. All 1 condition lanes failed. Reasons: [INCOME_FLOOR_FAILED: income=1 < required=40000 (condition=null, surrogate=NIP)]
2026-07-06T17:57:57.531+05:30  INFO 42799 --- [pryme-backend] [           main] c.p.B.e.s.EligibilityEngineService       : 🔍 CASCADE NIP CHECK: product=TATA-HL-0001, nipEligible=false, nipMaxAmount=0, requestedAmount=2500000, nipReasons=[INCOME_FLOOR_FAILED: income=1 < required=40000 (condition=null, surrogate=NIP)]
2026-07-06T17:57:57.951+05:30  INFO 42799 --- [pryme-backend] [           main] c.p.B.e.s.EligibilityEngineService       : 🎯 Low LTV surrogate satisfied for product=TATA-HL-0001
2026-07-06T17:57:57.952+05:30  INFO 42799 --- [pryme-backend] [           main] c.p.B.e.s.EligibilityEngineService       : 🚀 Initiating cascade evaluation for product=TATA-HL-0002, lender=Tata Capital
2026-07-06T17:57:57.952+05:30  INFO 42799 --- [pryme-backend] [           main] c.p.B.e.s.EligibilityEngineService       :    STEP 3: empType='Self Employed Professional/Self Employed Non Professional' → normalized='Self Employed Non Professional', surrogate='NIP', product=TATA-HL-0002
2026-07-06T17:57:57.952+05:30  WARN 42799 --- [pryme-backend] [           main] c.p.B.e.s.EligibilityEngineService       : ❌ Product TATA-HL-0002 REJECTED for applicant [cibil=650, empType=Self Employed Professional/Self Employed Non Professional, propType=PLOT, age=25]. All 1 condition lanes failed. Reasons: [INCOME_FLOOR_FAILED: income=1 < required=40000 (condition=null, surrogate=NIP)]
2026-07-06T17:57:57.952+05:30  INFO 42799 --- [pryme-backend] [           main] c.p.B.e.s.EligibilityEngineService       : 🔍 CASCADE NIP CHECK: product=TATA-HL-0002, nipEligible=false, nipMaxAmount=0, requestedAmount=2500000, nipReasons=[INCOME_FLOOR_FAILED: income=1 < required=40000 (condition=null, surrogate=NIP)]
2026-07-06T17:57:58.375+05:30  INFO 42799 --- [pryme-backend] [           main] c.p.B.e.s.EligibilityEngineService       : 🎯 Low LTV surrogate satisfied for product=TATA-HL-0002
2026-07-06T17:57:58.376+05:30  INFO 42799 --- [pryme-backend] [           main] c.p.B.e.s.EligibilityEngineService       : 🚀 Initiating cascade evaluation for product=LT-LAP-0001, lender=L&T Finance
2026-07-06T17:57:58.376+05:30  INFO 42799 --- [pryme-backend] [           main] c.p.B.e.s.EligibilityEngineService       :    STEP 3: empType='Salaried' → normalized='Salaried', surrogate='NIP', product=LT-LAP-0001
2026-07-06T17:57:58.376+05:30  INFO 42799 --- [pryme-backend] [           main] c.p.B.e.s.EligibilityEngineService       : ✅ Product LT-LAP-0001 PASSED via condition lane [id=null, empType=Salaried, surrogate=NIP]
2026-07-06T17:57:58.377+05:30  INFO 42799 --- [pryme-backend] [           main] c.p.B.e.s.EligibilityEngineService       : 🔍 CASCADE NIP CHECK: product=LT-LAP-0001, nipEligible=false, nipMaxAmount=0, requestedAmount=2500000, nipReasons=[LTV_EXCEEDED: requested 2500000.00, allowed 0.00 (LTV limit: 0%)]
2026-07-06T17:57:58.377+05:30  INFO 42799 --- [pryme-backend] [           main] c.p.B.e.s.EligibilityEngineService       : 🚀 Initiating cascade evaluation for product=LT-LAP-0002, lender=L&T Finance
2026-07-06T17:57:58.378+05:30  INFO 42799 --- [pryme-backend] [           main] c.p.B.e.s.EligibilityEngineService       :    STEP 3: empType='Self Employed Professional/Self Employed Non Professional' → normalized='Self Employed Non Professional', surrogate='NIP', product=LT-LAP-0002
2026-07-06T17:57:58.378+05:30  INFO 42799 --- [pryme-backend] [           main] c.p.B.e.s.EligibilityEngineService       : ✅ Product LT-LAP-0002 PASSED via condition lane [id=null, empType=Self Employed Professional/Self Employed Non Professional, surrogate=NIP]
2026-07-06T17:57:58.378+05:30  INFO 42799 --- [pryme-backend] [           main] c.p.B.e.s.EligibilityEngineService       : 🔍 CASCADE NIP CHECK: product=LT-LAP-0002, nipEligible=false, nipMaxAmount=0, requestedAmount=2500000, nipReasons=[LTV_EXCEEDED: requested 2500000.00, allowed 0.00 (LTV limit: 0%)]
2026-07-06T17:57:58.379+05:30  INFO 42799 --- [pryme-backend] [           main] c.p.B.e.s.EligibilityEngineService       : 🚀 Initiating cascade evaluation for product=LT-LAP-0002, lender=L&T Finance
2026-07-06T17:57:58.379+05:30  INFO 42799 --- [pryme-backend] [           main] c.p.B.e.s.EligibilityEngineService       :    STEP 3: empType='Self Employed Professional' → normalized='Self Employed Professional', surrogate='NIP', product=LT-LAP-0002
2026-07-06T17:57:58.379+05:30  INFO 42799 --- [pryme-backend] [           main] c.p.B.e.s.EligibilityEngineService       : ✅ Product LT-LAP-0002 PASSED via condition lane [id=null, empType=Self Employed Professional/Self Employed Non Professional, surrogate=NIP]
2026-07-06T17:57:58.379+05:30  INFO 42799 --- [pryme-backend] [           main] c.p.B.e.s.EligibilityEngineService       : 🔍 CASCADE NIP CHECK: product=LT-LAP-0002, nipEligible=false, nipMaxAmount=0, requestedAmount=2500000, nipReasons=[LTV_EXCEEDED: requested 2500000.00, allowed 0.00 (LTV limit: 0%)]
2026-07-06T17:57:58.379+05:30  INFO 42799 --- [pryme-backend] [           main] c.p.B.e.s.EligibilityEngineService       :    STEP 3: empType='Self Employed Professional' → normalized='Self Employed Professional', surrogate='SEP', product=LT-LAP-0002
2026-07-06T17:57:58.379+05:30  WARN 42799 --- [pryme-backend] [           main] c.p.B.e.service.SurrogateIncomeResolver  : SEP multiplier not found for lender=L&T Finance, profession=, loanType=LAP. Using default 1.5
2026-07-06T17:57:58.379+05:30  INFO 42799 --- [pryme-backend] [           main] c.p.B.e.s.EligibilityEngineService       : ✅ Product LT-LAP-0002 PASSED via condition lane [id=null, empType=Self Employed Professional, surrogate=SEP]
2026-07-06T17:57:58.380+05:30  INFO 42799 --- [pryme-backend] [           main] c.p.B.e.s.EligibilityEngineService       : 🚀 Initiating cascade evaluation for product=LT-LAP-0002, lender=L&T Finance
2026-07-06T17:57:58.380+05:30  INFO 42799 --- [pryme-backend] [           main] c.p.B.e.s.EligibilityEngineService       :    STEP 3: empType='Self Employed Professional' → normalized='Self Employed Professional', surrogate='NIP', product=LT-LAP-0002
2026-07-06T17:57:58.380+05:30  INFO 42799 --- [pryme-backend] [           main] c.p.B.e.s.EligibilityEngineService       : ✅ Product LT-LAP-0002 PASSED via condition lane [id=null, empType=Self Employed Professional/Self Employed Non Professional, surrogate=NIP]
2026-07-06T17:57:58.380+05:30  INFO 42799 --- [pryme-backend] [           main] c.p.B.e.s.EligibilityEngineService       : 🔍 CASCADE NIP CHECK: product=LT-LAP-0002, nipEligible=false, nipMaxAmount=0, requestedAmount=2500000, nipReasons=[LTV_EXCEEDED: requested 2500000.00, allowed 0.00 (LTV limit: 0%)]
2026-07-06T17:57:58.380+05:30  INFO 42799 --- [pryme-backend] [           main] c.p.B.e.s.EligibilityEngineService       :    STEP 3: empType='Self Employed Professional' → normalized='Self Employed Professional', surrogate='SEP', product=LT-LAP-0002
2026-07-06T17:57:58.380+05:30  WARN 42799 --- [pryme-backend] [           main] c.p.B.e.service.SurrogateIncomeResolver  : SEP multiplier not found for lender=L&T Finance, profession=, loanType=LAP. Using default 1.5
2026-07-06T17:57:58.380+05:30  INFO 42799 --- [pryme-backend] [           main] c.p.B.e.s.EligibilityEngineService       : ✅ Product LT-LAP-0002 PASSED via condition lane [id=null, empType=Self Employed Professional, surrogate=SEP]
2026-07-06T17:57:58.381+05:30  INFO 42799 --- [pryme-backend] [           main] c.p.B.e.s.EligibilityEngineService       : 🚀 Initiating cascade evaluation for product=LT-LAP-0002, lender=L&T Finance
2026-07-06T17:57:58.381+05:30  INFO 42799 --- [pryme-backend] [           main] c.p.B.e.s.EligibilityEngineService       :    STEP 3: empType='Self Employed Professional/Self Employed Non Professional' → normalized='Self Employed Non Professional', surrogate='NIP', product=LT-LAP-0002
2026-07-06T17:57:58.381+05:30  INFO 42799 --- [pryme-backend] [           main] c.p.B.e.s.EligibilityEngineService       : ✅ Product LT-LAP-0002 PASSED via condition lane [id=null, empType=Self Employed Professional/Self Employed Non Professional, surrogate=NIP]
2026-07-06T17:57:58.381+05:30  INFO 42799 --- [pryme-backend] [           main] c.p.B.e.s.EligibilityEngineService       : 🔍 CASCADE NIP CHECK: product=LT-LAP-0002, nipEligible=false, nipMaxAmount=0, requestedAmount=2500000, nipReasons=[LTV_EXCEEDED: requested 2500000.00, allowed 0.00 (LTV limit: 0%)]
2026-07-06T17:57:58.382+05:30  INFO 42799 --- [pryme-backend] [           main] c.p.B.e.s.EligibilityEngineService       :    STEP 3: empType='Self Employed Professional/Self Employed Non Professional' → normalized='Self Employed Non Professional', surrogate='BANKING', product=LT-LAP-0002
2026-07-06T17:57:58.382+05:30  INFO 42799 --- [pryme-backend] [           main] c.p.B.e.s.EligibilityEngineService       : ✅ Product LT-LAP-0002 PASSED via condition lane [id=null, empType=Self Employed Professional/Self Employed Non Professional, surrogate=Banking]
2026-07-06T17:57:58.382+05:30  INFO 42799 --- [pryme-backend] [           main] c.p.B.e.s.EligibilityEngineService       : 🚀 Initiating cascade evaluation for product=LT-LAP-0002, lender=L&T Finance
2026-07-06T17:57:58.382+05:30  INFO 42799 --- [pryme-backend] [           main] c.p.B.e.s.EligibilityEngineService       :    STEP 3: empType='Self Employed Professional/Self Employed Non Professional' → normalized='Self Employed Non Professional', surrogate='NIP', product=LT-LAP-0002
2026-07-06T17:57:58.383+05:30  INFO 42799 --- [pryme-backend] [           main] c.p.B.e.s.EligibilityEngineService       : ✅ Product LT-LAP-0002 PASSED via condition lane [id=null, empType=Self Employed Professional/Self Employed Non Professional, surrogate=NIP]
2026-07-06T17:57:58.383+05:30  INFO 42799 --- [pryme-backend] [           main] c.p.B.e.s.EligibilityEngineService       : 🔍 CASCADE NIP CHECK: product=LT-LAP-0002, nipEligible=false, nipMaxAmount=0, requestedAmount=2500000, nipReasons=[LTV_EXCEEDED: requested 2500000.00, allowed 0.00 (LTV limit: 0%)]
2026-07-06T17:57:58.383+05:30  INFO 42799 --- [pryme-backend] [           main] c.p.B.e.s.EligibilityEngineService       :    STEP 3: empType='Self Employed Professional/Self Employed Non Professional' → normalized='Self Employed Non Professional', surrogate='GST', product=LT-LAP-0002
2026-07-06T17:57:58.383+05:30  INFO 42799 --- [pryme-backend] [           main] c.p.B.e.s.EligibilityEngineService       : ✅ Product LT-LAP-0002 PASSED via condition lane [id=null, empType=Self Employed Professional/Self Employed Non Professional, surrogate=GST]
2026-07-06T17:57:58.384+05:30  INFO 42799 --- [pryme-backend] [           main] c.p.B.e.s.EligibilityEngineService       : 🚀 Initiating cascade evaluation for product=LT-LAP-0002, lender=L&T Finance
2026-07-06T17:57:58.384+05:30  INFO 42799 --- [pryme-backend] [           main] c.p.B.e.s.EligibilityEngineService       :    STEP 3: empType='Self Employed Professional/Self Employed Non Professional' → normalized='Self Employed Non Professional', surrogate='NIP', product=LT-LAP-0002
2026-07-06T17:57:58.384+05:30  INFO 42799 --- [pryme-backend] [           main] c.p.B.e.s.EligibilityEngineService       : ✅ Product LT-LAP-0002 PASSED via condition lane [id=null, empType=Self Employed Professional/Self Employed Non Professional, surrogate=NIP]
2026-07-06T17:57:58.384+05:30  INFO 42799 --- [pryme-backend] [           main] c.p.B.e.s.EligibilityEngineService       : 🔍 CASCADE NIP CHECK: product=LT-LAP-0002, nipEligible=false, nipMaxAmount=0, requestedAmount=2500000, nipReasons=[LTV_EXCEEDED: requested 2500000.00, allowed 0.00 (LTV limit: 0%)]
2026-07-06T17:57:58.384+05:30  INFO 42799 --- [pryme-backend] [           main] c.p.B.e.s.EligibilityEngineService       :    STEP 3: empType='Self Employed Professional/Self Employed Non Professional' → normalized='Self Employed Non Professional', surrogate='GST', product=LT-LAP-0002
2026-07-06T17:57:58.384+05:30  INFO 42799 --- [pryme-backend] [           main] c.p.B.e.s.EligibilityEngineService       : ✅ Product LT-LAP-0002 PASSED via condition lane [id=null, empType=Self Employed Professional/Self Employed Non Professional, surrogate=GST]
2026-07-06T17:57:58.385+05:30  INFO 42799 --- [pryme-backend] [           main] c.p.B.e.s.EligibilityEngineService       : 🚀 Initiating cascade evaluation for product=LT-LAP-0002, lender=L&T Finance
2026-07-06T17:57:58.385+05:30  INFO 42799 --- [pryme-backend] [           main] c.p.B.e.s.EligibilityEngineService       :    STEP 3: empType='Self Employed Professional/Self Employed Non Professional' → normalized='Self Employed Non Professional', surrogate='NIP', product=LT-LAP-0002
2026-07-06T17:57:58.385+05:30  INFO 42799 --- [pryme-backend] [           main] c.p.B.e.s.EligibilityEngineService       : ✅ Product LT-LAP-0002 PASSED via condition lane [id=null, empType=Self Employed Professional/Self Employed Non Professional, surrogate=NIP]
2026-07-06T17:57:58.385+05:30  INFO 42799 --- [pryme-backend] [           main] c.p.B.e.s.EligibilityEngineService       : 🔍 CASCADE NIP CHECK: product=LT-LAP-0002, nipEligible=false, nipMaxAmount=0, requestedAmount=2500000, nipReasons=[LTV_EXCEEDED: requested 2500000.00, allowed 0.00 (LTV limit: 0%)]
2026-07-06T17:57:58.385+05:30  INFO 42799 --- [pryme-backend] [           main] c.p.B.e.s.EligibilityEngineService       :    STEP 3: empType='Self Employed Professional/Self Employed Non Professional' → normalized='Self Employed Non Professional', surrogate='GST', product=LT-LAP-0002
2026-07-06T17:57:58.385+05:30  INFO 42799 --- [pryme-backend] [           main] c.p.B.e.s.EligibilityEngineService       : ✅ Product LT-LAP-0002 PASSED via condition lane [id=null, empType=Self Employed Professional/Self Employed Non Professional, surrogate=GST]
2026-07-06T17:57:58.386+05:30  INFO 42799 --- [pryme-backend] [           main] c.p.B.e.s.EligibilityEngineService       : 🚀 Initiating cascade evaluation for product=LT-LAP-0002, lender=L&T Finance
2026-07-06T17:57:58.386+05:30  INFO 42799 --- [pryme-backend] [           main] c.p.B.e.s.EligibilityEngineService       :    STEP 3: empType='Self Employed Professional/Self Employed Non Professional' → normalized='Self Employed Non Professional', surrogate='NIP', product=LT-LAP-0002
2026-07-06T17:57:58.386+05:30  INFO 42799 --- [pryme-backend] [           main] c.p.B.e.s.EligibilityEngineService       : ✅ Product LT-LAP-0002 PASSED via condition lane [id=null, empType=Self Employed Professional/Self Employed Non Professional, surrogate=NIP]
2026-07-06T17:57:58.386+05:30  INFO 42799 --- [pryme-backend] [           main] c.p.B.e.s.EligibilityEngineService       : 🔍 CASCADE NIP CHECK: product=LT-LAP-0002, nipEligible=false, nipMaxAmount=0, requestedAmount=2500000, nipReasons=[LTV_EXCEEDED: requested 2500000.00, allowed 0.00 (LTV limit: 0%)]
2026-07-06T17:57:58.386+05:30  INFO 42799 --- [pryme-backend] [           main] c.p.B.e.s.EligibilityEngineService       :    STEP 3: empType='Self Employed Professional/Self Employed Non Professional' → normalized='Self Employed Non Professional', surrogate='GST', product=LT-LAP-0002
2026-07-06T17:57:58.386+05:30  INFO 42799 --- [pryme-backend] [           main] c.p.B.e.s.EligibilityEngineService       : ✅ Product LT-LAP-0002 PASSED via condition lane [id=null, empType=Self Employed Professional/Self Employed Non Professional, surrogate=GST]
2026-07-06T17:57:58.387+05:30  INFO 42799 --- [pryme-backend] [           main] c.p.B.e.s.EligibilityEngineService       : 🚀 Initiating cascade evaluation for product=ICICI-LAP-0001, lender=ICICI Bank
2026-07-06T17:57:58.387+05:30  INFO 42799 --- [pryme-backend] [           main] c.p.B.e.s.EligibilityEngineService       :    STEP 3: empType='Salaried' → normalized='Salaried', surrogate='NIP', product=ICICI-LAP-0001
2026-07-06T17:57:58.387+05:30  INFO 42799 --- [pryme-backend] [           main] c.p.B.e.s.EligibilityEngineService       : ✅ Product ICICI-LAP-0001 PASSED via condition lane [id=null, empType=Salaried, surrogate=NIP]
2026-07-06T17:57:58.388+05:30  INFO 42799 --- [pryme-backend] [           main] c.p.B.e.s.EligibilityEngineService       : 🔍 CASCADE NIP CHECK: product=ICICI-LAP-0001, nipEligible=false, nipMaxAmount=0, requestedAmount=2500000, nipReasons=[FOIR exceeded: effective limit is 50%]
2026-07-06T17:57:58.388+05:30  INFO 42799 --- [pryme-backend] [           main] c.p.B.e.s.EligibilityEngineService       : 🚀 Initiating cascade evaluation for product=ICICI-LAP-0002, lender=ICICI Bank
2026-07-06T17:57:58.389+05:30  INFO 42799 --- [pryme-backend] [           main] c.p.B.e.s.EligibilityEngineService       :    STEP 3: empType='Self Employed Professional/Self Employed Non Professional' → normalized='Self Employed Non Professional', surrogate='NIP', product=ICICI-LAP-0002
2026-07-06T17:57:58.389+05:30  INFO 42799 --- [pryme-backend] [           main] c.p.B.e.s.EligibilityEngineService       : ✅ Product ICICI-LAP-0002 PASSED via condition lane [id=null, empType=Self Employed Professional/Self Employed Non Professional, surrogate=NIP]
2026-07-06T17:57:58.389+05:30  INFO 42799 --- [pryme-backend] [           main] c.p.B.e.s.EligibilityEngineService       : 🔍 CASCADE NIP CHECK: product=ICICI-LAP-0002, nipEligible=false, nipMaxAmount=0, requestedAmount=2500000, nipReasons=[LTV_EXCEEDED: requested 2500000.00, allowed 0.00 (LTV limit: 0%)]
2026-07-06T17:57:58.389+05:30  INFO 42799 --- [pryme-backend] [           main] c.p.B.e.s.EligibilityEngineService       : 🚀 Initiating cascade evaluation for product=ICICI-LAP-0002, lender=ICICI Bank
2026-07-06T17:57:58.390+05:30  INFO 42799 --- [pryme-backend] [           main] c.p.B.e.s.EligibilityEngineService       :    STEP 3: empType='Self Employed Professional/Self Employed Non Professional' → normalized='Self Employed Non Professional', surrogate='NIP', product=ICICI-LAP-0002
2026-07-06T17:57:58.390+05:30  WARN 42799 --- [pryme-backend] [           main] c.p.B.e.s.EligibilityEngineService       : ❌ Product ICICI-LAP-0002 REJECTED for applicant [cibil=700, empType=Self Employed Professional/Self Employed Non Professional, propType=SHOP, age=22]. All 1 condition lanes failed. Reasons: [INCOME_FLOOR_FAILED: income=50000 < required=200000 (condition=null, surrogate=NIP)]
2026-07-06T17:57:58.390+05:30  INFO 42799 --- [pryme-backend] [           main] c.p.B.e.s.EligibilityEngineService       : 🔍 CASCADE NIP CHECK: product=ICICI-LAP-0002, nipEligible=false, nipMaxAmount=0, requestedAmount=2500000, nipReasons=[INCOME_FLOOR_FAILED: income=50000 < required=200000 (condition=null, surrogate=NIP)]
2026-07-06T17:57:58.390+05:30  INFO 42799 --- [pryme-backend] [           main] c.p.B.e.s.EligibilityEngineService       :    STEP 3: empType='Self Employed Professional/Self Employed Non Professional' → normalized='Self Employed Non Professional', surrogate='BANKING', product=ICICI-LAP-0002
2026-07-06T17:57:58.390+05:30  INFO 42799 --- [pryme-backend] [           main] c.p.B.e.s.EligibilityEngineService       : ✅ Product ICICI-LAP-0002 PASSED via condition lane [id=null, empType=Self Employed Professional/Self Employed Non Professional, surrogate=Banking]
2026-07-06T17:57:58.390+05:30  INFO 42799 --- [pryme-backend] [           main] c.p.B.e.s.EligibilityEngineService       : 🚀 Initiating cascade evaluation for product=ICICI-LAP-0002, lender=ICICI Bank
2026-07-06T17:57:58.390+05:30  INFO 42799 --- [pryme-backend] [           main] c.p.B.e.s.EligibilityEngineService       :    STEP 3: empType='Self Employed Professional/Self Employed Non Professional' → normalized='Self Employed Non Professional', surrogate='NIP', product=ICICI-LAP-0002
2026-07-06T17:57:58.390+05:30  WARN 42799 --- [pryme-backend] [           main] c.p.B.e.s.EligibilityEngineService       : ❌ Product ICICI-LAP-0002 REJECTED for applicant [cibil=700, empType=Self Employed Professional/Self Employed Non Professional, propType=SHOP, age=22]. All 1 condition lanes failed. Reasons: [INCOME_FLOOR_FAILED: income=50000 < required=200000 (condition=null, surrogate=NIP)]
2026-07-06T17:57:58.391+05:30  INFO 42799 --- [pryme-backend] [           main] c.p.B.e.s.EligibilityEngineService       : 🔍 CASCADE NIP CHECK: product=ICICI-LAP-0002, nipEligible=false, nipMaxAmount=0, requestedAmount=2500000, nipReasons=[INCOME_FLOOR_FAILED: income=50000 < required=200000 (condition=null, surrogate=NIP)]
2026-07-06T17:57:58.391+05:30  INFO 42799 --- [pryme-backend] [           main] c.p.B.e.s.EligibilityEngineService       :    STEP 3: empType='Self Employed Professional/Self Employed Non Professional' → normalized='Self Employed Non Professional', surrogate='GST', product=ICICI-LAP-0002
2026-07-06T17:57:58.391+05:30  INFO 42799 --- [pryme-backend] [           main] c.p.B.e.s.EligibilityEngineService       : ✅ Product ICICI-LAP-0002 PASSED via condition lane [id=null, empType=Self Employed Professional/Self Employed Non Professional, surrogate=GST]
2026-07-06T17:57:58.391+05:30  INFO 42799 --- [pryme-backend] [           main] c.p.B.e.s.EligibilityEngineService       : 🚀 Initiating cascade evaluation for product=BANDHAN-LAP-0001, lender=Bandhan Bank
2026-07-06T17:57:58.392+05:30  INFO 42799 --- [pryme-backend] [           main] c.p.B.e.s.EligibilityEngineService       :    STEP 3: empType='Salaried' → normalized='Salaried', surrogate='NIP', product=BANDHAN-LAP-0001
2026-07-06T17:57:58.392+05:30  INFO 42799 --- [pryme-backend] [           main] c.p.B.e.s.EligibilityEngineService       : ✅ Product BANDHAN-LAP-0001 PASSED via condition lane [id=null, empType=Salaried, surrogate=NIP]
2026-07-06T17:57:58.392+05:30  INFO 42799 --- [pryme-backend] [           main] c.p.B.e.s.EligibilityEngineService       : 🔍 CASCADE NIP CHECK: product=BANDHAN-LAP-0001, nipEligible=false, nipMaxAmount=0, requestedAmount=2500000, nipReasons=[LTV_EXCEEDED: requested 2500000.00, allowed 0.00 (LTV limit: 0%)]
2026-07-06T17:57:58.393+05:30  INFO 42799 --- [pryme-backend] [           main] c.p.B.e.s.EligibilityEngineService       : 🚀 Initiating cascade evaluation for product=BANDHAN-LAP-0002, lender=Bandhan Bank
2026-07-06T17:57:58.393+05:30  INFO 42799 --- [pryme-backend] [           main] c.p.B.e.s.EligibilityEngineService       :    STEP 3: empType='Self Employed Professional/Self Employed Non Professional' → normalized='Self Employed Non Professional', surrogate='NIP', product=BANDHAN-LAP-0002
2026-07-06T17:57:58.393+05:30  INFO 42799 --- [pryme-backend] [           main] c.p.B.e.s.EligibilityEngineService       : ✅ Product BANDHAN-LAP-0002 PASSED via condition lane [id=null, empType=Self Employed Professional/Self Employed Non Professional, surrogate=NIP]
2026-07-06T17:57:58.393+05:30  INFO 42799 --- [pryme-backend] [           main] c.p.B.e.s.EligibilityEngineService       : 🔍 CASCADE NIP CHECK: product=BANDHAN-LAP-0002, nipEligible=false, nipMaxAmount=0, requestedAmount=2500000, nipReasons=[LTV_EXCEEDED: requested 2500000.00, allowed 0.00 (LTV limit: 0%)]
2026-07-06T17:57:58.394+05:30  INFO 42799 --- [pryme-backend] [           main] c.p.B.e.s.EligibilityEngineService       : 🚀 Initiating cascade evaluation for product=BANDHAN-LAP-0002, lender=Bandhan Bank
2026-07-06T17:57:58.394+05:30  INFO 42799 --- [pryme-backend] [           main] c.p.B.e.s.EligibilityEngineService       :    STEP 3: empType='Self Employed Professional/Self Employed Non Professional' → normalized='Self Employed Non Professional', surrogate='NIP', product=BANDHAN-LAP-0002
2026-07-06T17:57:58.394+05:30  INFO 42799 --- [pryme-backend] [           main] c.p.B.e.s.EligibilityEngineService       : ✅ Product BANDHAN-LAP-0002 PASSED via condition lane [id=null, empType=Self Employed Professional/Self Employed Non Professional, surrogate=NIP]
2026-07-06T17:57:58.394+05:30  INFO 42799 --- [pryme-backend] [           main] c.p.B.e.s.EligibilityEngineService       : 🔍 CASCADE NIP CHECK: product=BANDHAN-LAP-0002, nipEligible=false, nipMaxAmount=0, requestedAmount=2500000, nipReasons=[LTV_EXCEEDED: requested 2500000.00, allowed 0.00 (LTV limit: 0%)]
2026-07-06T17:57:58.394+05:30  INFO 42799 --- [pryme-backend] [           main] c.p.B.e.s.EligibilityEngineService       :    STEP 3: empType='Self Employed Professional/Self Employed Non Professional' → normalized='Self Employed Non Professional', surrogate='BANKING', product=BANDHAN-LAP-0002
2026-07-06T17:57:58.394+05:30  INFO 42799 --- [pryme-backend] [           main] c.p.B.e.s.EligibilityEngineService       : ✅ Product BANDHAN-LAP-0002 PASSED via condition lane [id=null, empType=Self Employed Professional/Self Employed Non Professional, surrogate=Banking]
2026-07-06T17:57:58.395+05:30  INFO 42799 --- [pryme-backend] [           main] c.p.B.e.s.EligibilityEngineService       : 🚀 Initiating cascade evaluation for product=BANDHAN-LAP-0002, lender=Bandhan Bank
2026-07-06T17:57:58.395+05:30  INFO 42799 --- [pryme-backend] [           main] c.p.B.e.s.EligibilityEngineService       :    STEP 3: empType='Self Employed Professional/Self Employed Non Professional' → normalized='Self Employed Non Professional', surrogate='NIP', product=BANDHAN-LAP-0002
2026-07-06T17:57:58.395+05:30  INFO 42799 --- [pryme-backend] [           main] c.p.B.e.s.EligibilityEngineService       : ✅ Product BANDHAN-LAP-0002 PASSED via condition lane [id=null, empType=Self Employed Professional/Self Employed Non Professional, surrogate=NIP]
2026-07-06T17:57:58.395+05:30  INFO 42799 --- [pryme-backend] [           main] c.p.B.e.s.EligibilityEngineService       : 🔍 CASCADE NIP CHECK: product=BANDHAN-LAP-0002, nipEligible=false, nipMaxAmount=0, requestedAmount=2500000, nipReasons=[LTV_EXCEEDED: requested 2500000.00, allowed 0.00 (LTV limit: 0%)]
2026-07-06T17:57:58.395+05:30  INFO 42799 --- [pryme-backend] [           main] c.p.B.e.s.EligibilityEngineService       :    STEP 3: empType='Self Employed Professional/Self Employed Non Professional' → normalized='Self Employed Non Professional', surrogate='GST', product=BANDHAN-LAP-0002
2026-07-06T17:57:58.396+05:30  INFO 42799 --- [pryme-backend] [           main] c.p.B.e.s.EligibilityEngineService       : ✅ Product BANDHAN-LAP-0002 PASSED via condition lane [id=null, empType=Self Employed Professional/Self Employed Non Professional, surrogate=GST]
2026-07-06T17:57:58.396+05:30  INFO 42799 --- [pryme-backend] [           main] c.p.B.e.s.EligibilityEngineService       : 🚀 Initiating cascade evaluation for product=ABFL-LAP-0001, lender=Aditya Birla Finance Limited
2026-07-06T17:57:58.397+05:30  INFO 42799 --- [pryme-backend] [           main] c.p.B.e.s.EligibilityEngineService       :    STEP 3: empType='Salaried' → normalized='Salaried', surrogate='NIP', product=ABFL-LAP-0001
2026-07-06T17:57:58.397+05:30  INFO 42799 --- [pryme-backend] [           main] c.p.B.e.s.EligibilityEngineService       : ✅ Product ABFL-LAP-0001 PASSED via condition lane [id=null, empType=Salaried, surrogate=NIP]
2026-07-06T17:57:58.397+05:30  INFO 42799 --- [pryme-backend] [           main] c.p.B.e.s.EligibilityEngineService       : 🔍 CASCADE NIP CHECK: product=ABFL-LAP-0001, nipEligible=false, nipMaxAmount=0, requestedAmount=3500000, nipReasons=[FOIR exceeded: effective limit is 65%]
2026-07-06T17:57:58.398+05:30  INFO 42799 --- [pryme-backend] [           main] c.p.B.e.s.EligibilityEngineService       : 🚀 Initiating cascade evaluation for product=ABFL-LAP-0002, lender=Aditya Birla Finance Limited
2026-07-06T17:57:58.398+05:30  INFO 42799 --- [pryme-backend] [           main] c.p.B.e.s.EligibilityEngineService       :    STEP 3: empType='Self Employed Professional/Self Employed Non Professional' → normalized='Self Employed Non Professional', surrogate='NIP', product=ABFL-LAP-0002
2026-07-06T17:57:58.398+05:30  INFO 42799 --- [pryme-backend] [           main] c.p.B.e.s.EligibilityEngineService       : ✅ Product ABFL-LAP-0002 PASSED via condition lane [id=null, empType=Self Employed Professional/Self Employed Non Professional, surrogate=NIP]
2026-07-06T17:57:58.398+05:30  INFO 42799 --- [pryme-backend] [           main] c.p.B.e.s.EligibilityEngineService       : 🔍 CASCADE NIP CHECK: product=ABFL-LAP-0002, nipEligible=false, nipMaxAmount=0, requestedAmount=3500000, nipReasons=[LTV_EXCEEDED: requested 3500000.00, allowed 0.00 (LTV limit: 0%)]
2026-07-06T17:57:58.399+05:30  INFO 42799 --- [pryme-backend] [           main] c.p.B.e.s.EligibilityEngineService       : 🚀 Initiating cascade evaluation for product=ABFL-LAP-0001, lender=Aditya Birla Finance Limited
2026-07-06T17:57:58.399+05:30  INFO 42799 --- [pryme-backend] [           main] c.p.B.e.s.EligibilityEngineService       :    STEP 3: empType='Salaried' → normalized='Salaried', surrogate='NIP', product=ABFL-LAP-0001
2026-07-06T17:57:58.399+05:30  WARN 42799 --- [pryme-backend] [           main] c.p.B.e.s.EligibilityEngineService       : ❌ Product ABFL-LAP-0001 REJECTED for applicant [cibil=675, empType=Salaried, propType=SHOP, age=24]. All 1 condition lanes failed. Reasons: [INCOME_FLOOR_FAILED: income=1 < required=30000 (condition=null, surrogate=NIP)]
2026-07-06T17:57:58.399+05:30  INFO 42799 --- [pryme-backend] [           main] c.p.B.e.s.EligibilityEngineService       : 🔍 CASCADE NIP CHECK: product=ABFL-LAP-0001, nipEligible=false, nipMaxAmount=0, requestedAmount=3500000, nipReasons=[INCOME_FLOOR_FAILED: income=1 < required=30000 (condition=null, surrogate=NIP)]
2026-07-06T17:57:58.400+05:30  INFO 42799 --- [pryme-backend] [           main] c.p.B.e.s.EligibilityEngineService       : 🚀 Initiating cascade evaluation for product=ABFL-LAP-0002, lender=Aditya Birla Finance Limited
2026-07-06T17:57:58.400+05:30  INFO 42799 --- [pryme-backend] [           main] c.p.B.e.s.EligibilityEngineService       :    STEP 3: empType='Self Employed Professional/Self Employed Non Professional' → normalized='Self Employed Non Professional', surrogate='NIP', product=ABFL-LAP-0002
2026-07-06T17:57:58.400+05:30  WARN 42799 --- [pryme-backend] [           main] c.p.B.e.s.EligibilityEngineService       : ❌ Product ABFL-LAP-0002 REJECTED for applicant [cibil=675, empType=Self Employed Professional/Self Employed Non Professional, propType=SHOP, age=24]. All 1 condition lanes failed. Reasons: [INCOME_FLOOR_FAILED: income=1 < required=30000 (condition=null, surrogate=NIP)]
2026-07-06T17:57:58.400+05:30  INFO 42799 --- [pryme-backend] [           main] c.p.B.e.s.EligibilityEngineService       : 🔍 CASCADE NIP CHECK: product=ABFL-LAP-0002, nipEligible=false, nipMaxAmount=0, requestedAmount=3500000, nipReasons=[INCOME_FLOOR_FAILED: income=1 < required=30000 (condition=null, surrogate=NIP)]
2026-07-06T17:57:58.401+05:30  INFO 42799 --- [pryme-backend] [           main] c.p.B.e.s.EligibilityEngineService       : 🚀 Initiating cascade evaluation for product=ABFL-LAP-0002, lender=Aditya Birla Finance Limited
2026-07-06T17:57:58.401+05:30  INFO 42799 --- [pryme-backend] [           main] c.p.B.e.s.EligibilityEngineService       :    STEP 3: empType='Self Employed Professional/Self Employed Non Professional' → normalized='Self Employed Non Professional', surrogate='NIP', product=ABFL-LAP-0002
2026-07-06T17:57:58.401+05:30  INFO 42799 --- [pryme-backend] [           main] c.p.B.e.s.EligibilityEngineService       : ✅ Product ABFL-LAP-0002 PASSED via condition lane [id=null, empType=Self Employed Professional/Self Employed Non Professional, surrogate=NIP]
2026-07-06T17:57:58.401+05:30  INFO 42799 --- [pryme-backend] [           main] c.p.B.e.s.EligibilityEngineService       : 🔍 CASCADE NIP CHECK: product=ABFL-LAP-0002, nipEligible=false, nipMaxAmount=0, requestedAmount=3500000, nipReasons=[LTV_EXCEEDED: requested 3500000.00, allowed 0.00 (LTV limit: 0%)]
2026-07-06T17:57:58.401+05:30  INFO 42799 --- [pryme-backend] [           main] c.p.B.e.s.EligibilityEngineService       :    STEP 3: empType='Self Employed Professional/Self Employed Non Professional' → normalized='Self Employed Non Professional', surrogate='BANKING', product=ABFL-LAP-0002
2026-07-06T17:57:58.401+05:30  INFO 42799 --- [pryme-backend] [           main] c.p.B.e.s.EligibilityEngineService       : ✅ Product ABFL-LAP-0002 PASSED via condition lane [id=null, empType=Self Employed Professional/Self Employed Non Professional, surrogate=Banking]
2026-07-06T17:57:58.402+05:30  INFO 42799 --- [pryme-backend] [           main] c.p.B.e.s.EligibilityEngineService       : 🚀 Initiating cascade evaluation for product=ABFL-LAP-0002, lender=Aditya Birla Finance Limited
2026-07-06T17:57:58.402+05:30  INFO 42799 --- [pryme-backend] [           main] c.p.B.e.s.EligibilityEngineService       :    STEP 3: empType='Self Employed Professional/Self Employed Non Professional' → normalized='Self Employed Non Professional', surrogate='NIP', product=ABFL-LAP-0002
2026-07-06T17:57:58.402+05:30  INFO 42799 --- [pryme-backend] [           main] c.p.B.e.s.EligibilityEngineService       : ✅ Product ABFL-LAP-0002 PASSED via condition lane [id=null, empType=Self Employed Professional/Self Employed Non Professional, surrogate=NIP]
2026-07-06T17:57:58.402+05:30  INFO 42799 --- [pryme-backend] [           main] c.p.B.e.s.EligibilityEngineService       : 🔍 CASCADE NIP CHECK: product=ABFL-LAP-0002, nipEligible=false, nipMaxAmount=0, requestedAmount=3500000, nipReasons=[LTV_EXCEEDED: requested 3500000.00, allowed 0.00 (LTV limit: 0%)]
2026-07-06T17:57:58.402+05:30  INFO 42799 --- [pryme-backend] [           main] c.p.B.e.s.EligibilityEngineService       :    STEP 3: empType='Self Employed Professional/Self Employed Non Professional' → normalized='Self Employed Non Professional', surrogate='GST', product=ABFL-LAP-0002
2026-07-06T17:57:58.402+05:30  INFO 42799 --- [pryme-backend] [           main] c.p.B.e.s.EligibilityEngineService       : ✅ Product ABFL-LAP-0002 PASSED via condition lane [id=null, empType=Self Employed Professional/Self Employed Non Professional, surrogate=GST]
2026-07-06T17:57:58.403+05:30  INFO 42799 --- [pryme-backend] [           main] c.p.B.e.s.EligibilityEngineService       : 🚀 Initiating cascade evaluation for product=BOB-LAP-0001, lender=Bank of Baroda
2026-07-06T17:57:58.403+05:30  INFO 42799 --- [pryme-backend] [           main] c.p.B.e.s.EligibilityEngineService       :    STEP 3: empType='Salaried' → normalized='Salaried', surrogate='NIP', product=BOB-LAP-0001
2026-07-06T17:57:58.403+05:30  WARN 42799 --- [pryme-backend] [           main] c.p.B.e.s.EligibilityEngineService       : ❌ Product BOB-LAP-0001 REJECTED for applicant [cibil=650, empType=Salaried, propType=SHOP, age=23]. All 1 condition lanes failed. Reasons: [TENURE_TOO_HIGH: tenure=180 > max=144 (condition=null)]
2026-07-06T17:57:58.404+05:30  INFO 42799 --- [pryme-backend] [           main] c.p.B.e.s.EligibilityEngineService       : 🔍 CASCADE NIP CHECK: product=BOB-LAP-0001, nipEligible=false, nipMaxAmount=0, requestedAmount=2500000, nipReasons=[TENURE_TOO_HIGH: tenure=180 > max=144 (condition=null)]
2026-07-06T17:57:58.404+05:30  INFO 42799 --- [pryme-backend] [           main] c.p.B.e.s.EligibilityEngineService       : 🚀 Initiating cascade evaluation for product=BOB-LAP-0002, lender=Bank of Baroda
2026-07-06T17:57:58.404+05:30  INFO 42799 --- [pryme-backend] [           main] c.p.B.e.s.EligibilityEngineService       :    STEP 3: empType='Self Employed Professional/Self Employed Non Professional' → normalized='Self Employed Non Professional', surrogate='NIP', product=BOB-LAP-0002
2026-07-06T17:57:58.404+05:30  WARN 42799 --- [pryme-backend] [           main] c.p.B.e.s.EligibilityEngineService       : ❌ Product BOB-LAP-0002 REJECTED for applicant [cibil=650, empType=Self Employed Professional/Self Employed Non Professional, propType=SHOP, age=23]. All 1 condition lanes failed. Reasons: [TENURE_TOO_HIGH: tenure=180 > max=144 (condition=null)]
2026-07-06T17:57:58.404+05:30  INFO 42799 --- [pryme-backend] [           main] c.p.B.e.s.EligibilityEngineService       : 🔍 CASCADE NIP CHECK: product=BOB-LAP-0002, nipEligible=false, nipMaxAmount=0, requestedAmount=2500000, nipReasons=[TENURE_TOO_HIGH: tenure=180 > max=144 (condition=null)]
2026-07-06T17:57:58.405+05:30  INFO 42799 --- [pryme-backend] [           main] c.p.B.e.s.EligibilityEngineService       : 🚀 Initiating cascade evaluation for product=SBI-LAP-0001, lender=SBI
2026-07-06T17:57:58.405+05:30  INFO 42799 --- [pryme-backend] [           main] c.p.B.e.s.EligibilityEngineService       :    STEP 3: empType='Salaried' → normalized='Salaried', surrogate='NIP', product=SBI-LAP-0001
2026-07-06T17:57:58.405+05:30  WARN 42799 --- [pryme-backend] [           main] c.p.B.e.s.EligibilityEngineService       : ⏭️ Product SBI-LAP-0001 has no conditions for empType='Salaried' (normalized='Salaried'), surrogate='NIP'. Skipping. DB conditions had empTypes: []
2026-07-06T17:57:58.405+05:30  INFO 42799 --- [pryme-backend] [           main] c.p.B.e.s.EligibilityEngineService       : 🔍 CASCADE NIP CHECK: product=SBI-LAP-0001, nipEligible=false, nipMaxAmount=0, requestedAmount=2500000, nipReasons=[No eligibility lane for empType=Salaried (normalized=Salaried), surrogate=NIP]
2026-07-06T17:57:58.405+05:30  INFO 42799 --- [pryme-backend] [           main] c.p.B.e.s.EligibilityEngineService       : 🚀 Initiating cascade evaluation for product=SBI-LAP-0002, lender=SBI
2026-07-06T17:57:58.406+05:30  INFO 42799 --- [pryme-backend] [           main] c.p.B.e.s.EligibilityEngineService       :    STEP 3: empType='Self Employed Professional/Self Employed Non Professional' → normalized='Self Employed Non Professional', surrogate='NIP', product=SBI-LAP-0002
2026-07-06T17:57:58.406+05:30  WARN 42799 --- [pryme-backend] [           main] c.p.B.e.s.EligibilityEngineService       : ⏭️ Product SBI-LAP-0002 has no conditions for empType='Self Employed Professional/Self Employed Non Professional' (normalized='Self Employed Non Professional'), surrogate='NIP'. Skipping. DB conditions had empTypes: []
2026-07-06T17:57:58.406+05:30  INFO 42799 --- [pryme-backend] [           main] c.p.B.e.s.EligibilityEngineService       : 🔍 CASCADE NIP CHECK: product=SBI-LAP-0002, nipEligible=false, nipMaxAmount=0, requestedAmount=2500000, nipReasons=[No eligibility lane for empType=Self Employed Professional/Self Employed Non Professional (normalized=Self Employed Non Professional), surrogate=NIP]
2026-07-06T17:57:58.406+05:30  INFO 42799 --- [pryme-backend] [           main] c.p.B.e.s.EligibilityEngineService       : 🚀 Initiating cascade evaluation for product=BAJAJ-LAP-0001, lender=Bajaj Finance
2026-07-06T17:57:58.406+05:30  INFO 42799 --- [pryme-backend] [           main] c.p.B.e.s.EligibilityEngineService       :    STEP 3: empType='Salaried' → normalized='Salaried', surrogate='NIP', product=BAJAJ-LAP-0001
2026-07-06T17:57:58.406+05:30  INFO 42799 --- [pryme-backend] [           main] c.p.B.e.s.EligibilityEngineService       : ✅ Product BAJAJ-LAP-0001 PASSED via condition lane [id=null, empType=Salaried, surrogate=NIP]
2026-07-06T17:57:58.407+05:30  INFO 42799 --- [pryme-backend] [           main] c.p.B.e.s.EligibilityEngineService       : 🔍 CASCADE NIP CHECK: product=BAJAJ-LAP-0001, nipEligible=false, nipMaxAmount=0, requestedAmount=3500000, nipReasons=[FOIR exceeded: effective limit is 70%]
2026-07-06T17:57:58.407+05:30  INFO 42799 --- [pryme-backend] [           main] c.p.B.e.s.EligibilityEngineService       : 🚀 Initiating cascade evaluation for product=BAJAJ-LAP-0002, lender=Bajaj Finance
2026-07-06T17:57:58.407+05:30  INFO 42799 --- [pryme-backend] [           main] c.p.B.e.s.EligibilityEngineService       :    STEP 3: empType='Self Employed Professional/Self Employed Non Professional' → normalized='Self Employed Non Professional', surrogate='NIP', product=BAJAJ-LAP-0002
2026-07-06T17:57:58.408+05:30  INFO 42799 --- [pryme-backend] [           main] c.p.B.e.s.EligibilityEngineService       : ✅ Product BAJAJ-LAP-0002 PASSED via condition lane [id=null, empType=Self Employed Professional/Self Employed Non Professional, surrogate=NIP]
2026-07-06T17:57:58.408+05:30  INFO 42799 --- [pryme-backend] [           main] c.p.B.e.s.EligibilityEngineService       : 🔍 CASCADE NIP CHECK: product=BAJAJ-LAP-0002, nipEligible=false, nipMaxAmount=0, requestedAmount=3500000, nipReasons=[LTV_EXCEEDED: requested 3500000.00, allowed 0.00 (LTV limit: 0%)]
2026-07-06T17:57:58.408+05:30  INFO 42799 --- [pryme-backend] [           main] c.p.B.e.s.EligibilityEngineService       : 🚀 Initiating cascade evaluation for product=BAJAJ-LAP-0002, lender=Bajaj Finance
2026-07-06T17:57:58.408+05:30  INFO 42799 --- [pryme-backend] [           main] c.p.B.e.s.EligibilityEngineService       :    STEP 3: empType='Self Employed Professional' → normalized='Self Employed Professional', surrogate='NIP', product=BAJAJ-LAP-0002
2026-07-06T17:57:58.408+05:30  INFO 42799 --- [pryme-backend] [           main] c.p.B.e.s.EligibilityEngineService       : ✅ Product BAJAJ-LAP-0002 PASSED via condition lane [id=null, empType=Self Employed Professional/Self Employed Non Professional, surrogate=NIP]
2026-07-06T17:57:58.409+05:30  INFO 42799 --- [pryme-backend] [           main] c.p.B.e.s.EligibilityEngineService       : 🔍 CASCADE NIP CHECK: product=BAJAJ-LAP-0002, nipEligible=false, nipMaxAmount=0, requestedAmount=3500000, nipReasons=[LTV_EXCEEDED: requested 3500000.00, allowed 0.00 (LTV limit: 0%)]
2026-07-06T17:57:58.409+05:30  INFO 42799 --- [pryme-backend] [           main] c.p.B.e.s.EligibilityEngineService       :    STEP 3: empType='Self Employed Professional' → normalized='Self Employed Professional', surrogate='SEP', product=BAJAJ-LAP-0002
2026-07-06T17:57:58.409+05:30  WARN 42799 --- [pryme-backend] [           main] c.p.B.e.service.SurrogateIncomeResolver  : SEP multiplier not found for lender=Bajaj Prime, profession=, loanType=LAP. Using default 1.5
2026-07-06T17:57:58.409+05:30  INFO 42799 --- [pryme-backend] [           main] c.p.B.e.s.EligibilityEngineService       : ✅ Product BAJAJ-LAP-0002 PASSED via condition lane [id=null, empType=Self Employed Professional, surrogate=SEP]
2026-07-06T17:57:58.410+05:30  INFO 42799 --- [pryme-backend] [           main] c.p.B.e.s.EligibilityEngineService       : 🚀 Initiating cascade evaluation for product=BAJAJ-LAP-0001, lender=Bajaj Finance
2026-07-06T17:57:58.410+05:30  INFO 42799 --- [pryme-backend] [           main] c.p.B.e.s.EligibilityEngineService       :    STEP 3: empType='Salaried' → normalized='Salaried', surrogate='NIP', product=BAJAJ-LAP-0001
2026-07-06T17:57:58.410+05:30  WARN 42799 --- [pryme-backend] [           main] c.p.B.e.s.EligibilityEngineService       : ❌ Product BAJAJ-LAP-0001 REJECTED for applicant [cibil=680, empType=Salaried, propType=FLAT, age=25]. All 1 condition lanes failed. Reasons: [INCOME_FLOOR_FAILED: income=1 < required=30000 (condition=null, surrogate=NIP)]
2026-07-06T17:57:58.410+05:30  INFO 42799 --- [pryme-backend] [           main] c.p.B.e.s.EligibilityEngineService       : 🔍 CASCADE NIP CHECK: product=BAJAJ-LAP-0001, nipEligible=false, nipMaxAmount=0, requestedAmount=3500000, nipReasons=[INCOME_FLOOR_FAILED: income=1 < required=30000 (condition=null, surrogate=NIP)]
2026-07-06T17:57:58.411+05:30  INFO 42799 --- [pryme-backend] [           main] c.p.B.e.s.EligibilityEngineService       : 🚀 Initiating cascade evaluation for product=BAJAJ-LAP-0002, lender=Bajaj Finance
2026-07-06T17:57:58.411+05:30  INFO 42799 --- [pryme-backend] [           main] c.p.B.e.s.EligibilityEngineService       :    STEP 3: empType='Self Employed Professional/Self Employed Non Professional' → normalized='Self Employed Non Professional', surrogate='NIP', product=BAJAJ-LAP-0002
2026-07-06T17:57:58.411+05:30  WARN 42799 --- [pryme-backend] [           main] c.p.B.e.s.EligibilityEngineService       : ❌ Product BAJAJ-LAP-0002 REJECTED for applicant [cibil=680, empType=Self Employed Professional/Self Employed Non Professional, propType=FLAT, age=25]. All 1 condition lanes failed. Reasons: [INCOME_FLOOR_FAILED: income=1 < required=30000 (condition=null, surrogate=NIP)]
2026-07-06T17:57:58.411+05:30  INFO 42799 --- [pryme-backend] [           main] c.p.B.e.s.EligibilityEngineService       : 🔍 CASCADE NIP CHECK: product=BAJAJ-LAP-0002, nipEligible=false, nipMaxAmount=0, requestedAmount=3500000, nipReasons=[INCOME_FLOOR_FAILED: income=1 < required=30000 (condition=null, surrogate=NIP)]
2026-07-06T17:57:58.411+05:30  INFO 42799 --- [pryme-backend] [           main] c.p.B.e.s.EligibilityEngineService       : 🚀 Initiating cascade evaluation for product=BAJAJ-LAP-0001, lender=Bajaj Finance
2026-07-06T17:57:58.411+05:30  INFO 42799 --- [pryme-backend] [           main] c.p.B.e.s.EligibilityEngineService       :    STEP 3: empType='Salaried' → normalized='Salaried', surrogate='NIP', product=BAJAJ-LAP-0001
2026-07-06T17:57:58.411+05:30  WARN 42799 --- [pryme-backend] [           main] c.p.B.e.s.EligibilityEngineService       : ❌ Product BAJAJ-LAP-0001 REJECTED for applicant [cibil=680, empType=Salaried, propType=SHOP, age=25]. All 1 condition lanes failed. Reasons: [INCOME_FLOOR_FAILED: income=1 < required=30000 (condition=null, surrogate=NIP)]
2026-07-06T17:57:58.412+05:30  INFO 42799 --- [pryme-backend] [           main] c.p.B.e.s.EligibilityEngineService       : 🔍 CASCADE NIP CHECK: product=BAJAJ-LAP-0001, nipEligible=false, nipMaxAmount=0, requestedAmount=3500000, nipReasons=[INCOME_FLOOR_FAILED: income=1 < required=30000 (condition=null, surrogate=NIP)]
2026-07-06T17:57:58.412+05:30  INFO 42799 --- [pryme-backend] [           main] c.p.B.e.s.EligibilityEngineService       : 🚀 Initiating cascade evaluation for product=BAJAJ-LAP-0002, lender=Bajaj Finance
2026-07-06T17:57:58.412+05:30  INFO 42799 --- [pryme-backend] [           main] c.p.B.e.s.EligibilityEngineService       :    STEP 3: empType='Self Employed Professional/Self Employed Non Professional' → normalized='Self Employed Non Professional', surrogate='NIP', product=BAJAJ-LAP-0002
2026-07-06T17:57:58.412+05:30  WARN 42799 --- [pryme-backend] [           main] c.p.B.e.s.EligibilityEngineService       : ❌ Product BAJAJ-LAP-0002 REJECTED for applicant [cibil=680, empType=Self Employed Professional/Self Employed Non Professional, propType=SHOP, age=25]. All 1 condition lanes failed. Reasons: [INCOME_FLOOR_FAILED: income=1 < required=30000 (condition=null, surrogate=NIP)]
2026-07-06T17:57:58.413+05:30  INFO 42799 --- [pryme-backend] [           main] c.p.B.e.s.EligibilityEngineService       : 🔍 CASCADE NIP CHECK: product=BAJAJ-LAP-0002, nipEligible=false, nipMaxAmount=0, requestedAmount=3500000, nipReasons=[INCOME_FLOOR_FAILED: income=1 < required=30000 (condition=null, surrogate=NIP)]
2026-07-06T17:57:58.413+05:30  INFO 42799 --- [pryme-backend] [           main] c.p.B.e.s.EligibilityEngineService       : 🚀 Initiating cascade evaluation for product=BAJAJ-LAP-0002, lender=Bajaj Finance
2026-07-06T17:57:58.413+05:30  INFO 42799 --- [pryme-backend] [           main] c.p.B.e.s.EligibilityEngineService       :    STEP 3: empType='Self Employed Professional/Self Employed Non Professional' → normalized='Self Employed Non Professional', surrogate='NIP', product=BAJAJ-LAP-0002
2026-07-06T17:57:58.413+05:30  INFO 42799 --- [pryme-backend] [           main] c.p.B.e.s.EligibilityEngineService       : ✅ Product BAJAJ-LAP-0002 PASSED via condition lane [id=null, empType=Self Employed Professional/Self Employed Non Professional, surrogate=NIP]
2026-07-06T17:57:58.414+05:30  INFO 42799 --- [pryme-backend] [           main] c.p.B.e.s.EligibilityEngineService       : 🔍 CASCADE NIP CHECK: product=BAJAJ-LAP-0002, nipEligible=false, nipMaxAmount=0, requestedAmount=3500000, nipReasons=[LTV_EXCEEDED: requested 3500000.00, allowed 0.00 (LTV limit: 0%)]
2026-07-06T17:57:58.414+05:30  INFO 42799 --- [pryme-backend] [           main] c.p.B.e.s.EligibilityEngineService       :    STEP 3: empType='Self Employed Professional/Self Employed Non Professional' → normalized='Self Employed Non Professional', surrogate='BANKING', product=BAJAJ-LAP-0002
2026-07-06T17:57:58.414+05:30  INFO 42799 --- [pryme-backend] [           main] c.p.B.e.s.EligibilityEngineService       : ✅ Product BAJAJ-LAP-0002 PASSED via condition lane [id=null, empType=Self Employed Professional/Self Employed Non Professional, surrogate=Banking]
2026-07-06T17:57:58.414+05:30  INFO 42799 --- [pryme-backend] [           main] c.p.B.e.s.EligibilityEngineService       : 🚀 Initiating cascade evaluation for product=BAJAJ-LAP-0002, lender=Bajaj Finance
2026-07-06T17:57:58.415+05:30  INFO 42799 --- [pryme-backend] [           main] c.p.B.e.s.EligibilityEngineService       :    STEP 3: empType='Self Employed Professional/Self Employed Non Professional' → normalized='Self Employed Non Professional', surrogate='NIP', product=BAJAJ-LAP-0002
2026-07-06T17:57:58.415+05:30  INFO 42799 --- [pryme-backend] [           main] c.p.B.e.s.EligibilityEngineService       : ✅ Product BAJAJ-LAP-0002 PASSED via condition lane [id=null, empType=Self Employed Professional/Self Employed Non Professional, surrogate=NIP]
2026-07-06T17:57:58.415+05:30  INFO 42799 --- [pryme-backend] [           main] c.p.B.e.s.EligibilityEngineService       : 🔍 CASCADE NIP CHECK: product=BAJAJ-LAP-0002, nipEligible=false, nipMaxAmount=0, requestedAmount=3500000, nipReasons=[LTV_EXCEEDED: requested 3500000.00, allowed 0.00 (LTV limit: 0%)]
2026-07-06T17:57:58.415+05:30  INFO 42799 --- [pryme-backend] [           main] c.p.B.e.s.EligibilityEngineService       :    STEP 3: empType='Self Employed Professional/Self Employed Non Professional' → normalized='Self Employed Non Professional', surrogate='GST', product=BAJAJ-LAP-0002
2026-07-06T17:57:58.415+05:30  INFO 42799 --- [pryme-backend] [           main] c.p.B.e.s.EligibilityEngineService       : ✅ Product BAJAJ-LAP-0002 PASSED via condition lane [id=null, empType=Self Employed Professional/Self Employed Non Professional, surrogate=GST]
2026-07-06T17:57:58.416+05:30  INFO 42799 --- [pryme-backend] [           main] c.p.B.e.s.EligibilityEngineService       : 🚀 Initiating cascade evaluation for product=BAJAJ-LAP-0002, lender=Bajaj Finance
2026-07-06T17:57:58.416+05:30  INFO 42799 --- [pryme-backend] [           main] c.p.B.e.s.EligibilityEngineService       :    STEP 3: empType='Self Employed Professional/Self Employed Non Professional' → normalized='Self Employed Non Professional', surrogate='NIP', product=BAJAJ-LAP-0002
2026-07-06T17:57:58.416+05:30  INFO 42799 --- [pryme-backend] [           main] c.p.B.e.s.EligibilityEngineService       : ✅ Product BAJAJ-LAP-0002 PASSED via condition lane [id=null, empType=Self Employed Professional/Self Employed Non Professional, surrogate=NIP]
2026-07-06T17:57:58.416+05:30  INFO 42799 --- [pryme-backend] [           main] c.p.B.e.s.EligibilityEngineService       : 🔍 CASCADE NIP CHECK: product=BAJAJ-LAP-0002, nipEligible=false, nipMaxAmount=0, requestedAmount=3500000, nipReasons=[LTV_EXCEEDED: requested 3500000.00, allowed 0.00 (LTV limit: 0%)]
2026-07-06T17:57:58.416+05:30  INFO 42799 --- [pryme-backend] [           main] c.p.B.e.s.EligibilityEngineService       :    STEP 3: empType='Self Employed Professional/Self Employed Non Professional' → normalized='Self Employed Non Professional', surrogate='GST', product=BAJAJ-LAP-0002
2026-07-06T17:57:58.416+05:30  INFO 42799 --- [pryme-backend] [           main] c.p.B.e.s.EligibilityEngineService       : ✅ Product BAJAJ-LAP-0002 PASSED via condition lane [id=null, empType=Self Employed Professional/Self Employed Non Professional, surrogate=GST]
2026-07-06T17:57:58.417+05:30  INFO 42799 --- [pryme-backend] [           main] c.p.B.e.s.EligibilityEngineService       : 🚀 Initiating cascade evaluation for product=YES-LAP-0001, lender=YES BANK
2026-07-06T17:57:58.418+05:30  INFO 42799 --- [pryme-backend] [           main] c.p.B.e.s.EligibilityEngineService       :    STEP 3: empType='Salaried' → normalized='Salaried', surrogate='NIP', product=YES-LAP-0001
2026-07-06T17:57:58.418+05:30  INFO 42799 --- [pryme-backend] [           main] c.p.B.e.s.EligibilityEngineService       : ✅ Product YES-LAP-0001 PASSED via condition lane [id=null, empType=Salaried, surrogate=NIP]
2026-07-06T17:57:58.418+05:30  INFO 42799 --- [pryme-backend] [           main] c.p.B.e.s.EligibilityEngineService       : 🔍 CASCADE NIP CHECK: product=YES-LAP-0001, nipEligible=false, nipMaxAmount=0, requestedAmount=2500000, nipReasons=[LTV_EXCEEDED: requested 2500000.00, allowed 0.00 (LTV limit: 0%)]
2026-07-06T17:57:58.419+05:30  INFO 42799 --- [pryme-backend] [           main] c.p.B.e.s.EligibilityEngineService       : 🚀 Initiating cascade evaluation for product=YES-LAP-0002, lender=YES BANK
2026-07-06T17:57:58.419+05:30  INFO 42799 --- [pryme-backend] [           main] c.p.B.e.s.EligibilityEngineService       :    STEP 3: empType='Self Employed Professional/Self Employed Non Professional' → normalized='Self Employed Non Professional', surrogate='NIP', product=YES-LAP-0002
2026-07-06T17:57:58.419+05:30  INFO 42799 --- [pryme-backend] [           main] c.p.B.e.s.EligibilityEngineService       : ✅ Product YES-LAP-0002 PASSED via condition lane [id=null, empType=Self Employed Professional/Self Employed Non Professional, surrogate=NIP]
2026-07-06T17:57:58.419+05:30  INFO 42799 --- [pryme-backend] [           main] c.p.B.e.s.EligibilityEngineService       : 🔍 CASCADE NIP CHECK: product=YES-LAP-0002, nipEligible=false, nipMaxAmount=0, requestedAmount=2500000, nipReasons=[LTV_EXCEEDED: requested 2500000.00, allowed 0.00 (LTV limit: 0%)]
2026-07-06T17:57:58.421+05:30  INFO 42799 --- [pryme-backend] [           main] c.p.B.e.s.EligibilityEngineService       : 🚀 Initiating cascade evaluation for product=YES-LAP-0001, lender=YES BANK
2026-07-06T17:57:58.421+05:30  INFO 42799 --- [pryme-backend] [           main] c.p.B.e.s.EligibilityEngineService       :    STEP 3: empType='Salaried' → normalized='Salaried', surrogate='NIP', product=YES-LAP-0001
2026-07-06T17:57:58.421+05:30  WARN 42799 --- [pryme-backend] [           main] c.p.B.e.s.EligibilityEngineService       : ❌ Product YES-LAP-0001 REJECTED for applicant [cibil=680, empType=Salaried, propType=FLAT, age=25]. All 1 condition lanes failed. Reasons: [INCOME_FLOOR_FAILED: income=1 < required=40000 (condition=null, surrogate=NIP)]
2026-07-06T17:57:58.421+05:30  INFO 42799 --- [pryme-backend] [           main] c.p.B.e.s.EligibilityEngineService       : 🔍 CASCADE NIP CHECK: product=YES-LAP-0001, nipEligible=false, nipMaxAmount=0, requestedAmount=2500000, nipReasons=[INCOME_FLOOR_FAILED: income=1 < required=40000 (condition=null, surrogate=NIP)]
2026-07-06T17:57:58.422+05:30  INFO 42799 --- [pryme-backend] [           main] c.p.B.e.s.EligibilityEngineService       : 🚀 Initiating cascade evaluation for product=YES-LAP-0001, lender=YES BANK
2026-07-06T17:57:58.422+05:30  INFO 42799 --- [pryme-backend] [           main] c.p.B.e.s.EligibilityEngineService       :    STEP 3: empType='Salaried' → normalized='Salaried', surrogate='NIP', product=YES-LAP-0001
2026-07-06T17:57:58.422+05:30  WARN 42799 --- [pryme-backend] [           main] c.p.B.e.s.EligibilityEngineService       : ❌ Product YES-LAP-0001 REJECTED for applicant [cibil=680, empType=Salaried, propType=SHOP, age=25]. All 1 condition lanes failed. Reasons: [INCOME_FLOOR_FAILED: income=1 < required=40000 (condition=null, surrogate=NIP)]
2026-07-06T17:57:58.423+05:30  INFO 42799 --- [pryme-backend] [           main] c.p.B.e.s.EligibilityEngineService       : 🔍 CASCADE NIP CHECK: product=YES-LAP-0001, nipEligible=false, nipMaxAmount=0, requestedAmount=2500000, nipReasons=[INCOME_FLOOR_FAILED: income=1 < required=40000 (condition=null, surrogate=NIP)]
2026-07-06T17:57:58.424+05:30  INFO 42799 --- [pryme-backend] [           main] c.p.B.e.s.EligibilityEngineService       : 🚀 Initiating cascade evaluation for product=YES-LAP-0001, lender=YES BANK
2026-07-06T17:57:58.424+05:30  INFO 42799 --- [pryme-backend] [           main] c.p.B.e.s.EligibilityEngineService       :    STEP 3: empType='Salaried' → normalized='Salaried', surrogate='NIP', product=YES-LAP-0001
2026-07-06T17:57:58.424+05:30  WARN 42799 --- [pryme-backend] [           main] c.p.B.e.s.EligibilityEngineService       : ❌ Product YES-LAP-0001 REJECTED for applicant [cibil=680, empType=Salaried, propType=FACTORIES, age=25]. All 1 condition lanes failed. Reasons: [INCOME_FLOOR_FAILED: income=1 < required=40000 (condition=null, surrogate=NIP)]
2026-07-06T17:57:58.424+05:30  INFO 42799 --- [pryme-backend] [           main] c.p.B.e.s.EligibilityEngineService       : 🔍 CASCADE NIP CHECK: product=YES-LAP-0001, nipEligible=false, nipMaxAmount=0, requestedAmount=2500000, nipReasons=[INCOME_FLOOR_FAILED: income=1 < required=40000 (condition=null, surrogate=NIP)]
2026-07-06T17:57:58.425+05:30  INFO 42799 --- [pryme-backend] [           main] c.p.B.e.s.EligibilityEngineService       : 🚀 Initiating cascade evaluation for product=YES-LAP-0002, lender=YES BANK
2026-07-06T17:57:58.425+05:30  INFO 42799 --- [pryme-backend] [           main] c.p.B.e.s.EligibilityEngineService       :    STEP 3: empType='Self Employed Professional/Self Employed Non Professional' → normalized='Self Employed Non Professional', surrogate='NIP', product=YES-LAP-0002
2026-07-06T17:57:58.425+05:30  WARN 42799 --- [pryme-backend] [           main] c.p.B.e.s.EligibilityEngineService       : ❌ Product YES-LAP-0002 REJECTED for applicant [cibil=680, empType=Self Employed Professional/Self Employed Non Professional, propType=FLAT, age=25]. All 1 condition lanes failed. Reasons: [INCOME_FLOOR_FAILED: income=1 < required=40000 (condition=null, surrogate=NIP)]
2026-07-06T17:57:58.425+05:30  INFO 42799 --- [pryme-backend] [           main] c.p.B.e.s.EligibilityEngineService       : 🔍 CASCADE NIP CHECK: product=YES-LAP-0002, nipEligible=false, nipMaxAmount=0, requestedAmount=2500000, nipReasons=[INCOME_FLOOR_FAILED: income=1 < required=40000 (condition=null, surrogate=NIP)]
2026-07-06T17:57:58.426+05:30  INFO 42799 --- [pryme-backend] [           main] c.p.B.e.s.EligibilityEngineService       : 🚀 Initiating cascade evaluation for product=YES-LAP-0002, lender=YES BANK
2026-07-06T17:57:58.426+05:30  INFO 42799 --- [pryme-backend] [           main] c.p.B.e.s.EligibilityEngineService       :    STEP 3: empType='Self Employed Professional/Self Employed Non Professional' → normalized='Self Employed Non Professional', surrogate='NIP', product=YES-LAP-0002
2026-07-06T17:57:58.426+05:30  WARN 42799 --- [pryme-backend] [           main] c.p.B.e.s.EligibilityEngineService       : ❌ Product YES-LAP-0002 REJECTED for applicant [cibil=680, empType=Self Employed Professional/Self Employed Non Professional, propType=SHOP, age=25]. All 1 condition lanes failed. Reasons: [INCOME_FLOOR_FAILED: income=1 < required=40000 (condition=null, surrogate=NIP)]
2026-07-06T17:57:58.426+05:30  INFO 42799 --- [pryme-backend] [           main] c.p.B.e.s.EligibilityEngineService       : 🔍 CASCADE NIP CHECK: product=YES-LAP-0002, nipEligible=false, nipMaxAmount=0, requestedAmount=2500000, nipReasons=[INCOME_FLOOR_FAILED: income=1 < required=40000 (condition=null, surrogate=NIP)]
2026-07-06T17:57:58.427+05:30  INFO 42799 --- [pryme-backend] [           main] c.p.B.e.s.EligibilityEngineService       : 🚀 Initiating cascade evaluation for product=YES-LAP-0002, lender=YES BANK
2026-07-06T17:57:58.427+05:30  INFO 42799 --- [pryme-backend] [           main] c.p.B.e.s.EligibilityEngineService       :    STEP 3: empType='Self Employed Professional/Self Employed Non Professional' → normalized='Self Employed Non Professional', surrogate='NIP', product=YES-LAP-0002
2026-07-06T17:57:58.427+05:30  WARN 42799 --- [pryme-backend] [           main] c.p.B.e.s.EligibilityEngineService       : ❌ Product YES-LAP-0002 REJECTED for applicant [cibil=680, empType=Self Employed Professional/Self Employed Non Professional, propType=FACTORIES, age=25]. All 1 condition lanes failed. Reasons: [INCOME_FLOOR_FAILED: income=1 < required=40000 (condition=null, surrogate=NIP)]
2026-07-06T17:57:58.427+05:30  INFO 42799 --- [pryme-backend] [           main] c.p.B.e.s.EligibilityEngineService       : 🔍 CASCADE NIP CHECK: product=YES-LAP-0002, nipEligible=false, nipMaxAmount=0, requestedAmount=2500000, nipReasons=[INCOME_FLOOR_FAILED: income=1 < required=40000 (condition=null, surrogate=NIP)]
2026-07-06T17:57:58.428+05:30  INFO 42799 --- [pryme-backend] [           main] c.p.B.e.s.EligibilityEngineService       : 🚀 Initiating cascade evaluation for product=YES-LAP-0001, lender=YES BANK
2026-07-06T17:57:58.428+05:30  INFO 42799 --- [pryme-backend] [           main] c.p.B.e.s.EligibilityEngineService       :    STEP 3: empType='Self Employed Professional' → normalized='Self Employed Professional', surrogate='NIP', product=YES-LAP-0001
2026-07-06T17:57:58.428+05:30  INFO 42799 --- [pryme-backend] [           main] c.p.B.e.s.EligibilityEngineService       : ✅ Product YES-LAP-0001 PASSED via condition lane [id=null, empType=Self Employed Professional/Self Employed Non Professional, surrogate=NIP]
2026-07-06T17:57:58.429+05:30  INFO 42799 --- [pryme-backend] [           main] c.p.B.e.s.EligibilityEngineService       : 🔍 CASCADE NIP CHECK: product=YES-LAP-0001, nipEligible=false, nipMaxAmount=0, requestedAmount=2500000, nipReasons=[LTV_EXCEEDED: requested 2500000.00, allowed 0.00 (LTV limit: 0%)]
2026-07-06T17:57:58.429+05:30  INFO 42799 --- [pryme-backend] [           main] c.p.B.e.s.EligibilityEngineService       :    STEP 3: empType='Self Employed Professional' → normalized='Self Employed Professional', surrogate='SEP', product=YES-LAP-0001
2026-07-06T17:57:58.429+05:30  WARN 42799 --- [pryme-backend] [           main] c.p.B.e.service.SurrogateIncomeResolver  : SEP multiplier not found for lender=YES BANK, profession=, loanType=LAP. Using default 1.5
2026-07-06T17:57:58.429+05:30  INFO 42799 --- [pryme-backend] [           main] c.p.B.e.s.EligibilityEngineService       : ✅ Product YES-LAP-0001 PASSED via condition lane [id=null, empType=Self Employed Professional, surrogate=SEP]
2026-07-06T17:57:58.430+05:30  INFO 42799 --- [pryme-backend] [           main] c.p.B.e.s.EligibilityEngineService       : 🚀 Initiating cascade evaluation for product=YES-LAP-0001, lender=YES BANK
2026-07-06T17:57:58.430+05:30  INFO 42799 --- [pryme-backend] [           main] c.p.B.e.s.EligibilityEngineService       :    STEP 3: empType='Self Employed Professional' → normalized='Self Employed Professional', surrogate='NIP', product=YES-LAP-0001
2026-07-06T17:57:58.430+05:30  INFO 42799 --- [pryme-backend] [           main] c.p.B.e.s.EligibilityEngineService       : ✅ Product YES-LAP-0001 PASSED via condition lane [id=null, empType=Self Employed Professional/Self Employed Non Professional, surrogate=NIP]
2026-07-06T17:57:58.430+05:30  INFO 42799 --- [pryme-backend] [           main] c.p.B.e.s.EligibilityEngineService       : 🔍 CASCADE NIP CHECK: product=YES-LAP-0001, nipEligible=false, nipMaxAmount=0, requestedAmount=2500000, nipReasons=[LTV_EXCEEDED: requested 2500000.00, allowed 0.00 (LTV limit: 0%)]
2026-07-06T17:57:58.430+05:30  INFO 42799 --- [pryme-backend] [           main] c.p.B.e.s.EligibilityEngineService       :    STEP 3: empType='Self Employed Professional' → normalized='Self Employed Professional', surrogate='SEP', product=YES-LAP-0001
2026-07-06T17:57:58.430+05:30  WARN 42799 --- [pryme-backend] [           main] c.p.B.e.service.SurrogateIncomeResolver  : SEP multiplier not found for lender=YES BANK, profession=, loanType=LAP. Using default 1.5
2026-07-06T17:57:58.430+05:30  INFO 42799 --- [pryme-backend] [           main] c.p.B.e.s.EligibilityEngineService       : ✅ Product YES-LAP-0001 PASSED via condition lane [id=null, empType=Self Employed Professional, surrogate=SEP]
2026-07-06T17:57:58.431+05:30  INFO 42799 --- [pryme-backend] [           main] c.p.B.e.s.EligibilityEngineService       : 🚀 Initiating cascade evaluation for product=YES-LAP-0001, lender=YES BANK
2026-07-06T17:57:58.431+05:30  INFO 42799 --- [pryme-backend] [           main] c.p.B.e.s.EligibilityEngineService       :    STEP 3: empType='Self Employed Professional' → normalized='Self Employed Professional', surrogate='NIP', product=YES-LAP-0001
2026-07-06T17:57:58.431+05:30  INFO 42799 --- [pryme-backend] [           main] c.p.B.e.s.EligibilityEngineService       : ✅ Product YES-LAP-0001 PASSED via condition lane [id=null, empType=Self Employed Professional/Self Employed Non Professional, surrogate=NIP]
2026-07-06T17:57:58.431+05:30  INFO 42799 --- [pryme-backend] [           main] c.p.B.e.s.EligibilityEngineService       : 🔍 CASCADE NIP CHECK: product=YES-LAP-0001, nipEligible=false, nipMaxAmount=0, requestedAmount=2500000, nipReasons=[LTV_EXCEEDED: requested 2500000.00, allowed 0.00 (LTV limit: 0%)]
2026-07-06T17:57:58.432+05:30  WARN 42799 --- [pryme-backend] [           main] c.p.B.e.s.EligibilityEngineService       : Unknown program type name: CPMSEP. Falling back to NIP.
2026-07-06T17:57:58.432+05:30  INFO 42799 --- [pryme-backend] [           main] c.p.B.e.s.EligibilityEngineService       :    STEP 3: empType='Self Employed Professional' → normalized='Self Employed Professional', surrogate='CPMSEP', product=YES-LAP-0001
2026-07-06T17:57:58.432+05:30  WARN 42799 --- [pryme-backend] [           main] c.p.B.e.s.EligibilityEngineService       : Surrogate program 'CPMSEP' evaluation failed for product=YES-LAP-0001: No surrogate policy found for program: CPMSEP
2026-07-06T17:57:58.432+05:30  INFO 42799 --- [pryme-backend] [           main] c.p.B.e.s.EligibilityEngineService       : 🚀 Initiating cascade evaluation for product=YES-LAP-0001, lender=YES BANK
2026-07-06T17:57:58.432+05:30  INFO 42799 --- [pryme-backend] [           main] c.p.B.e.s.EligibilityEngineService       :    STEP 3: empType='Self Employed Professional' → normalized='Self Employed Professional', surrogate='NIP', product=YES-LAP-0001
2026-07-06T17:57:58.432+05:30  INFO 42799 --- [pryme-backend] [           main] c.p.B.e.s.EligibilityEngineService       : ✅ Product YES-LAP-0001 PASSED via condition lane [id=null, empType=Self Employed Professional/Self Employed Non Professional, surrogate=NIP]
2026-07-06T17:57:58.433+05:30  INFO 42799 --- [pryme-backend] [           main] c.p.B.e.s.EligibilityEngineService       : 🔍 CASCADE NIP CHECK: product=YES-LAP-0001, nipEligible=false, nipMaxAmount=0, requestedAmount=2500000, nipReasons=[LTV_EXCEEDED: requested 2500000.00, allowed 0.00 (LTV limit: 0%)]
2026-07-06T17:57:58.433+05:30  WARN 42799 --- [pryme-backend] [           main] c.p.B.e.s.EligibilityEngineService       : Unknown program type name: CPMSEP. Falling back to NIP.
2026-07-06T17:57:58.433+05:30  INFO 42799 --- [pryme-backend] [           main] c.p.B.e.s.EligibilityEngineService       :    STEP 3: empType='Self Employed Professional' → normalized='Self Employed Professional', surrogate='CPMSEP', product=YES-LAP-0001
2026-07-06T17:57:58.433+05:30  WARN 42799 --- [pryme-backend] [           main] c.p.B.e.s.EligibilityEngineService       : Surrogate program 'CPMSEP' evaluation failed for product=YES-LAP-0001: No surrogate policy found for program: CPMSEP
2026-07-06T17:57:58.434+05:30  INFO 42799 --- [pryme-backend] [           main] c.p.B.e.s.EligibilityEngineService       : 🚀 Initiating cascade evaluation for product=YES-LAP-0002, lender=YES BANK
2026-07-06T17:57:58.434+05:30  INFO 42799 --- [pryme-backend] [           main] c.p.B.e.s.EligibilityEngineService       :    STEP 3: empType='Self Employed Professional/Self Employed Non Professional' → normalized='Self Employed Non Professional', surrogate='NIP', product=YES-LAP-0002
2026-07-06T17:57:58.434+05:30  INFO 42799 --- [pryme-backend] [           main] c.p.B.e.s.EligibilityEngineService       : ✅ Product YES-LAP-0002 PASSED via condition lane [id=null, empType=Self Employed Professional/Self Employed Non Professional, surrogate=NIP]
2026-07-06T17:57:58.434+05:30  INFO 42799 --- [pryme-backend] [           main] c.p.B.e.s.EligibilityEngineService       : 🔍 CASCADE NIP CHECK: product=YES-LAP-0002, nipEligible=false, nipMaxAmount=0, requestedAmount=2500000, nipReasons=[LTV_EXCEEDED: requested 2500000.00, allowed 0.00 (LTV limit: 0%)]
2026-07-06T17:57:58.434+05:30  INFO 42799 --- [pryme-backend] [           main] c.p.B.e.s.EligibilityEngineService       :    STEP 3: empType='Self Employed Professional/Self Employed Non Professional' → normalized='Self Employed Non Professional', surrogate='BANKING', product=YES-LAP-0002
2026-07-06T17:57:58.434+05:30  INFO 42799 --- [pryme-backend] [           main] c.p.B.e.s.EligibilityEngineService       : ✅ Product YES-LAP-0002 PASSED via condition lane [id=null, empType=Self Employed Professional/Self Employed Non Professional, surrogate=Banking]
2026-07-06T17:57:58.437+05:30  INFO 42799 --- [pryme-backend] [           main] c.p.B.e.s.EligibilityEngineService       : 🚀 Initiating cascade evaluation for product=YES-LAP-0002, lender=YES BANK
2026-07-06T17:57:58.437+05:30  INFO 42799 --- [pryme-backend] [           main] c.p.B.e.s.EligibilityEngineService       :    STEP 3: empType='Self Employed Professional/Self Employed Non Professional' → normalized='Self Employed Non Professional', surrogate='NIP', product=YES-LAP-0002
2026-07-06T17:57:58.438+05:30  INFO 42799 --- [pryme-backend] [           main] c.p.B.e.s.EligibilityEngineService       : ✅ Product YES-LAP-0002 PASSED via condition lane [id=null, empType=Self Employed Professional/Self Employed Non Professional, surrogate=NIP]
2026-07-06T17:57:58.438+05:30  INFO 42799 --- [pryme-backend] [           main] c.p.B.e.s.EligibilityEngineService       : 🔍 CASCADE NIP CHECK: product=YES-LAP-0002, nipEligible=false, nipMaxAmount=0, requestedAmount=2500000, nipReasons=[LTV_EXCEEDED: requested 2500000.00, allowed 0.00 (LTV limit: 0%)]
2026-07-06T17:57:58.438+05:30  INFO 42799 --- [pryme-backend] [           main] c.p.B.e.s.EligibilityEngineService       :    STEP 3: empType='Self Employed Professional/Self Employed Non Professional' → normalized='Self Employed Non Professional', surrogate='GST', product=YES-LAP-0002
2026-07-06T17:57:58.438+05:30  INFO 42799 --- [pryme-backend] [           main] c.p.B.e.s.EligibilityEngineService       : ✅ Product YES-LAP-0002 PASSED via condition lane [id=null, empType=Self Employed Professional/Self Employed Non Professional, surrogate=GST]
2026-07-06T17:57:58.439+05:30  INFO 42799 --- [pryme-backend] [           main] c.p.B.e.s.EligibilityEngineService       : 🚀 Initiating cascade evaluation for product=HDFC-LAP-0001, lender=HDFC Bank
2026-07-06T17:57:58.439+05:30  INFO 42799 --- [pryme-backend] [           main] c.p.B.e.s.EligibilityEngineService       :    STEP 3: empType='Salaried' → normalized='Salaried', surrogate='NIP', product=HDFC-LAP-0001
2026-07-06T17:57:58.439+05:30  INFO 42799 --- [pryme-backend] [           main] c.p.B.e.s.EligibilityEngineService       : ✅ Product HDFC-LAP-0001 PASSED via condition lane [id=null, empType=Salaried, surrogate=NIP]
2026-07-06T17:57:58.439+05:30  INFO 42799 --- [pryme-backend] [           main] c.p.B.e.s.EligibilityEngineService       : 🔍 CASCADE NIP CHECK: product=HDFC-LAP-0001, nipEligible=false, nipMaxAmount=0, requestedAmount=2500000, nipReasons=[LTV_EXCEEDED: requested 2500000.00, allowed 0.00 (LTV limit: 0%)]
2026-07-06T17:57:58.440+05:30  INFO 42799 --- [pryme-backend] [           main] c.p.B.e.s.EligibilityEngineService       : 🚀 Initiating cascade evaluation for product=HDFC-LAP-0002, lender=HDFC Bank
2026-07-06T17:57:58.441+05:30  INFO 42799 --- [pryme-backend] [           main] c.p.B.e.s.EligibilityEngineService       :    STEP 3: empType='Self Employed Professional/Self Employed Non Professional' → normalized='Self Employed Non Professional', surrogate='NIP', product=HDFC-LAP-0002
2026-07-06T17:57:58.441+05:30  INFO 42799 --- [pryme-backend] [           main] c.p.B.e.s.EligibilityEngineService       : ✅ Product HDFC-LAP-0002 PASSED via condition lane [id=null, empType=Self Employed Professional/Self Employed Non Professional, surrogate=NIP]
2026-07-06T17:57:58.441+05:30  INFO 42799 --- [pryme-backend] [           main] c.p.B.e.s.EligibilityEngineService       : 🔍 CASCADE NIP CHECK: product=HDFC-LAP-0002, nipEligible=false, nipMaxAmount=0, requestedAmount=2500000, nipReasons=[LTV_EXCEEDED: requested 2500000.00, allowed 0.00 (LTV limit: 0%)]
2026-07-06T17:57:58.441+05:30  INFO 42799 --- [pryme-backend] [           main] c.p.B.e.s.EligibilityEngineService       : 🚀 Initiating cascade evaluation for product=HDFC-LAP-0002, lender=HDFC Bank
2026-07-06T17:57:58.441+05:30  INFO 42799 --- [pryme-backend] [           main] c.p.B.e.s.EligibilityEngineService       :    STEP 3: empType='Self Employed Professional/Self Employed Non Professional' → normalized='Self Employed Non Professional', surrogate='NIP', product=HDFC-LAP-0002
2026-07-06T17:57:58.442+05:30  INFO 42799 --- [pryme-backend] [           main] c.p.B.e.s.EligibilityEngineService       : ✅ Product HDFC-LAP-0002 PASSED via condition lane [id=null, empType=Self Employed Professional/Self Employed Non Professional, surrogate=NIP]
2026-07-06T17:57:58.442+05:30  INFO 42799 --- [pryme-backend] [           main] c.p.B.e.s.EligibilityEngineService       : 🔍 CASCADE NIP CHECK: product=HDFC-LAP-0002, nipEligible=false, nipMaxAmount=0, requestedAmount=2500000, nipReasons=[LTV_EXCEEDED: requested 2500000.00, allowed 0.00 (LTV limit: 0%)]
2026-07-06T17:57:58.442+05:30  INFO 42799 --- [pryme-backend] [           main] c.p.B.e.s.EligibilityEngineService       :    STEP 3: empType='Self Employed Professional/Self Employed Non Professional' → normalized='Self Employed Non Professional', surrogate='BANKING', product=HDFC-LAP-0002
2026-07-06T17:57:58.442+05:30  INFO 42799 --- [pryme-backend] [           main] c.p.B.e.s.EligibilityEngineService       : ✅ Product HDFC-LAP-0002 PASSED via condition lane [id=null, empType=Self Employed Professional/Self Employed Non Professional, surrogate=Banking]
2026-07-06T17:57:58.443+05:30  INFO 42799 --- [pryme-backend] [           main] c.p.B.e.s.EligibilityEngineService       : 🚀 Initiating cascade evaluation for product=HDFC-LAP-0002, lender=HDFC Bank
2026-07-06T17:57:58.443+05:30  INFO 42799 --- [pryme-backend] [           main] c.p.B.e.s.EligibilityEngineService       :    STEP 3: empType='Self Employed Professional/Self Employed Non Professional' → normalized='Self Employed Non Professional', surrogate='NIP', product=HDFC-LAP-0002
2026-07-06T17:57:58.443+05:30  INFO 42799 --- [pryme-backend] [           main] c.p.B.e.s.EligibilityEngineService       : ✅ Product HDFC-LAP-0002 PASSED via condition lane [id=null, empType=Self Employed Professional/Self Employed Non Professional, surrogate=NIP]
2026-07-06T17:57:58.443+05:30  INFO 42799 --- [pryme-backend] [           main] c.p.B.e.s.EligibilityEngineService       : 🔍 CASCADE NIP CHECK: product=HDFC-LAP-0002, nipEligible=false, nipMaxAmount=0, requestedAmount=2500000, nipReasons=[LTV_EXCEEDED: requested 2500000.00, allowed 0.00 (LTV limit: 0%)]
2026-07-06T17:57:58.443+05:30  INFO 42799 --- [pryme-backend] [           main] c.p.B.e.s.EligibilityEngineService       :    STEP 3: empType='Self Employed Professional/Self Employed Non Professional' → normalized='Self Employed Non Professional', surrogate='GST', product=HDFC-LAP-0002
2026-07-06T17:57:58.443+05:30  INFO 42799 --- [pryme-backend] [           main] c.p.B.e.s.EligibilityEngineService       : ✅ Product HDFC-LAP-0002 PASSED via condition lane [id=null, empType=Self Employed Professional/Self Employed Non Professional, surrogate=GST]
2026-07-06T17:57:58.444+05:30  INFO 42799 --- [pryme-backend] [           main] c.p.B.e.s.EligibilityEngineService       : 🚀 Initiating cascade evaluation for product=HDFC-LAP-0002, lender=HDFC Bank
2026-07-06T17:57:58.444+05:30  INFO 42799 --- [pryme-backend] [           main] c.p.B.e.s.EligibilityEngineService       :    STEP 3: empType='Self Employed Professional/Self Employed Non Professional' → normalized='Self Employed Non Professional', surrogate='NIP', product=HDFC-LAP-0002
2026-07-06T17:57:58.444+05:30  INFO 42799 --- [pryme-backend] [           main] c.p.B.e.s.EligibilityEngineService       : ✅ Product HDFC-LAP-0002 PASSED via condition lane [id=null, empType=Self Employed Professional/Self Employed Non Professional, surrogate=NIP]
2026-07-06T17:57:58.444+05:30  INFO 42799 --- [pryme-backend] [           main] c.p.B.e.s.EligibilityEngineService       : 🔍 CASCADE NIP CHECK: product=HDFC-LAP-0002, nipEligible=false, nipMaxAmount=0, requestedAmount=2500000, nipReasons=[LTV_EXCEEDED: requested 2500000.00, allowed 0.00 (LTV limit: 0%)]
2026-07-06T17:57:58.444+05:30  INFO 42799 --- [pryme-backend] [           main] c.p.B.e.s.EligibilityEngineService       :    STEP 3: empType='Self Employed Professional/Self Employed Non Professional' → normalized='Self Employed Non Professional', surrogate='GST', product=HDFC-LAP-0002
2026-07-06T17:57:58.444+05:30  INFO 42799 --- [pryme-backend] [           main] c.p.B.e.s.EligibilityEngineService       : ✅ Product HDFC-LAP-0002 PASSED via condition lane [id=null, empType=Self Employed Professional/Self Employed Non Professional, surrogate=GST]
2026-07-06T17:57:58.445+05:30  INFO 42799 --- [pryme-backend] [           main] c.p.B.e.s.EligibilityEngineService       : 🚀 Initiating cascade evaluation for product=HDFC-LAP-0002, lender=HDFC Bank
2026-07-06T17:57:58.445+05:30  INFO 42799 --- [pryme-backend] [           main] c.p.B.e.s.EligibilityEngineService       :    STEP 3: empType='Self Employed Professional/Self Employed Non Professional' → normalized='Self Employed Non Professional', surrogate='NIP', product=HDFC-LAP-0002
2026-07-06T17:57:58.445+05:30  INFO 42799 --- [pryme-backend] [           main] c.p.B.e.s.EligibilityEngineService       : ✅ Product HDFC-LAP-0002 PASSED via condition lane [id=null, empType=Self Employed Professional/Self Employed Non Professional, surrogate=NIP]
2026-07-06T17:57:58.445+05:30  INFO 42799 --- [pryme-backend] [           main] c.p.B.e.s.EligibilityEngineService       : 🔍 CASCADE NIP CHECK: product=HDFC-LAP-0002, nipEligible=false, nipMaxAmount=0, requestedAmount=2500000, nipReasons=[LTV_EXCEEDED: requested 2500000.00, allowed 0.00 (LTV limit: 0%)]
2026-07-06T17:57:58.445+05:30  INFO 42799 --- [pryme-backend] [           main] c.p.B.e.s.EligibilityEngineService       :    STEP 3: empType='Self Employed Professional/Self Employed Non Professional' → normalized='Self Employed Non Professional', surrogate='GST', product=HDFC-LAP-0002
2026-07-06T17:57:58.445+05:30  INFO 42799 --- [pryme-backend] [           main] c.p.B.e.s.EligibilityEngineService       : ✅ Product HDFC-LAP-0002 PASSED via condition lane [id=null, empType=Self Employed Professional/Self Employed Non Professional, surrogate=GST]
2026-07-06T17:57:58.446+05:30  INFO 42799 --- [pryme-backend] [           main] c.p.B.e.s.EligibilityEngineService       : 🚀 Initiating cascade evaluation for product=IDFC-LAP-0001, lender=IDFC
2026-07-06T17:57:58.446+05:30  INFO 42799 --- [pryme-backend] [           main] c.p.B.e.s.EligibilityEngineService       :    STEP 3: empType='Salaried' → normalized='Salaried', surrogate='NIP', product=IDFC-LAP-0001
2026-07-06T17:57:58.447+05:30  INFO 42799 --- [pryme-backend] [           main] c.p.B.e.s.EligibilityEngineService       : ✅ Product IDFC-LAP-0001 PASSED via condition lane [id=null, empType=Salaried, surrogate=NIP]
2026-07-06T17:57:58.867+05:30  INFO 42799 --- [pryme-backend] [           main] c.p.B.e.s.EligibilityEngineService       : 🔍 CASCADE NIP CHECK: product=IDFC-LAP-0001, nipEligible=false, nipMaxAmount=0, requestedAmount=5000000, nipReasons=[FOIR exceeded: effective limit is 75%]
2026-07-06T17:57:59.008+05:30  INFO 42799 --- [pryme-backend] [           main] c.p.B.e.s.EligibilityEngineService       : 🚀 Initiating cascade evaluation for product=IDFC-LAP-0002, lender=IDFC
2026-07-06T17:57:59.008+05:30  INFO 42799 --- [pryme-backend] [           main] c.p.B.e.s.EligibilityEngineService       :    STEP 3: empType='Self Employed Professional/Self Employed Non Professional' → normalized='Self Employed Non Professional', surrogate='NIP', product=IDFC-LAP-0002
2026-07-06T17:57:59.008+05:30  INFO 42799 --- [pryme-backend] [           main] c.p.B.e.s.EligibilityEngineService       : ✅ Product IDFC-LAP-0002 PASSED via condition lane [id=null, empType=Self Employed Professional/Self Employed Non Professional, surrogate=NIP]
2026-07-06T17:57:59.429+05:30  INFO 42799 --- [pryme-backend] [           main] c.p.B.e.s.EligibilityEngineService       : 🔍 CASCADE NIP CHECK: product=IDFC-LAP-0002, nipEligible=false, nipMaxAmount=0, requestedAmount=5000000, nipReasons=[LTV_EXCEEDED: requested 5000000.00, allowed 0.00 (LTV limit: 0%)]
2026-07-06T17:57:59.570+05:30  INFO 42799 --- [pryme-backend] [           main] c.p.B.e.s.EligibilityEngineService       : 🚀 Initiating cascade evaluation for product=IDFC-LAP-0001, lender=IDFC
2026-07-06T17:57:59.570+05:30  INFO 42799 --- [pryme-backend] [           main] c.p.B.e.s.EligibilityEngineService       :    STEP 3: empType='Salaried' → normalized='Salaried', surrogate='NIP', product=IDFC-LAP-0001
2026-07-06T17:57:59.570+05:30  INFO 42799 --- [pryme-backend] [           main] c.p.B.e.s.EligibilityEngineService       : ✅ Product IDFC-LAP-0001 PASSED via condition lane [id=null, empType=Salaried, surrogate=NIP]
2026-07-06T17:57:59.992+05:30  INFO 42799 --- [pryme-backend] [           main] c.p.B.e.s.EligibilityEngineService       : 🔍 CASCADE NIP CHECK: product=IDFC-LAP-0001, nipEligible=false, nipMaxAmount=0, requestedAmount=5000000, nipReasons=[FOIR exceeded: effective limit is 75%]
2026-07-06T17:57:59.993+05:30  INFO 42799 --- [pryme-backend] [           main] c.p.B.e.s.EligibilityEngineService       : 🚀 Initiating cascade evaluation for product=IDFC-LAP-0002, lender=IDFC
2026-07-06T17:57:59.993+05:30  INFO 42799 --- [pryme-backend] [           main] c.p.B.e.s.EligibilityEngineService       :    STEP 3: empType='Self Employed Professional/Self Employed Non Professional' → normalized='Self Employed Non Professional', surrogate='NIP', product=IDFC-LAP-0002
2026-07-06T17:57:59.993+05:30  INFO 42799 --- [pryme-backend] [           main] c.p.B.e.s.EligibilityEngineService       : ✅ Product IDFC-LAP-0002 PASSED via condition lane [id=null, empType=Self Employed Professional/Self Employed Non Professional, surrogate=NIP]
2026-07-06T17:58:00.421+05:30  INFO 42799 --- [pryme-backend] [           main] c.p.B.e.s.EligibilityEngineService       : 🔍 CASCADE NIP CHECK: product=IDFC-LAP-0002, nipEligible=false, nipMaxAmount=0, requestedAmount=5000000, nipReasons=[FOIR exceeded: effective limit is 150%]
2026-07-06T17:58:00.422+05:30  INFO 42799 --- [pryme-backend] [           main] c.p.B.e.s.EligibilityEngineService       : 🚀 Initiating cascade evaluation for product=IDFC-LAP-0002, lender=IDFC
2026-07-06T17:58:00.422+05:30  INFO 42799 --- [pryme-backend] [           main] c.p.B.e.s.EligibilityEngineService       :    STEP 3: empType='Self Employed Professional/Self Employed Non Professional' → normalized='Self Employed Non Professional', surrogate='NIP', product=IDFC-LAP-0002
2026-07-06T17:58:00.422+05:30  INFO 42799 --- [pryme-backend] [           main] c.p.B.e.s.EligibilityEngineService       : ✅ Product IDFC-LAP-0002 PASSED via condition lane [id=null, empType=Self Employed Professional/Self Employed Non Professional, surrogate=NIP]
2026-07-06T17:58:00.869+05:30  INFO 42799 --- [pryme-backend] [           main] c.p.B.e.s.EligibilityEngineService       : 🔍 CASCADE NIP CHECK: product=IDFC-LAP-0002, nipEligible=false, nipMaxAmount=0, requestedAmount=5000000, nipReasons=[LTV_EXCEEDED: requested 5000000.00, allowed 0.00 (LTV limit: 0%)]
2026-07-06T17:58:00.869+05:30  INFO 42799 --- [pryme-backend] [           main] c.p.B.e.s.EligibilityEngineService       :    STEP 3: empType='Self Employed Professional/Self Employed Non Professional' → normalized='Self Employed Non Professional', surrogate='GST', product=IDFC-LAP-0002
2026-07-06T17:58:00.869+05:30  INFO 42799 --- [pryme-backend] [           main] c.p.B.e.s.EligibilityEngineService       : ✅ Product IDFC-LAP-0002 PASSED via condition lane [id=null, empType=Self Employed Professional/Self Employed Non Professional, surrogate=GST]
2026-07-06T17:58:01.292+05:30  INFO 42799 --- [pryme-backend] [           main] c.p.B.e.s.EligibilityEngineService       : 🚀 Initiating cascade evaluation for product=IDFC-LAP-0002, lender=IDFC
2026-07-06T17:58:01.292+05:30  INFO 42799 --- [pryme-backend] [           main] c.p.B.e.s.EligibilityEngineService       :    STEP 3: empType='Self Employed Professional/Self Employed Non Professional' → normalized='Self Employed Non Professional', surrogate='NIP', product=IDFC-LAP-0002
2026-07-06T17:58:01.292+05:30  INFO 42799 --- [pryme-backend] [           main] c.p.B.e.s.EligibilityEngineService       : ✅ Product IDFC-LAP-0002 PASSED via condition lane [id=null, empType=Self Employed Professional/Self Employed Non Professional, surrogate=NIP]
2026-07-06T17:58:01.716+05:30  INFO 42799 --- [pryme-backend] [           main] c.p.B.e.s.EligibilityEngineService       : 🔍 CASCADE NIP CHECK: product=IDFC-LAP-0002, nipEligible=false, nipMaxAmount=0, requestedAmount=5000000, nipReasons=[LTV_EXCEEDED: requested 5000000.00, allowed 0.00 (LTV limit: 0%)]
2026-07-06T17:58:01.716+05:30  INFO 42799 --- [pryme-backend] [           main] c.p.B.e.s.EligibilityEngineService       :    STEP 3: empType='Self Employed Professional/Self Employed Non Professional' → normalized='Self Employed Non Professional', surrogate='GST', product=IDFC-LAP-0002
2026-07-06T17:58:01.716+05:30  INFO 42799 --- [pryme-backend] [           main] c.p.B.e.s.EligibilityEngineService       : ✅ Product IDFC-LAP-0002 PASSED via condition lane [id=null, empType=Self Employed Professional/Self Employed Non Professional, surrogate=GST]
2026-07-06T17:58:02.138+05:30  INFO 42799 --- [pryme-backend] [           main] c.p.B.e.s.EligibilityEngineService       : 🚀 Initiating cascade evaluation for product=JIO-LAP-0001, lender=JIO Finance
2026-07-06T17:58:02.139+05:30  INFO 42799 --- [pryme-backend] [           main] c.p.B.e.s.EligibilityEngineService       :    STEP 3: empType='Salaried' → normalized='Salaried', surrogate='NIP', product=JIO-LAP-0001
2026-07-06T17:58:02.139+05:30  INFO 42799 --- [pryme-backend] [           main] c.p.B.e.s.EligibilityEngineService       : ✅ Product JIO-LAP-0001 PASSED via condition lane [id=null, empType=Salaried, surrogate=NIP]
2026-07-06T17:58:02.563+05:30  INFO 42799 --- [pryme-backend] [           main] c.p.B.e.s.EligibilityEngineService       : 🔍 CASCADE NIP CHECK: product=JIO-LAP-0001, nipEligible=false, nipMaxAmount=0, requestedAmount=3000000, nipReasons=[FOIR exceeded: effective limit is 55%]
2026-07-06T17:58:02.703+05:30  INFO 42799 --- [pryme-backend] [           main] c.p.B.e.s.EligibilityEngineService       : 🚀 Initiating cascade evaluation for product=JIO-LAP-0002, lender=JIO Finance
2026-07-06T17:58:02.704+05:30  INFO 42799 --- [pryme-backend] [           main] c.p.B.e.s.EligibilityEngineService       :    STEP 3: empType='Self Employed Professional/Self Employed Non Professional' → normalized='Self Employed Non Professional', surrogate='NIP', product=JIO-LAP-0002
2026-07-06T17:58:02.704+05:30  INFO 42799 --- [pryme-backend] [           main] c.p.B.e.s.EligibilityEngineService       : ✅ Product JIO-LAP-0002 PASSED via condition lane [id=null, empType=Self Employed Professional/Self Employed Non Professional, surrogate=NIP]
2026-07-06T17:58:03.124+05:30  INFO 42799 --- [pryme-backend] [           main] c.p.B.e.s.EligibilityEngineService       : 🔍 CASCADE NIP CHECK: product=JIO-LAP-0002, nipEligible=false, nipMaxAmount=0, requestedAmount=3000000, nipReasons=[LTV_EXCEEDED: requested 3000000.00, allowed 0.00 (LTV limit: 0%)]
2026-07-06T17:58:03.267+05:30  INFO 42799 --- [pryme-backend] [           main] c.p.B.e.s.EligibilityEngineService       : 🚀 Initiating cascade evaluation for product=JIO-LAP-0001, lender=JIO Finance
2026-07-06T17:58:03.267+05:30  INFO 42799 --- [pryme-backend] [           main] c.p.B.e.s.EligibilityEngineService       :    STEP 3: empType='Salaried' → normalized='Salaried', surrogate='NIP', product=JIO-LAP-0001
2026-07-06T17:58:03.267+05:30  INFO 42799 --- [pryme-backend] [           main] c.p.B.e.s.EligibilityEngineService       : ✅ Product JIO-LAP-0001 PASSED via condition lane [id=null, empType=Salaried, surrogate=NIP]
2026-07-06T17:58:03.690+05:30  INFO 42799 --- [pryme-backend] [           main] c.p.B.e.s.EligibilityEngineService       : 🔍 CASCADE NIP CHECK: product=JIO-LAP-0001, nipEligible=false, nipMaxAmount=0, requestedAmount=3000000, nipReasons=[FOIR exceeded: effective limit is 75%]
2026-07-06T17:58:03.691+05:30  INFO 42799 --- [pryme-backend] [           main] c.p.B.e.s.EligibilityEngineService       : 🚀 Initiating cascade evaluation for product=JIO-LAP-0002, lender=JIO Finance
2026-07-06T17:58:03.691+05:30  INFO 42799 --- [pryme-backend] [           main] c.p.B.e.s.EligibilityEngineService       :    STEP 3: empType='Self Employed Professional/Self Employed Non Professional' → normalized='Self Employed Non Professional', surrogate='NIP', product=JIO-LAP-0002
2026-07-06T17:58:03.691+05:30  INFO 42799 --- [pryme-backend] [           main] c.p.B.e.s.EligibilityEngineService       : ✅ Product JIO-LAP-0002 PASSED via condition lane [id=null, empType=Self Employed Professional/Self Employed Non Professional, surrogate=NIP]
2026-07-06T17:58:04.114+05:30  INFO 42799 --- [pryme-backend] [           main] c.p.B.e.s.EligibilityEngineService       : 🔍 CASCADE NIP CHECK: product=JIO-LAP-0002, nipEligible=false, nipMaxAmount=0, requestedAmount=3000000, nipReasons=[FOIR exceeded: effective limit is 80%]
2026-07-06T17:58:04.115+05:30  INFO 42799 --- [pryme-backend] [           main] c.p.B.e.s.EligibilityEngineService       : 🚀 Initiating cascade evaluation for product=JIO-LAP-0001, lender=JIO Finance
2026-07-06T17:58:04.115+05:30  INFO 42799 --- [pryme-backend] [           main] c.p.B.e.s.EligibilityEngineService       :    STEP 3: empType='Self Employed Professional' → normalized='Self Employed Professional', surrogate='NIP', product=JIO-LAP-0001
2026-07-06T17:58:04.115+05:30  INFO 42799 --- [pryme-backend] [           main] c.p.B.e.s.EligibilityEngineService       : ✅ Product JIO-LAP-0001 PASSED via condition lane [id=null, empType=Self Employed Professional/Self Employed Non Professional, surrogate=NIP]
2026-07-06T17:58:04.537+05:30  INFO 42799 --- [pryme-backend] [           main] c.p.B.e.s.EligibilityEngineService       : 🔍 CASCADE NIP CHECK: product=JIO-LAP-0001, nipEligible=false, nipMaxAmount=0, requestedAmount=3000000, nipReasons=[LTV_EXCEEDED: requested 3000000.00, allowed 0.00 (LTV limit: 0%)]
2026-07-06T17:58:04.537+05:30  INFO 42799 --- [pryme-backend] [           main] c.p.B.e.s.EligibilityEngineService       :    STEP 3: empType='Self Employed Professional' → normalized='Self Employed Professional', surrogate='SEP', product=JIO-LAP-0001
2026-07-06T17:58:04.537+05:30  WARN 42799 --- [pryme-backend] [           main] c.p.B.e.service.SurrogateIncomeResolver  : SEP multiplier not found for lender=JIO Finance, profession=, loanType=LAP. Using default 1.5
2026-07-06T17:58:04.538+05:30  INFO 42799 --- [pryme-backend] [           main] c.p.B.e.s.EligibilityEngineService       : ✅ Product JIO-LAP-0001 PASSED via condition lane [id=null, empType=Self Employed Professional, surrogate=SEP]
2026-07-06T17:58:04.959+05:30  INFO 42799 --- [pryme-backend] [           main] c.p.B.e.s.EligibilityEngineService       : 🚀 Initiating cascade evaluation for product=JIO-LAP-0001, lender=JIO Finance
2026-07-06T17:58:04.959+05:30  INFO 42799 --- [pryme-backend] [           main] c.p.B.e.s.EligibilityEngineService       :    STEP 3: empType='Self Employed Professional' → normalized='Self Employed Professional', surrogate='NIP', product=JIO-LAP-0001
2026-07-06T17:58:04.959+05:30  INFO 42799 --- [pryme-backend] [           main] c.p.B.e.s.EligibilityEngineService       : ✅ Product JIO-LAP-0001 PASSED via condition lane [id=null, empType=Self Employed Professional/Self Employed Non Professional, surrogate=NIP]
2026-07-06T17:58:05.382+05:30  INFO 42799 --- [pryme-backend] [           main] c.p.B.e.s.EligibilityEngineService       : 🔍 CASCADE NIP CHECK: product=JIO-LAP-0001, nipEligible=false, nipMaxAmount=0, requestedAmount=3000000, nipReasons=[LTV_EXCEEDED: requested 3000000.00, allowed 0.00 (LTV limit: 0%)]
2026-07-06T17:58:05.382+05:30  INFO 42799 --- [pryme-backend] [           main] c.p.B.e.s.EligibilityEngineService       :    STEP 3: empType='Self Employed Professional' → normalized='Self Employed Professional', surrogate='SEP', product=JIO-LAP-0001
2026-07-06T17:58:05.382+05:30  WARN 42799 --- [pryme-backend] [           main] c.p.B.e.service.SurrogateIncomeResolver  : SEP multiplier not found for lender=JIO Finance, profession=, loanType=LAP. Using default 1.5
2026-07-06T17:58:05.382+05:30  INFO 42799 --- [pryme-backend] [           main] c.p.B.e.s.EligibilityEngineService       : ✅ Product JIO-LAP-0001 PASSED via condition lane [id=null, empType=Self Employed Professional, surrogate=SEP]
2026-07-06T17:58:05.805+05:30  INFO 42799 --- [pryme-backend] [           main] c.p.B.e.s.EligibilityEngineService       : 🚀 Initiating cascade evaluation for product=JIO-LAP-0001, lender=JIO Finance
2026-07-06T17:58:05.805+05:30  INFO 42799 --- [pryme-backend] [           main] c.p.B.e.s.EligibilityEngineService       :    STEP 3: empType='Salaried' → normalized='Salaried', surrogate='NIP', product=JIO-LAP-0001
2026-07-06T17:58:05.805+05:30  INFO 42799 --- [pryme-backend] [           main] c.p.B.e.s.EligibilityEngineService       : ✅ Product JIO-LAP-0001 PASSED via condition lane [id=null, empType=Salaried, surrogate=NIP]
2026-07-06T17:58:06.228+05:30  INFO 42799 --- [pryme-backend] [           main] c.p.B.e.s.EligibilityEngineService       : 🔍 CASCADE NIP CHECK: product=JIO-LAP-0001, nipEligible=false, nipMaxAmount=0, requestedAmount=3000000, nipReasons=[FOIR exceeded: effective limit is 55%]
2026-07-06T17:58:06.229+05:30  INFO 42799 --- [pryme-backend] [           main] c.p.B.e.s.EligibilityEngineService       : 🚀 Initiating cascade evaluation for product=JIO-LAP-0002, lender=JIO Finance
2026-07-06T17:58:06.229+05:30  INFO 42799 --- [pryme-backend] [           main] c.p.B.e.s.EligibilityEngineService       :    STEP 3: empType='Self Employed Professional/Self Employed Non Professional' → normalized='Self Employed Non Professional', surrogate='NIP', product=JIO-LAP-0002
2026-07-06T17:58:06.229+05:30  INFO 42799 --- [pryme-backend] [           main] c.p.B.e.s.EligibilityEngineService       : ✅ Product JIO-LAP-0002 PASSED via condition lane [id=null, empType=Self Employed Professional/Self Employed Non Professional, surrogate=NIP]
2026-07-06T17:58:06.652+05:30  INFO 42799 --- [pryme-backend] [           main] c.p.B.e.s.EligibilityEngineService       : 🔍 CASCADE NIP CHECK: product=JIO-LAP-0002, nipEligible=false, nipMaxAmount=0, requestedAmount=3000000, nipReasons=[LTV_EXCEEDED: requested 3000000.00, allowed 0.00 (LTV limit: 0%)]
2026-07-06T17:58:06.652+05:30  INFO 42799 --- [pryme-backend] [           main] c.p.B.e.s.EligibilityEngineService       : 🚀 Initiating cascade evaluation for product=JIO-LAP-0002, lender=JIO Finance
2026-07-06T17:58:06.653+05:30  INFO 42799 --- [pryme-backend] [           main] c.p.B.e.s.EligibilityEngineService       :    STEP 3: empType='Self Employed Professional/Self Employed Non Professional' → normalized='Self Employed Non Professional', surrogate='NIP', product=JIO-LAP-0002
2026-07-06T17:58:06.653+05:30  INFO 42799 --- [pryme-backend] [           main] c.p.B.e.s.EligibilityEngineService       : ✅ Product JIO-LAP-0002 PASSED via condition lane [id=null, empType=Self Employed Professional/Self Employed Non Professional, surrogate=NIP]
2026-07-06T17:58:07.084+05:30  INFO 42799 --- [pryme-backend] [           main] c.p.B.e.s.EligibilityEngineService       : 🔍 CASCADE NIP CHECK: product=JIO-LAP-0002, nipEligible=false, nipMaxAmount=0, requestedAmount=3000000, nipReasons=[LTV_EXCEEDED: requested 3000000.00, allowed 0.00 (LTV limit: 0%)]
2026-07-06T17:58:07.084+05:30  INFO 42799 --- [pryme-backend] [           main] c.p.B.e.s.EligibilityEngineService       :    STEP 3: empType='Self Employed Professional/Self Employed Non Professional' → normalized='Self Employed Non Professional', surrogate='BANKING', product=JIO-LAP-0002
2026-07-06T17:58:07.084+05:30  INFO 42799 --- [pryme-backend] [           main] c.p.B.e.s.EligibilityEngineService       : ✅ Product JIO-LAP-0002 PASSED via condition lane [id=null, empType=Self Employed Professional/Self Employed Non Professional, surrogate=Banking]
2026-07-06T17:58:07.512+05:30  INFO 42799 --- [pryme-backend] [           main] c.p.B.e.s.EligibilityEngineService       : 🚀 Initiating cascade evaluation for product=JIO-LAP-0002, lender=JIO Finance
2026-07-06T17:58:07.512+05:30  INFO 42799 --- [pryme-backend] [           main] c.p.B.e.s.EligibilityEngineService       :    STEP 3: empType='Self Employed Professional/Self Employed Non Professional' → normalized='Self Employed Non Professional', surrogate='NIP', product=JIO-LAP-0002
2026-07-06T17:58:07.512+05:30  INFO 42799 --- [pryme-backend] [           main] c.p.B.e.s.EligibilityEngineService       : ✅ Product JIO-LAP-0002 PASSED via condition lane [id=null, empType=Self Employed Professional/Self Employed Non Professional, surrogate=NIP]
2026-07-06T17:58:07.934+05:30  INFO 42799 --- [pryme-backend] [           main] c.p.B.e.s.EligibilityEngineService       : 🔍 CASCADE NIP CHECK: product=JIO-LAP-0002, nipEligible=false, nipMaxAmount=0, requestedAmount=3000000, nipReasons=[LTV_EXCEEDED: requested 3000000.00, allowed 0.00 (LTV limit: 0%)]
2026-07-06T17:58:07.934+05:30  INFO 42799 --- [pryme-backend] [           main] c.p.B.e.s.EligibilityEngineService       :    STEP 3: empType='Self Employed Professional/Self Employed Non Professional' → normalized='Self Employed Non Professional', surrogate='GST', product=JIO-LAP-0002
2026-07-06T17:58:07.934+05:30  INFO 42799 --- [pryme-backend] [           main] c.p.B.e.s.EligibilityEngineService       : ✅ Product JIO-LAP-0002 PASSED via condition lane [id=null, empType=Self Employed Professional/Self Employed Non Professional, surrogate=GST]
2026-07-06T17:58:08.357+05:30  INFO 42799 --- [pryme-backend] [           main] c.p.B.e.s.EligibilityEngineService       : 🚀 Initiating cascade evaluation for product=JIO-LAP-0002, lender=JIO Finance
2026-07-06T17:58:08.357+05:30  INFO 42799 --- [pryme-backend] [           main] c.p.B.e.s.EligibilityEngineService       :    STEP 3: empType='Self Employed Professional/Self Employed Non Professional' → normalized='Self Employed Non Professional', surrogate='NIP', product=JIO-LAP-0002
2026-07-06T17:58:08.357+05:30  INFO 42799 --- [pryme-backend] [           main] c.p.B.e.s.EligibilityEngineService       : ✅ Product JIO-LAP-0002 PASSED via condition lane [id=null, empType=Self Employed Professional/Self Employed Non Professional, surrogate=NIP]
2026-07-06T17:58:08.779+05:30  INFO 42799 --- [pryme-backend] [           main] c.p.B.e.s.EligibilityEngineService       : 🔍 CASCADE NIP CHECK: product=JIO-LAP-0002, nipEligible=false, nipMaxAmount=0, requestedAmount=3000000, nipReasons=[LTV_EXCEEDED: requested 3000000.00, allowed 0.00 (LTV limit: 0%)]
2026-07-06T17:58:08.780+05:30  INFO 42799 --- [pryme-backend] [           main] c.p.B.e.s.EligibilityEngineService       :    STEP 3: empType='Self Employed Professional/Self Employed Non Professional' → normalized='Self Employed Non Professional', surrogate='GST', product=JIO-LAP-0002
2026-07-06T17:58:08.780+05:30  INFO 42799 --- [pryme-backend] [           main] c.p.B.e.s.EligibilityEngineService       : ✅ Product JIO-LAP-0002 PASSED via condition lane [id=null, empType=Self Employed Professional/Self Employed Non Professional, surrogate=GST]
2026-07-06T17:58:09.203+05:30  INFO 42799 --- [pryme-backend] [           main] c.p.B.e.s.EligibilityEngineService       : 🚀 Initiating cascade evaluation for product=JIO-LAP-0002, lender=JIO Finance
2026-07-06T17:58:09.203+05:30  INFO 42799 --- [pryme-backend] [           main] c.p.B.e.s.EligibilityEngineService       :    STEP 3: empType='Self Employed Professional/Self Employed Non Professional' → normalized='Self Employed Non Professional', surrogate='NIP', product=JIO-LAP-0002
2026-07-06T17:58:09.203+05:30  INFO 42799 --- [pryme-backend] [           main] c.p.B.e.s.EligibilityEngineService       : ✅ Product JIO-LAP-0002 PASSED via condition lane [id=null, empType=Self Employed Professional/Self Employed Non Professional, surrogate=NIP]
2026-07-06T17:58:09.624+05:30  INFO 42799 --- [pryme-backend] [           main] c.p.B.e.s.EligibilityEngineService       : 🔍 CASCADE NIP CHECK: product=JIO-LAP-0002, nipEligible=false, nipMaxAmount=0, requestedAmount=3000000, nipReasons=[LTV_EXCEEDED: requested 3000000.00, allowed 0.00 (LTV limit: 0%)]
2026-07-06T17:58:09.625+05:30  INFO 42799 --- [pryme-backend] [           main] c.p.B.e.s.EligibilityEngineService       :    STEP 3: empType='Self Employed Professional/Self Employed Non Professional' → normalized='Self Employed Non Professional', surrogate='GST', product=JIO-LAP-0002
2026-07-06T17:58:09.625+05:30  INFO 42799 --- [pryme-backend] [           main] c.p.B.e.s.EligibilityEngineService       : ✅ Product JIO-LAP-0002 PASSED via condition lane [id=null, empType=Self Employed Professional/Self Employed Non Professional, surrogate=GST]
2026-07-06T17:58:10.048+05:30  INFO 42799 --- [pryme-backend] [           main] c.p.B.e.s.EligibilityEngineService       : 🚀 Initiating cascade evaluation for product=IDBI-LAP-0001, lender=IDBI
2026-07-06T17:58:10.048+05:30  INFO 42799 --- [pryme-backend] [           main] c.p.B.e.s.EligibilityEngineService       :    STEP 3: empType='Salaried' → normalized='Salaried', surrogate='NIP', product=IDBI-LAP-0001
2026-07-06T17:58:10.048+05:30  INFO 42799 --- [pryme-backend] [           main] c.p.B.e.s.EligibilityEngineService       : ✅ Product IDBI-LAP-0001 PASSED via condition lane [id=null, empType=Salaried, surrogate=NIP]
2026-07-06T17:58:10.472+05:30  INFO 42799 --- [pryme-backend] [           main] c.p.B.e.s.EligibilityEngineService       : 🔍 CASCADE NIP CHECK: product=IDBI-LAP-0001, nipEligible=false, nipMaxAmount=0, requestedAmount=5000000, nipReasons=[FOIR exceeded: effective limit is 75%]
2026-07-06T17:58:10.613+05:30  INFO 42799 --- [pryme-backend] [           main] c.p.B.e.s.EligibilityEngineService       : 🚀 Initiating cascade evaluation for product=IDBI-LAP-0002, lender=IDBI
2026-07-06T17:58:10.613+05:30  INFO 42799 --- [pryme-backend] [           main] c.p.B.e.s.EligibilityEngineService       :    STEP 3: empType='Self Employed Professional/Self Employed Non Professional' → normalized='Self Employed Non Professional', surrogate='NIP', product=IDBI-LAP-0002
2026-07-06T17:58:10.613+05:30  INFO 42799 --- [pryme-backend] [           main] c.p.B.e.s.EligibilityEngineService       : ✅ Product IDBI-LAP-0002 PASSED via condition lane [id=null, empType=Self Employed Professional/Self Employed Non Professional, surrogate=NIP]
2026-07-06T17:58:11.038+05:30  INFO 42799 --- [pryme-backend] [           main] c.p.B.e.s.EligibilityEngineService       : 🔍 CASCADE NIP CHECK: product=IDBI-LAP-0002, nipEligible=false, nipMaxAmount=0, requestedAmount=5000000, nipReasons=[FOIR exceeded: effective limit is 70%]
2026-07-06T17:58:11.179+05:30  INFO 42799 --- [pryme-backend] [           main] c.p.B.e.s.EligibilityEngineService       : 🚀 Initiating cascade evaluation for product=TATA-LAP-0001, lender=Tata Capital
2026-07-06T17:58:11.180+05:30  INFO 42799 --- [pryme-backend] [           main] c.p.B.e.s.EligibilityEngineService       :    STEP 3: empType='Salaried' → normalized='Salaried', surrogate='NIP', product=TATA-LAP-0001
2026-07-06T17:58:11.180+05:30  INFO 42799 --- [pryme-backend] [           main] c.p.B.e.s.EligibilityEngineService       : ✅ Product TATA-LAP-0001 PASSED via condition lane [id=null, empType=Salaried, surrogate=NIP]
2026-07-06T17:58:11.629+05:30  INFO 42799 --- [pryme-backend] [           main] c.p.B.e.s.EligibilityEngineService       : 🔍 CASCADE NIP CHECK: product=TATA-LAP-0001, nipEligible=false, nipMaxAmount=0, requestedAmount=2500000, nipReasons=[LTV_EXCEEDED: requested 2500000.00, allowed 0.00 (LTV limit: 0%)]
2026-07-06T17:58:11.770+05:30  INFO 42799 --- [pryme-backend] [           main] c.p.B.e.s.EligibilityEngineService       : 🚀 Initiating cascade evaluation for product=TATA-LAP-0002, lender=Tata Capital
2026-07-06T17:58:11.771+05:30  INFO 42799 --- [pryme-backend] [           main] c.p.B.e.s.EligibilityEngineService       :    STEP 3: empType='Self Employed Professional/Self Employed Non Professional' → normalized='Self Employed Non Professional', surrogate='NIP', product=TATA-LAP-0002
2026-07-06T17:58:11.771+05:30  INFO 42799 --- [pryme-backend] [           main] c.p.B.e.s.EligibilityEngineService       : ✅ Product TATA-LAP-0002 PASSED via condition lane [id=null, empType=Self Employed Professional/Self Employed Non Professional, surrogate=NIP]
2026-07-06T17:58:12.193+05:30  INFO 42799 --- [pryme-backend] [           main] c.p.B.e.s.EligibilityEngineService       : 🔍 CASCADE NIP CHECK: product=TATA-LAP-0002, nipEligible=false, nipMaxAmount=0, requestedAmount=2500000, nipReasons=[LTV_EXCEEDED: requested 2500000.00, allowed 0.00 (LTV limit: 0%)]
2026-07-06T17:58:12.334+05:30  INFO 42799 --- [pryme-backend] [           main] c.p.B.e.s.EligibilityEngineService       : 🚀 Initiating cascade evaluation for product=TATA-LAP-0001, lender=Tata Capital
2026-07-06T17:58:12.334+05:30  INFO 42799 --- [pryme-backend] [           main] c.p.B.e.s.EligibilityEngineService       :    STEP 3: empType='Self Employed Professional' → normalized='Self Employed Professional', surrogate='NIP', product=TATA-LAP-0001
2026-07-06T17:58:12.334+05:30  INFO 42799 --- [pryme-backend] [           main] c.p.B.e.s.EligibilityEngineService       : ✅ Product TATA-LAP-0001 PASSED via condition lane [id=null, empType=Self Employed Professional/Self Employed Non Professional, surrogate=NIP]
2026-07-06T17:58:12.816+05:30  INFO 42799 --- [pryme-backend] [           main] c.p.B.e.s.EligibilityEngineService       : 🔍 CASCADE NIP CHECK: product=TATA-LAP-0001, nipEligible=false, nipMaxAmount=0, requestedAmount=2500000, nipReasons=[LTV_EXCEEDED: requested 2500000.00, allowed 0.00 (LTV limit: 0%)]
2026-07-06T17:58:12.816+05:30  INFO 42799 --- [pryme-backend] [           main] c.p.B.e.s.EligibilityEngineService       :    STEP 3: empType='Self Employed Professional' → normalized='Self Employed Professional', surrogate='SEP', product=TATA-LAP-0001
2026-07-06T17:58:12.816+05:30  WARN 42799 --- [pryme-backend] [           main] c.p.B.e.service.SurrogateIncomeResolver  : SEP multiplier not found for lender=Tata Capital, profession=, loanType=LAP. Using default 1.5
2026-07-06T17:58:12.817+05:30  INFO 42799 --- [pryme-backend] [           main] c.p.B.e.s.EligibilityEngineService       : ✅ Product TATA-LAP-0001 PASSED via condition lane [id=null, empType=Self Employed Professional, surrogate=SEP]
2026-07-06T17:58:13.239+05:30  INFO 42799 --- [pryme-backend] [           main] c.p.B.e.s.EligibilityEngineService       : 🚀 Initiating cascade evaluation for product=TATA-LAP-0001, lender=Tata Capital
2026-07-06T17:58:13.239+05:30  INFO 42799 --- [pryme-backend] [           main] c.p.B.e.s.EligibilityEngineService       :    STEP 3: empType='Self Employed Professional' → normalized='Self Employed Professional', surrogate='NIP', product=TATA-LAP-0001
2026-07-06T17:58:13.239+05:30  INFO 42799 --- [pryme-backend] [           main] c.p.B.e.s.EligibilityEngineService       : ✅ Product TATA-LAP-0001 PASSED via condition lane [id=null, empType=Self Employed Professional/Self Employed Non Professional, surrogate=NIP]
2026-07-06T17:58:13.671+05:30  INFO 42799 --- [pryme-backend] [           main] c.p.B.e.s.EligibilityEngineService       : 🔍 CASCADE NIP CHECK: product=TATA-LAP-0001, nipEligible=false, nipMaxAmount=0, requestedAmount=2500000, nipReasons=[LTV_EXCEEDED: requested 2500000.00, allowed 0.00 (LTV limit: 0%)]
2026-07-06T17:58:13.671+05:30  INFO 42799 --- [pryme-backend] [           main] c.p.B.e.s.EligibilityEngineService       :    STEP 3: empType='Self Employed Professional' → normalized='Self Employed Professional', surrogate='SEP', product=TATA-LAP-0001
2026-07-06T17:58:13.671+05:30  WARN 42799 --- [pryme-backend] [           main] c.p.B.e.service.SurrogateIncomeResolver  : SEP multiplier not found for lender=Tata Capital, profession=, loanType=LAP. Using default 1.5
2026-07-06T17:58:13.671+05:30  INFO 42799 --- [pryme-backend] [           main] c.p.B.e.s.EligibilityEngineService       : ✅ Product TATA-LAP-0001 PASSED via condition lane [id=null, empType=Self Employed Professional, surrogate=SEP]
2026-07-06T17:58:14.096+05:30  INFO 42799 --- [pryme-backend] [           main] c.p.B.e.s.EligibilityEngineService       : 🚀 Initiating cascade evaluation for product=TATA-LAP-0001, lender=Tata Capital
2026-07-06T17:58:14.096+05:30  INFO 42799 --- [pryme-backend] [           main] c.p.B.e.s.EligibilityEngineService       :    STEP 3: empType='Salaried' → normalized='Salaried', surrogate='NIP', product=TATA-LAP-0001
2026-07-06T17:58:14.096+05:30  WARN 42799 --- [pryme-backend] [           main] c.p.B.e.s.EligibilityEngineService       : ❌ Product TATA-LAP-0001 REJECTED for applicant [cibil=650, empType=Salaried, propType=SHOP, age=25]. All 1 condition lanes failed. Reasons: [INCOME_FLOOR_FAILED: income=1 < required=40000 (condition=null, surrogate=NIP)]
2026-07-06T17:58:14.096+05:30  INFO 42799 --- [pryme-backend] [           main] c.p.B.e.s.EligibilityEngineService       : 🔍 CASCADE NIP CHECK: product=TATA-LAP-0001, nipEligible=false, nipMaxAmount=0, requestedAmount=2500000, nipReasons=[INCOME_FLOOR_FAILED: income=1 < required=40000 (condition=null, surrogate=NIP)]
2026-07-06T17:58:14.097+05:30  INFO 42799 --- [pryme-backend] [           main] c.p.B.e.s.EligibilityEngineService       : 🚀 Initiating cascade evaluation for product=TATA-LAP-0002, lender=Tata Capital
2026-07-06T17:58:14.097+05:30  INFO 42799 --- [pryme-backend] [           main] c.p.B.e.s.EligibilityEngineService       :    STEP 3: empType='Self Employed Professional/Self Employed Non Professional' → normalized='Self Employed Non Professional', surrogate='NIP', product=TATA-LAP-0002
2026-07-06T17:58:14.097+05:30  WARN 42799 --- [pryme-backend] [           main] c.p.B.e.s.EligibilityEngineService       : ❌ Product TATA-LAP-0002 REJECTED for applicant [cibil=650, empType=Self Employed Professional/Self Employed Non Professional, propType=SHOP, age=25]. All 1 condition lanes failed. Reasons: [INCOME_FLOOR_FAILED: income=1 < required=40000 (condition=null, surrogate=NIP)]
2026-07-06T17:58:14.097+05:30  INFO 42799 --- [pryme-backend] [           main] c.p.B.e.s.EligibilityEngineService       : 🔍 CASCADE NIP CHECK: product=TATA-LAP-0002, nipEligible=false, nipMaxAmount=0, requestedAmount=2500000, nipReasons=[INCOME_FLOOR_FAILED: income=1 < required=40000 (condition=null, surrogate=NIP)]
2026-07-06T17:58:14.098+05:30  INFO 42799 --- [pryme-backend] [           main] c.p.B.e.s.EligibilityEngineService       : 🚀 Initiating cascade evaluation for product=TATA-LAP-0001, lender=Tata Capital
2026-07-06T17:58:14.098+05:30  INFO 42799 --- [pryme-backend] [           main] c.p.B.e.s.EligibilityEngineService       :    STEP 3: empType='Salaried' → normalized='Salaried', surrogate='NIP', product=TATA-LAP-0001
2026-07-06T17:58:14.098+05:30  WARN 42799 --- [pryme-backend] [           main] c.p.B.e.s.EligibilityEngineService       : ❌ Product TATA-LAP-0001 REJECTED for applicant [cibil=650, empType=Salaried, propType=PLOT, age=25]. All 1 condition lanes failed. Reasons: [INCOME_FLOOR_FAILED: income=1 < required=40000 (condition=null, surrogate=NIP)]
2026-07-06T17:58:14.099+05:30  INFO 42799 --- [pryme-backend] [           main] c.p.B.e.s.EligibilityEngineService       : 🔍 CASCADE NIP CHECK: product=TATA-LAP-0001, nipEligible=false, nipMaxAmount=0, requestedAmount=2500000, nipReasons=[INCOME_FLOOR_FAILED: income=1 < required=40000 (condition=null, surrogate=NIP)]
2026-07-06T17:58:14.099+05:30  INFO 42799 --- [pryme-backend] [           main] c.p.B.e.s.EligibilityEngineService       : 🚀 Initiating cascade evaluation for product=TATA-LAP-0002, lender=Tata Capital
2026-07-06T17:58:14.099+05:30  INFO 42799 --- [pryme-backend] [           main] c.p.B.e.s.EligibilityEngineService       :    STEP 3: empType='Self Employed Professional/Self Employed Non Professional' → normalized='Self Employed Non Professional', surrogate='NIP', product=TATA-LAP-0002
2026-07-06T17:58:14.100+05:30  WARN 42799 --- [pryme-backend] [           main] c.p.B.e.s.EligibilityEngineService       : ❌ Product TATA-LAP-0002 REJECTED for applicant [cibil=650, empType=Self Employed Professional/Self Employed Non Professional, propType=PLOT, age=25]. All 1 condition lanes failed. Reasons: [INCOME_FLOOR_FAILED: income=1 < required=40000 (condition=null, surrogate=NIP)]
2026-07-06T17:58:14.100+05:30  INFO 42799 --- [pryme-backend] [           main] c.p.B.e.s.EligibilityEngineService       : 🔍 CASCADE NIP CHECK: product=TATA-LAP-0002, nipEligible=false, nipMaxAmount=0, requestedAmount=2500000, nipReasons=[INCOME_FLOOR_FAILED: income=1 < required=40000 (condition=null, surrogate=NIP)]
2026-07-06T17:58:14.245+05:30  INFO 42799 --- [pryme-backend] [           main] c.p.B.e.a.c.CertificationService         : Certification completed in 83141ms. DB Queries executed: 1. Memory footprint delta: 4956 KB. Verdict: FAIL
2026-07-06T17:58:14.333+05:30  INFO 42799 --- [pryme-backend] [           main] c.p.B.e.a.c.CertificationService         : Successfully wrote Release Evidence Package containing all 8 JSON reports under evidence/ directory.
=== ELIGIBILITY CERTIFICATION RUN ===
ID: 0239a5d9-c3a9-4af8-8804-2f8c7ea44c3b
Fingerprint: fingerprint_placeholder
Workbook Hash: 88d06890d91a2278f289e3b5fa3ee915939adb86ae5e62d75be5cd495db06df7
Engine Version: 1.0.0
Master Data Version: sha256:1fc3421f15bf7863deae30a2ce963fe83147f5d3d578312a861cfb2395e57c02
Master Data Matches: 0.0%
Rules Covered: 0.0%
Spreadsheet Replays Passed: 0.0%
Certified: false
=====================================
Mismatches/Exceptions found:
Gate STRUCTURE_VALIDATION: PASS
Gate DB_CROSS_REFERENCE: FAIL - Mismatches found between database conditions and client workbooks
Gate SNAPSHOT_DETERMINISM: PASS
Gate REPLAY_COVERAGE: FAIL - Replayed 155 scenarios. Passed 0 / 155
Gate RULE_COVERAGE: FAIL - Missing rule executions: [MIN_INCOME, WORK_EXP_LIMIT, PROPERTY_TYPE_CHECK]
Gate PIPELINE_VERIFICATION: FAIL - Pipeline order mismatch detected
Gate FORMULA_DRIFT_VALIDATION: PASS
Gate CONDITION_REACHABILITY: FAIL - Condition reachability: 0 / 373 reachable
Gate PRODUCTION_GATE: FAIL - Overall certification verdict: FAIL
[REPLAY] Field eligible for key 2 mismatched. Expected: true, Got: false. Classification: RULE_MISMATCH. Remediation: Analyze engine logic drift for eligible
[REPLAY] Field eligible for key 3 mismatched. Expected: true, Got: false. Classification: RULE_MISMATCH. Remediation: Analyze engine logic drift for eligible
[REPLAY] Field eligible for key 4 mismatched. Expected: true, Got: false. Classification: RULE_MISMATCH. Remediation: Analyze engine logic drift for eligible
[REPLAY] Field foir for key 4 mismatched. Expected: 0.75, Got: 0.85. Classification: FORMULA_MISMATCH. Remediation: Analyze engine logic drift for foir
[REPLAY] Field ltv for key 4 mismatched. Expected: 0.75, Got: 0. Classification: FORMULA_MISMATCH. Remediation: Analyze engine logic drift for ltv
[REPLAY] Field eligible for key 5 mismatched. Expected: true, Got: false. Classification: RULE_MISMATCH. Remediation: Analyze engine logic drift for eligible
[REPLAY] Field foir for key 5 mismatched. Expected: 0.75, Got: 0.85. Classification: FORMULA_MISMATCH. Remediation: Analyze engine logic drift for foir
[REPLAY] Field ltv for key 5 mismatched. Expected: 0.75, Got: 0. Classification: FORMULA_MISMATCH. Remediation: Analyze engine logic drift for ltv
[REPLAY] Field eligible for key 6 mismatched. Expected: true, Got: false. Classification: RULE_MISMATCH. Remediation: Analyze engine logic drift for eligible
[REPLAY] Field foir for key 6 mismatched. Expected: 0.55, Got: 0.85. Classification: FORMULA_MISMATCH. Remediation: Analyze engine logic drift for foir
[REPLAY] Field ltv for key 6 mismatched. Expected: 0.75, Got: 0. Classification: FORMULA_MISMATCH. Remediation: Analyze engine logic drift for ltv
[REPLAY] Field eligible for key 7 mismatched. Expected: true, Got: false. Classification: RULE_MISMATCH. Remediation: Analyze engine logic drift for eligible
[REPLAY] Field foir for key 7 mismatched. Expected: 0.65, Got: 0.85. Classification: FORMULA_MISMATCH. Remediation: Analyze engine logic drift for foir
[REPLAY] Field eligible for key 8 mismatched. Expected: true, Got: false. Classification: RULE_MISMATCH. Remediation: Analyze engine logic drift for eligible
[REPLAY] Field foir for key 8 mismatched. Expected: 0.65, Got: 0.85. Classification: FORMULA_MISMATCH. Remediation: Analyze engine logic drift for foir
[REPLAY] Field eligible for key 9 mismatched. Expected: true, Got: false. Classification: RULE_MISMATCH. Remediation: Analyze engine logic drift for eligible
[REPLAY] Field foir for key 9 mismatched. Expected: 0.65, Got: 0.85. Classification: FORMULA_MISMATCH. Remediation: Analyze engine logic drift for foir
[REPLAY] Field eligible for key 10 mismatched. Expected: true, Got: false. Classification: RULE_MISMATCH. Remediation: Analyze engine logic drift for eligible
[REPLAY] Field foir for key 10 mismatched. Expected: 0.65, Got: 0.85. Classification: FORMULA_MISMATCH. Remediation: Analyze engine logic drift for foir
[REPLAY] Field eligible for key 11 mismatched. Expected: true, Got: false. Classification: RULE_MISMATCH. Remediation: Analyze engine logic drift for eligible
[REPLAY] Field eligible for key 12 mismatched. Expected: true, Got: false. Classification: RULE_MISMATCH. Remediation: Analyze engine logic drift for eligible
[REPLAY] Field eligible for key 13 mismatched. Expected: true, Got: false. Classification: RULE_MISMATCH. Remediation: Analyze engine logic drift for eligible
[REPLAY] Field foir for key 13 mismatched. Expected: 0.33, Got: 0. Classification: FORMULA_MISMATCH. Remediation: Analyze engine logic drift for foir
[REPLAY] Field roi for key 13 mismatched. Expected: 0.0835, Got: 0. Classification: FORMULA_MISMATCH. Remediation: Analyze engine logic drift for roi
[REPLAY] Field emi for key 13 mismatched. Expected: 24399.17, Got: 0. Classification: FORMULA_MISMATCH. Remediation: Analyze engine logic drift for emi
[REPLAY] Field PIPELINE for key 13 mismatched. Expected: [NIP, BANKING, LOW_LTV], Got: [BANKING, LOW_LTV]. Classification: FORMULA_MISMATCH. Remediation: Analyze engine logic drift for PIPELINE
[REPLAY] Field eligible for key 14 mismatched. Expected: true, Got: false. Classification: RULE_MISMATCH. Remediation: Analyze engine logic drift for eligible
[REPLAY] Field foir for key 14 mismatched. Expected: 0.99, Got: 0. Classification: FORMULA_MISMATCH. Remediation: Analyze engine logic drift for foir
[REPLAY] Field roi for key 14 mismatched. Expected: 0.0835, Got: 0. Classification: FORMULA_MISMATCH. Remediation: Analyze engine logic drift for roi
[REPLAY] Field emi for key 14 mismatched. Expected: 24399.17, Got: 0. Classification: FORMULA_MISMATCH. Remediation: Analyze engine logic drift for emi
[REPLAY] Field PIPELINE for key 14 mismatched. Expected: [NIP, GST, LOW_LTV], Got: [GST, LOW_LTV]. Classification: FORMULA_MISMATCH. Remediation: Analyze engine logic drift for PIPELINE
[REPLAY] Field eligible for key 15 mismatched. Expected: true, Got: false. Classification: RULE_MISMATCH. Remediation: Analyze engine logic drift for eligible
[REPLAY] Field eligible for key 16 mismatched. Expected: true, Got: false. Classification: RULE_MISMATCH. Remediation: Analyze engine logic drift for eligible
[REPLAY] Field eligible for key 17 mismatched. Expected: true, Got: false. Classification: RULE_MISMATCH. Remediation: Analyze engine logic drift for eligible
[REPLAY] Field foir for key 17 mismatched. Expected: 0.6, Got: 0.65. Classification: FORMULA_MISMATCH. Remediation: Analyze engine logic drift for foir
[REPLAY] Field eligible for key 18 mismatched. Expected: true, Got: false. Classification: RULE_MISMATCH. Remediation: Analyze engine logic drift for eligible
[REPLAY] Field foir for key 18 mismatched. Expected: 1, Got: 0.65. Classification: FORMULA_MISMATCH. Remediation: Analyze engine logic drift for foir
[REPLAY] Field LTV_ISOLATION for key 19 mismatched. Expected: NA, Got: 0.7. Classification: ENGINE_LOGIC_MISMATCH. Remediation: Analyze engine logic drift for LTV_ISOLATION
[REPLAY] Field foir for key 19 mismatched. Expected: 0.6500, Got: 0. Classification: FORMULA_MISMATCH. Remediation: Analyze engine logic drift for foir
[REPLAY] Field ltv for key 19 mismatched. Expected: 0, Got: 0.7. Classification: FORMULA_MISMATCH. Remediation: Analyze engine logic drift for ltv
[REPLAY] Field processingFee for key 19 mismatched. Expected: 0, Got: 35000.00. Classification: FORMULA_MISMATCH. Remediation: Analyze engine logic drift for processingFee
[REPLAY] Field LTV_ISOLATION for key 20 mismatched. Expected: NA, Got: 0.7. Classification: ENGINE_LOGIC_MISMATCH. Remediation: Analyze engine logic drift for LTV_ISOLATION
[REPLAY] Field foir for key 20 mismatched. Expected: 1.5, Got: 0. Classification: FORMULA_MISMATCH. Remediation: Analyze engine logic drift for foir
[REPLAY] Field ltv for key 20 mismatched. Expected: 0, Got: 0.7. Classification: FORMULA_MISMATCH. Remediation: Analyze engine logic drift for ltv
[REPLAY] Field processingFee for key 20 mismatched. Expected: 0, Got: 35000.00. Classification: FORMULA_MISMATCH. Remediation: Analyze engine logic drift for processingFee
[REPLAY] Field foir for key 21 mismatched. Expected: 0.6500, Got: 0. Classification: FORMULA_MISMATCH. Remediation: Analyze engine logic drift for foir
[REPLAY] Field processingFee for key 21 mismatched. Expected: 0, Got: 35000.00. Classification: FORMULA_MISMATCH. Remediation: Analyze engine logic drift for processingFee
[REPLAY] Field PIPELINE for key 21 mismatched. Expected: [NIP, LOW_LTV], Got: [LOW_LTV]. Classification: FORMULA_MISMATCH. Remediation: Analyze engine logic drift for PIPELINE
[REPLAY] Field foir for key 22 mismatched. Expected: 0.6500, Got: 0. Classification: FORMULA_MISMATCH. Remediation: Analyze engine logic drift for foir
[REPLAY] Field processingFee for key 22 mismatched. Expected: 0, Got: 35000.00. Classification: FORMULA_MISMATCH. Remediation: Analyze engine logic drift for processingFee
[REPLAY] Field PIPELINE for key 22 mismatched. Expected: [NIP, LOW_LTV], Got: [LOW_LTV]. Classification: FORMULA_MISMATCH. Remediation: Analyze engine logic drift for PIPELINE
[REPLAY] Field LTV_ISOLATION for key 23 mismatched. Expected: NA, Got: 0.7. Classification: ENGINE_LOGIC_MISMATCH. Remediation: Analyze engine logic drift for LTV_ISOLATION
[REPLAY] Field foir for key 23 mismatched. Expected: 0.6, Got: 0. Classification: FORMULA_MISMATCH. Remediation: Analyze engine logic drift for foir
[REPLAY] Field ltv for key 23 mismatched. Expected: 0, Got: 0.7. Classification: FORMULA_MISMATCH. Remediation: Analyze engine logic drift for ltv
[REPLAY] Field processingFee for key 23 mismatched. Expected: 0, Got: 35000.00. Classification: FORMULA_MISMATCH. Remediation: Analyze engine logic drift for processingFee
[REPLAY] Field LTV_ISOLATION for key 24 mismatched. Expected: NA, Got: 0.7. Classification: ENGINE_LOGIC_MISMATCH. Remediation: Analyze engine logic drift for LTV_ISOLATION
[REPLAY] Field foir for key 24 mismatched. Expected: 1.5, Got: 0. Classification: FORMULA_MISMATCH. Remediation: Analyze engine logic drift for foir
[REPLAY] Field ltv for key 24 mismatched. Expected: 0, Got: 0.7. Classification: FORMULA_MISMATCH. Remediation: Analyze engine logic drift for ltv
[REPLAY] Field processingFee for key 24 mismatched. Expected: 0, Got: 35000.00. Classification: FORMULA_MISMATCH. Remediation: Analyze engine logic drift for processingFee
[REPLAY] Field eligible for key 25 mismatched. Expected: true, Got: false. Classification: RULE_MISMATCH. Remediation: Analyze engine logic drift for eligible
[REPLAY] Field eligible for key 26 mismatched. Expected: true, Got: false. Classification: RULE_MISMATCH. Remediation: Analyze engine logic drift for eligible
[REPLAY] Field eligible for key 27 mismatched. Expected: true, Got: false. Classification: RULE_MISMATCH. Remediation: Analyze engine logic drift for eligible
[REPLAY] Field foir for key 27 mismatched. Expected: 0.6, Got: 0. Classification: FORMULA_MISMATCH. Remediation: Analyze engine logic drift for foir
[REPLAY] Field roi for key 27 mismatched. Expected: 0.0850, Got: 0. Classification: FORMULA_MISMATCH. Remediation: Analyze engine logic drift for roi
[REPLAY] Field emi for key 27 mismatched. Expected: 24618.49, Got: 0. Classification: FORMULA_MISMATCH. Remediation: Analyze engine logic drift for emi
[REPLAY] Field eligible for key 28 mismatched. Expected: true, Got: false. Classification: RULE_MISMATCH. Remediation: Analyze engine logic drift for eligible
[REPLAY] Field foir for key 28 mismatched. Expected: 0.6, Got: 0. Classification: FORMULA_MISMATCH. Remediation: Analyze engine logic drift for foir
[REPLAY] Field roi for key 28 mismatched. Expected: 0.0850, Got: 0. Classification: FORMULA_MISMATCH. Remediation: Analyze engine logic drift for roi
[REPLAY] Field emi for key 28 mismatched. Expected: 24618.49, Got: 0. Classification: FORMULA_MISMATCH. Remediation: Analyze engine logic drift for emi
[REPLAY] Field LTV_ISOLATION for key 29 mismatched. Expected: NA, Got: 0.7. Classification: ENGINE_LOGIC_MISMATCH. Remediation: Analyze engine logic drift for LTV_ISOLATION
[REPLAY] Field foir for key 29 mismatched. Expected: 0.7, Got: 0. Classification: FORMULA_MISMATCH. Remediation: Analyze engine logic drift for foir
[REPLAY] Field ltv for key 29 mismatched. Expected: 0, Got: 0.7. Classification: FORMULA_MISMATCH. Remediation: Analyze engine logic drift for ltv
[REPLAY] Field processingFee for key 29 mismatched. Expected: 0, Got: 35000.00. Classification: FORMULA_MISMATCH. Remediation: Analyze engine logic drift for processingFee
[REPLAY] Field LTV_ISOLATION for key 30 mismatched. Expected: NA, Got: 0.7. Classification: ENGINE_LOGIC_MISMATCH. Remediation: Analyze engine logic drift for LTV_ISOLATION
[REPLAY] Field foir for key 30 mismatched. Expected: 1, Got: 0. Classification: FORMULA_MISMATCH. Remediation: Analyze engine logic drift for foir
[REPLAY] Field ltv for key 30 mismatched. Expected: 0, Got: 0.7. Classification: FORMULA_MISMATCH. Remediation: Analyze engine logic drift for ltv
[REPLAY] Field processingFee for key 30 mismatched. Expected: 0, Got: 35000.00. Classification: FORMULA_MISMATCH. Remediation: Analyze engine logic drift for processingFee
[REPLAY] Field LTV_ISOLATION for key 31 mismatched. Expected: NA, Got: 0.7. Classification: ENGINE_LOGIC_MISMATCH. Remediation: Analyze engine logic drift for LTV_ISOLATION
[REPLAY] Field foir for key 31 mismatched. Expected: 1, Got: 0. Classification: FORMULA_MISMATCH. Remediation: Analyze engine logic drift for foir
[REPLAY] Field ltv for key 31 mismatched. Expected: 0, Got: 0.7. Classification: FORMULA_MISMATCH. Remediation: Analyze engine logic drift for ltv
[REPLAY] Field processingFee for key 31 mismatched. Expected: 0, Got: 35000.00. Classification: FORMULA_MISMATCH. Remediation: Analyze engine logic drift for processingFee
[REPLAY] Field foir for key 32 mismatched. Expected: 0.6500, Got: 0. Classification: FORMULA_MISMATCH. Remediation: Analyze engine logic drift for foir
[REPLAY] Field processingFee for key 32 mismatched. Expected: 0, Got: 35000.00. Classification: FORMULA_MISMATCH. Remediation: Analyze engine logic drift for processingFee
[REPLAY] Field PIPELINE for key 32 mismatched. Expected: [NIP, LOW_LTV], Got: [LOW_LTV]. Classification: FORMULA_MISMATCH. Remediation: Analyze engine logic drift for PIPELINE
[REPLAY] Field foir for key 33 mismatched. Expected: 0.6500, Got: 0. Classification: FORMULA_MISMATCH. Remediation: Analyze engine logic drift for foir
[REPLAY] Field processingFee for key 33 mismatched. Expected: 0, Got: 35000.00. Classification: FORMULA_MISMATCH. Remediation: Analyze engine logic drift for processingFee
[REPLAY] Field PIPELINE for key 33 mismatched. Expected: [NIP, LOW_LTV], Got: [LOW_LTV]. Classification: FORMULA_MISMATCH. Remediation: Analyze engine logic drift for PIPELINE
[REPLAY] Field LTV_ISOLATION for key 34 mismatched. Expected: NA, Got: 0.7. Classification: ENGINE_LOGIC_MISMATCH. Remediation: Analyze engine logic drift for LTV_ISOLATION
[REPLAY] Field foir for key 34 mismatched. Expected: 0.66, Got: 0. Classification: FORMULA_MISMATCH. Remediation: Analyze engine logic drift for foir
[REPLAY] Field ltv for key 34 mismatched. Expected: 0, Got: 0.7. Classification: FORMULA_MISMATCH. Remediation: Analyze engine logic drift for ltv
[REPLAY] Field processingFee for key 34 mismatched. Expected: 0, Got: 35000.00. Classification: FORMULA_MISMATCH. Remediation: Analyze engine logic drift for processingFee
[REPLAY] Field LTV_ISOLATION for key 35 mismatched. Expected: NA, Got: 0.7. Classification: ENGINE_LOGIC_MISMATCH. Remediation: Analyze engine logic drift for LTV_ISOLATION
[REPLAY] Field foir for key 35 mismatched. Expected: 0.8, Got: 0. Classification: FORMULA_MISMATCH. Remediation: Analyze engine logic drift for foir
[REPLAY] Field ltv for key 35 mismatched. Expected: 0, Got: 0.7. Classification: FORMULA_MISMATCH. Remediation: Analyze engine logic drift for ltv
[REPLAY] Field processingFee for key 35 mismatched. Expected: 0, Got: 35000.00. Classification: FORMULA_MISMATCH. Remediation: Analyze engine logic drift for processingFee
[REPLAY] Field LTV_ISOLATION for key 36 mismatched. Expected: NA, Got: 0.7. Classification: ENGINE_LOGIC_MISMATCH. Remediation: Analyze engine logic drift for LTV_ISOLATION
[REPLAY] Field foir for key 36 mismatched. Expected: 0.8, Got: 0. Classification: FORMULA_MISMATCH. Remediation: Analyze engine logic drift for foir
[REPLAY] Field ltv for key 36 mismatched. Expected: 0, Got: 0.7. Classification: FORMULA_MISMATCH. Remediation: Analyze engine logic drift for ltv
[REPLAY] Field processingFee for key 36 mismatched. Expected: 0, Got: 35000.00. Classification: FORMULA_MISMATCH. Remediation: Analyze engine logic drift for processingFee
[REPLAY] Field eligible for key 37 mismatched. Expected: true, Got: false. Classification: RULE_MISMATCH. Remediation: Analyze engine logic drift for eligible
[REPLAY] Field eligible for key 38 mismatched. Expected: true, Got: false. Classification: RULE_MISMATCH. Remediation: Analyze engine logic drift for eligible
[REPLAY] Field foir for key 39 mismatched. Expected: 0.6500, Got: 0. Classification: FORMULA_MISMATCH. Remediation: Analyze engine logic drift for foir
[REPLAY] Field processingFee for key 39 mismatched. Expected: 0, Got: 25000.00. Classification: FORMULA_MISMATCH. Remediation: Analyze engine logic drift for processingFee
[REPLAY] Field PIPELINE for key 39 mismatched. Expected: [NIP, LOW_LTV], Got: [LOW_LTV]. Classification: FORMULA_MISMATCH. Remediation: Analyze engine logic drift for PIPELINE
[REPLAY] Field eligible for key 40 mismatched. Expected: true, Got: false. Classification: RULE_MISMATCH. Remediation: Analyze engine logic drift for eligible
[REPLAY] Field foir for key 40 mismatched. Expected: 0.8, Got: 1. Classification: FORMULA_MISMATCH. Remediation: Analyze engine logic drift for foir
[REPLAY] Field eligible for key 41 mismatched. Expected: true, Got: false. Classification: RULE_MISMATCH. Remediation: Analyze engine logic drift for eligible
[REPLAY] Field foir for key 41 mismatched. Expected: 0.8, Got: 1. Classification: FORMULA_MISMATCH. Remediation: Analyze engine logic drift for foir
[REPLAY] Field eligible for key 42 mismatched. Expected: true, Got: false. Classification: RULE_MISMATCH. Remediation: Analyze engine logic drift for eligible
[REPLAY] Field foir for key 42 mismatched. Expected: 0.75, Got: 1. Classification: FORMULA_MISMATCH. Remediation: Analyze engine logic drift for foir
[REPLAY] Field PIPELINE for key 42 mismatched. Expected: [NIP, CPMSEP, LOW_LTV], Got: [NIP, LOW_LTV]. Classification: FORMULA_MISMATCH. Remediation: Analyze engine logic drift for PIPELINE
[REPLAY] Field eligible for key 43 mismatched. Expected: true, Got: false. Classification: RULE_MISMATCH. Remediation: Analyze engine logic drift for eligible
[REPLAY] Field foir for key 43 mismatched. Expected: 0.75, Got: 1. Classification: FORMULA_MISMATCH. Remediation: Analyze engine logic drift for foir
[REPLAY] Field PIPELINE for key 43 mismatched. Expected: [NIP, CPMSEP, LOW_LTV], Got: [NIP, LOW_LTV]. Classification: FORMULA_MISMATCH. Remediation: Analyze engine logic drift for PIPELINE
[REPLAY] Field eligible for key 44 mismatched. Expected: true, Got: false. Classification: RULE_MISMATCH. Remediation: Analyze engine logic drift for eligible
[REPLAY] Field foir for key 44 mismatched. Expected: 0.66, Got: 1. Classification: FORMULA_MISMATCH. Remediation: Analyze engine logic drift for foir
[REPLAY] Field eligible for key 45 mismatched. Expected: true, Got: false. Classification: RULE_MISMATCH. Remediation: Analyze engine logic drift for eligible
[REPLAY] Field foir for key 45 mismatched. Expected: 0.7, Got: 1. Classification: FORMULA_MISMATCH. Remediation: Analyze engine logic drift for foir
[REPLAY] Field LTV_ISOLATION for key 46 mismatched. Expected: NA, Got: 0.9. Classification: ENGINE_LOGIC_MISMATCH. Remediation: Analyze engine logic drift for LTV_ISOLATION
[REPLAY] Field foir for key 46 mismatched. Expected: 0.8, Got: 0. Classification: FORMULA_MISMATCH. Remediation: Analyze engine logic drift for foir
[REPLAY] Field ltv for key 46 mismatched. Expected: 0, Got: 0.9. Classification: FORMULA_MISMATCH. Remediation: Analyze engine logic drift for ltv
[REPLAY] Field processingFee for key 46 mismatched. Expected: 0, Got: 25000.00. Classification: FORMULA_MISMATCH. Remediation: Analyze engine logic drift for processingFee
[REPLAY] Field eligible for key 47 mismatched. Expected: true, Got: false. Classification: RULE_MISMATCH. Remediation: Analyze engine logic drift for eligible
[REPLAY] Field eligible for key 48 mismatched. Expected: true, Got: false. Classification: RULE_MISMATCH. Remediation: Analyze engine logic drift for eligible
[REPLAY] Field LTV_ISOLATION for key 49 mismatched. Expected: NA, Got: 0.9. Classification: ENGINE_LOGIC_MISMATCH. Remediation: Analyze engine logic drift for LTV_ISOLATION
[REPLAY] Field foir for key 49 mismatched. Expected: 0.8, Got: 0. Classification: FORMULA_MISMATCH. Remediation: Analyze engine logic drift for foir
[REPLAY] Field ltv for key 49 mismatched. Expected: 0, Got: 0.9. Classification: FORMULA_MISMATCH. Remediation: Analyze engine logic drift for ltv
[REPLAY] Field processingFee for key 49 mismatched. Expected: 0, Got: 25000.00. Classification: FORMULA_MISMATCH. Remediation: Analyze engine logic drift for processingFee
[REPLAY] Field eligible for key 50 mismatched. Expected: true, Got: false. Classification: RULE_MISMATCH. Remediation: Analyze engine logic drift for eligible
[REPLAY] Field eligible for key 51 mismatched. Expected: true, Got: false. Classification: RULE_MISMATCH. Remediation: Analyze engine logic drift for eligible
[REPLAY] Field eligible for key 52 mismatched. Expected: true, Got: false. Classification: RULE_MISMATCH. Remediation: Analyze engine logic drift for eligible
[REPLAY] Field foir for key 52 mismatched. Expected: 0.65, Got: 0.8. Classification: FORMULA_MISMATCH. Remediation: Analyze engine logic drift for foir
[REPLAY] Field PIPELINE for key 52 mismatched. Expected: [NIP, GST, LOW_LTV], Got: [NIP, LOW_LTV]. Classification: FORMULA_MISMATCH. Remediation: Analyze engine logic drift for PIPELINE
[REPLAY] Field LTV_ISOLATION for key 53 mismatched. Expected: NA, Got: 0.7. Classification: ENGINE_LOGIC_MISMATCH. Remediation: Analyze engine logic drift for LTV_ISOLATION
[REPLAY] Field foir for key 53 mismatched. Expected: 0.55, Got: 0. Classification: FORMULA_MISMATCH. Remediation: Analyze engine logic drift for foir
[REPLAY] Field ltv for key 53 mismatched. Expected: 0, Got: 0.7. Classification: FORMULA_MISMATCH. Remediation: Analyze engine logic drift for ltv
[REPLAY] Field processingFee for key 53 mismatched. Expected: 0, Got: 7500.00. Classification: FORMULA_MISMATCH. Remediation: Analyze engine logic drift for processingFee
[REPLAY] Field LTV_ISOLATION for key 54 mismatched. Expected: NA, Got: 0.7. Classification: ENGINE_LOGIC_MISMATCH. Remediation: Analyze engine logic drift for LTV_ISOLATION
[REPLAY] Field foir for key 54 mismatched. Expected: 0.8, Got: 0. Classification: FORMULA_MISMATCH. Remediation: Analyze engine logic drift for foir
[REPLAY] Field ltv for key 54 mismatched. Expected: 0, Got: 0.7. Classification: FORMULA_MISMATCH. Remediation: Analyze engine logic drift for ltv
[REPLAY] Field processingFee for key 54 mismatched. Expected: 0, Got: 7500.00. Classification: FORMULA_MISMATCH. Remediation: Analyze engine logic drift for processingFee
[REPLAY] Field foir for key 55 mismatched. Expected: 0.65, Got: 0. Classification: FORMULA_MISMATCH. Remediation: Analyze engine logic drift for foir
[REPLAY] Field processingFee for key 55 mismatched. Expected: 0, Got: 7500.00. Classification: FORMULA_MISMATCH. Remediation: Analyze engine logic drift for processingFee
[REPLAY] Field PIPELINE for key 55 mismatched. Expected: [NIP, LOW_LTV], Got: [LOW_LTV]. Classification: FORMULA_MISMATCH. Remediation: Analyze engine logic drift for PIPELINE
[REPLAY] Field foir for key 56 mismatched. Expected: 0.65, Got: 0. Classification: FORMULA_MISMATCH. Remediation: Analyze engine logic drift for foir
[REPLAY] Field processingFee for key 56 mismatched. Expected: 0, Got: 7500.00. Classification: FORMULA_MISMATCH. Remediation: Analyze engine logic drift for processingFee
[REPLAY] Field PIPELINE for key 56 mismatched. Expected: [NIP, LOW_LTV], Got: [LOW_LTV]. Classification: FORMULA_MISMATCH. Remediation: Analyze engine logic drift for PIPELINE
[REPLAY] Field LTV_ISOLATION for key 57 mismatched. Expected: NA, Got: 0.7. Classification: ENGINE_LOGIC_MISMATCH. Remediation: Analyze engine logic drift for LTV_ISOLATION
[REPLAY] Field foir for key 57 mismatched. Expected: 0.7, Got: 0. Classification: FORMULA_MISMATCH. Remediation: Analyze engine logic drift for foir
[REPLAY] Field ltv for key 57 mismatched. Expected: 0, Got: 0.7. Classification: FORMULA_MISMATCH. Remediation: Analyze engine logic drift for ltv
[REPLAY] Field processingFee for key 57 mismatched. Expected: 0, Got: 7500.00. Classification: FORMULA_MISMATCH. Remediation: Analyze engine logic drift for processingFee
[REPLAY] Field LTV_ISOLATION for key 58 mismatched. Expected: NA, Got: 0.7. Classification: ENGINE_LOGIC_MISMATCH. Remediation: Analyze engine logic drift for LTV_ISOLATION
[REPLAY] Field foir for key 58 mismatched. Expected: 0.75, Got: 0. Classification: FORMULA_MISMATCH. Remediation: Analyze engine logic drift for foir
[REPLAY] Field ltv for key 58 mismatched. Expected: 0, Got: 0.7. Classification: FORMULA_MISMATCH. Remediation: Analyze engine logic drift for ltv
[REPLAY] Field processingFee for key 58 mismatched. Expected: 0, Got: 7500.00. Classification: FORMULA_MISMATCH. Remediation: Analyze engine logic drift for processingFee
[REPLAY] Field LTV_ISOLATION for key 59 mismatched. Expected: NA, Got: 0.7. Classification: ENGINE_LOGIC_MISMATCH. Remediation: Analyze engine logic drift for LTV_ISOLATION
[REPLAY] Field foir for key 59 mismatched. Expected: 0.75, Got: 0. Classification: FORMULA_MISMATCH. Remediation: Analyze engine logic drift for foir
[REPLAY] Field ltv for key 59 mismatched. Expected: 0, Got: 0.7. Classification: FORMULA_MISMATCH. Remediation: Analyze engine logic drift for ltv
[REPLAY] Field processingFee for key 59 mismatched. Expected: 0, Got: 7500.00. Classification: FORMULA_MISMATCH. Remediation: Analyze engine logic drift for processingFee
[REPLAY] Field LTV_ISOLATION for key 60 mismatched. Expected: NA, Got: 0.7. Classification: ENGINE_LOGIC_MISMATCH. Remediation: Analyze engine logic drift for LTV_ISOLATION
[REPLAY] Field foir for key 60 mismatched. Expected: 0.75, Got: 0. Classification: FORMULA_MISMATCH. Remediation: Analyze engine logic drift for foir
[REPLAY] Field ltv for key 60 mismatched. Expected: 0, Got: 0.7. Classification: FORMULA_MISMATCH. Remediation: Analyze engine logic drift for ltv
[REPLAY] Field processingFee for key 60 mismatched. Expected: 0, Got: 7500.00. Classification: FORMULA_MISMATCH. Remediation: Analyze engine logic drift for processingFee
[REPLAY] Field LTV_ISOLATION for key 61 mismatched. Expected: NA, Got: 0.7. Classification: ENGINE_LOGIC_MISMATCH. Remediation: Analyze engine logic drift for LTV_ISOLATION
[REPLAY] Field foir for key 61 mismatched. Expected: 0.75, Got: 0. Classification: FORMULA_MISMATCH. Remediation: Analyze engine logic drift for foir
[REPLAY] Field ltv for key 61 mismatched. Expected: 0, Got: 0.7. Classification: FORMULA_MISMATCH. Remediation: Analyze engine logic drift for ltv
[REPLAY] Field processingFee for key 61 mismatched. Expected: 0, Got: 7500.00. Classification: FORMULA_MISMATCH. Remediation: Analyze engine logic drift for processingFee
[REPLAY] Field eligible for key 62 mismatched. Expected: true, Got: false. Classification: RULE_MISMATCH. Remediation: Analyze engine logic drift for eligible
[REPLAY] Field eligible for key 63 mismatched. Expected: true, Got: false. Classification: RULE_MISMATCH. Remediation: Analyze engine logic drift for eligible
[REPLAY] Field eligible for key 64 mismatched. Expected: true, Got: false. Classification: RULE_MISMATCH. Remediation: Analyze engine logic drift for eligible
[REPLAY] Field eligible for key 65 mismatched. Expected: true, Got: false. Classification: RULE_MISMATCH. Remediation: Analyze engine logic drift for eligible
[REPLAY] Field eligible for key 66 mismatched. Expected: true, Got: false. Classification: RULE_MISMATCH. Remediation: Analyze engine logic drift for eligible
[REPLAY] Field eligible for key 67 mismatched. Expected: true, Got: false. Classification: RULE_MISMATCH. Remediation: Analyze engine logic drift for eligible
[REPLAY] Field foir for key 68 mismatched. Expected: 0.65, Got: 0. Classification: FORMULA_MISMATCH. Remediation: Analyze engine logic drift for foir
[REPLAY] Field processingFee for key 68 mismatched. Expected: 0, Got: 6250.00. Classification: FORMULA_MISMATCH. Remediation: Analyze engine logic drift for processingFee
[REPLAY] Field PIPELINE for key 68 mismatched. Expected: [NIP, LOW_LTV], Got: [LOW_LTV]. Classification: FORMULA_MISMATCH. Remediation: Analyze engine logic drift for PIPELINE
[REPLAY] Field foir for key 69 mismatched. Expected: 0.65, Got: 0. Classification: FORMULA_MISMATCH. Remediation: Analyze engine logic drift for foir
[REPLAY] Field processingFee for key 69 mismatched. Expected: 0, Got: 6250.00. Classification: FORMULA_MISMATCH. Remediation: Analyze engine logic drift for processingFee
[REPLAY] Field PIPELINE for key 69 mismatched. Expected: [NIP, LOW_LTV], Got: [LOW_LTV]. Classification: FORMULA_MISMATCH. Remediation: Analyze engine logic drift for PIPELINE
[REPLAY] Field foir for key 70 mismatched. Expected: 0.65, Got: 0. Classification: FORMULA_MISMATCH. Remediation: Analyze engine logic drift for foir
[REPLAY] Field processingFee for key 70 mismatched. Expected: 0, Got: 6250.00. Classification: FORMULA_MISMATCH. Remediation: Analyze engine logic drift for processingFee
[REPLAY] Field PIPELINE for key 70 mismatched. Expected: [NIP, LOW_LTV], Got: [LOW_LTV]. Classification: FORMULA_MISMATCH. Remediation: Analyze engine logic drift for PIPELINE
[REPLAY] Field foir for key 71 mismatched. Expected: 0.65, Got: 0. Classification: FORMULA_MISMATCH. Remediation: Analyze engine logic drift for foir
[REPLAY] Field processingFee for key 71 mismatched. Expected: 0, Got: 6250.00. Classification: FORMULA_MISMATCH. Remediation: Analyze engine logic drift for processingFee
[REPLAY] Field PIPELINE for key 71 mismatched. Expected: [NIP, LOW_LTV], Got: [LOW_LTV]. Classification: FORMULA_MISMATCH. Remediation: Analyze engine logic drift for PIPELINE
[REPLAY] Field eligible for key 74 mismatched. Expected: true, Got: false. Classification: RULE_MISMATCH. Remediation: Analyze engine logic drift for eligible
[REPLAY] Field processingFee for key 74 mismatched. Expected: 11800.00, Got: 0. Classification: FORMULA_MISMATCH. Remediation: Analyze engine logic drift for processingFee
[REPLAY] Field loginFee for key 74 mismatched. Expected: 1000, Got: 0. Classification: FORMULA_MISMATCH. Remediation: Analyze engine logic drift for loginFee
[REPLAY] Field eligible for key 75 mismatched. Expected: true, Got: false. Classification: RULE_MISMATCH. Remediation: Analyze engine logic drift for eligible
[REPLAY] Field processingFee for key 75 mismatched. Expected: 14750.00, Got: 0. Classification: FORMULA_MISMATCH. Remediation: Analyze engine logic drift for processingFee
[REPLAY] Field loginFee for key 75 mismatched. Expected: 1000, Got: 0. Classification: FORMULA_MISMATCH. Remediation: Analyze engine logic drift for loginFee
[REPLAY] Field eligible for key 76 mismatched. Expected: true, Got: false. Classification: RULE_MISMATCH. Remediation: Analyze engine logic drift for eligible
[REPLAY] Field foir for key 76 mismatched. Expected: 0.75, Got: 0.85. Classification: FORMULA_MISMATCH. Remediation: Analyze engine logic drift for foir
[REPLAY] Field ltv for key 76 mismatched. Expected: 0.75, Got: 0. Classification: FORMULA_MISMATCH. Remediation: Analyze engine logic drift for ltv
[REPLAY] Field eligible for key 77 mismatched. Expected: true, Got: false. Classification: RULE_MISMATCH. Remediation: Analyze engine logic drift for eligible
[REPLAY] Field foir for key 77 mismatched. Expected: 0.75, Got: 0.85. Classification: FORMULA_MISMATCH. Remediation: Analyze engine logic drift for foir
[REPLAY] Field ltv for key 77 mismatched. Expected: 0.75, Got: 0. Classification: FORMULA_MISMATCH. Remediation: Analyze engine logic drift for ltv
[REPLAY] Field eligible for key 78 mismatched. Expected: true, Got: false. Classification: RULE_MISMATCH. Remediation: Analyze engine logic drift for eligible
[REPLAY] Field foir for key 78 mismatched. Expected: 0.55, Got: 0.85. Classification: FORMULA_MISMATCH. Remediation: Analyze engine logic drift for foir
[REPLAY] Field ltv for key 78 mismatched. Expected: 0.75, Got: 0. Classification: FORMULA_MISMATCH. Remediation: Analyze engine logic drift for ltv
[REPLAY] Field processingFee for key 78 mismatched. Expected: 14750.00, Got: 0. Classification: FORMULA_MISMATCH. Remediation: Analyze engine logic drift for processingFee
[REPLAY] Field loginFee for key 78 mismatched. Expected: 1000, Got: 0. Classification: FORMULA_MISMATCH. Remediation: Analyze engine logic drift for loginFee
[REPLAY] Field eligible for key 79 mismatched. Expected: true, Got: false. Classification: RULE_MISMATCH. Remediation: Analyze engine logic drift for eligible
[REPLAY] Field foir for key 79 mismatched. Expected: 0.65, Got: 0.85. Classification: FORMULA_MISMATCH. Remediation: Analyze engine logic drift for foir
[REPLAY] Field processingFee for key 79 mismatched. Expected: 14750.00, Got: 0. Classification: FORMULA_MISMATCH. Remediation: Analyze engine logic drift for processingFee
[REPLAY] Field loginFee for key 79 mismatched. Expected: 1000, Got: 0. Classification: FORMULA_MISMATCH. Remediation: Analyze engine logic drift for loginFee
[REPLAY] Field eligible for key 80 mismatched. Expected: true, Got: false. Classification: RULE_MISMATCH. Remediation: Analyze engine logic drift for eligible
[REPLAY] Field foir for key 80 mismatched. Expected: 0.65, Got: 0.85. Classification: FORMULA_MISMATCH. Remediation: Analyze engine logic drift for foir
[REPLAY] Field processingFee for key 80 mismatched. Expected: 14750.00, Got: 0. Classification: FORMULA_MISMATCH. Remediation: Analyze engine logic drift for processingFee
[REPLAY] Field loginFee for key 80 mismatched. Expected: 1000, Got: 0. Classification: FORMULA_MISMATCH. Remediation: Analyze engine logic drift for loginFee
[REPLAY] Field eligible for key 81 mismatched. Expected: true, Got: false. Classification: RULE_MISMATCH. Remediation: Analyze engine logic drift for eligible
[REPLAY] Field foir for key 81 mismatched. Expected: 0.65, Got: 0.85. Classification: FORMULA_MISMATCH. Remediation: Analyze engine logic drift for foir
[REPLAY] Field processingFee for key 81 mismatched. Expected: 14750.00, Got: 0. Classification: FORMULA_MISMATCH. Remediation: Analyze engine logic drift for processingFee
[REPLAY] Field loginFee for key 81 mismatched. Expected: 1000, Got: 0. Classification: FORMULA_MISMATCH. Remediation: Analyze engine logic drift for loginFee
[REPLAY] Field eligible for key 82 mismatched. Expected: true, Got: false. Classification: RULE_MISMATCH. Remediation: Analyze engine logic drift for eligible
[REPLAY] Field foir for key 82 mismatched. Expected: 0.65, Got: 0.85. Classification: FORMULA_MISMATCH. Remediation: Analyze engine logic drift for foir
[REPLAY] Field processingFee for key 82 mismatched. Expected: 14750.00, Got: 0. Classification: FORMULA_MISMATCH. Remediation: Analyze engine logic drift for processingFee
[REPLAY] Field loginFee for key 82 mismatched. Expected: 1000, Got: 0. Classification: FORMULA_MISMATCH. Remediation: Analyze engine logic drift for loginFee
[REPLAY] Field eligible for key 83 mismatched. Expected: true, Got: false. Classification: RULE_MISMATCH. Remediation: Analyze engine logic drift for eligible
[REPLAY] Field processingFee for key 83 mismatched. Expected: 8850.00, Got: 0. Classification: FORMULA_MISMATCH. Remediation: Analyze engine logic drift for processingFee
[REPLAY] Field loginFee for key 83 mismatched. Expected: 3000, Got: 0. Classification: FORMULA_MISMATCH. Remediation: Analyze engine logic drift for loginFee
[REPLAY] Field eligible for key 84 mismatched. Expected: true, Got: false. Classification: RULE_MISMATCH. Remediation: Analyze engine logic drift for eligible
[REPLAY] Field processingFee for key 84 mismatched. Expected: 8850.00, Got: 0. Classification: FORMULA_MISMATCH. Remediation: Analyze engine logic drift for processingFee
[REPLAY] Field loginFee for key 84 mismatched. Expected: 3000, Got: 0. Classification: FORMULA_MISMATCH. Remediation: Analyze engine logic drift for loginFee
[REPLAY] Field eligible for key 85 mismatched. Expected: true, Got: false. Classification: RULE_MISMATCH. Remediation: Analyze engine logic drift for eligible
[REPLAY] Field foir for key 85 mismatched. Expected: 0.33, Got: 0. Classification: FORMULA_MISMATCH. Remediation: Analyze engine logic drift for foir
[REPLAY] Field roi for key 85 mismatched. Expected: 0.0935, Got: 0. Classification: FORMULA_MISMATCH. Remediation: Analyze engine logic drift for roi
[REPLAY] Field emi for key 85 mismatched. Expected: 25879.81, Got: 0. Classification: FORMULA_MISMATCH. Remediation: Analyze engine logic drift for emi
[REPLAY] Field processingFee for key 85 mismatched. Expected: 8850.00, Got: 0. Classification: FORMULA_MISMATCH. Remediation: Analyze engine logic drift for processingFee
[REPLAY] Field loginFee for key 85 mismatched. Expected: 3000, Got: 0. Classification: FORMULA_MISMATCH. Remediation: Analyze engine logic drift for loginFee
[REPLAY] Field PIPELINE for key 85 mismatched. Expected: [NIP, BANKING, LOW_LTV], Got: [BANKING, LOW_LTV]. Classification: FORMULA_MISMATCH. Remediation: Analyze engine logic drift for PIPELINE
[REPLAY] Field eligible for key 86 mismatched. Expected: true, Got: false. Classification: RULE_MISMATCH. Remediation: Analyze engine logic drift for eligible
[REPLAY] Field foir for key 86 mismatched. Expected: 0.99, Got: 0. Classification: FORMULA_MISMATCH. Remediation: Analyze engine logic drift for foir
[REPLAY] Field roi for key 86 mismatched. Expected: 0.0935, Got: 0. Classification: FORMULA_MISMATCH. Remediation: Analyze engine logic drift for roi
[REPLAY] Field emi for key 86 mismatched. Expected: 25879.81, Got: 0. Classification: FORMULA_MISMATCH. Remediation: Analyze engine logic drift for emi
[REPLAY] Field processingFee for key 86 mismatched. Expected: 8850.00, Got: 0. Classification: FORMULA_MISMATCH. Remediation: Analyze engine logic drift for processingFee
[REPLAY] Field loginFee for key 86 mismatched. Expected: 3000, Got: 0. Classification: FORMULA_MISMATCH. Remediation: Analyze engine logic drift for loginFee
[REPLAY] Field PIPELINE for key 86 mismatched. Expected: [NIP, GST, LOW_LTV], Got: [GST, LOW_LTV]. Classification: FORMULA_MISMATCH. Remediation: Analyze engine logic drift for PIPELINE
[REPLAY] Field eligible for key 87 mismatched. Expected: true, Got: false. Classification: RULE_MISMATCH. Remediation: Analyze engine logic drift for eligible
[REPLAY] Field processingFee for key 87 mismatched. Expected: 14750.00, Got: 0. Classification: FORMULA_MISMATCH. Remediation: Analyze engine logic drift for processingFee
[REPLAY] Field loginFee for key 87 mismatched. Expected: 2360, Got: 0. Classification: FORMULA_MISMATCH. Remediation: Analyze engine logic drift for loginFee
[REPLAY] Field eligible for key 88 mismatched. Expected: true, Got: false. Classification: RULE_MISMATCH. Remediation: Analyze engine logic drift for eligible
[REPLAY] Field processingFee for key 88 mismatched. Expected: 14750.00, Got: 0. Classification: FORMULA_MISMATCH. Remediation: Analyze engine logic drift for processingFee
[REPLAY] Field loginFee for key 88 mismatched. Expected: 2360, Got: 0. Classification: FORMULA_MISMATCH. Remediation: Analyze engine logic drift for loginFee
[REPLAY] Field eligible for key 89 mismatched. Expected: true, Got: false. Classification: RULE_MISMATCH. Remediation: Analyze engine logic drift for eligible
[REPLAY] Field foir for key 89 mismatched. Expected: 0.6, Got: 0.65. Classification: FORMULA_MISMATCH. Remediation: Analyze engine logic drift for foir
[REPLAY] Field processingFee for key 89 mismatched. Expected: 14750.00, Got: 0. Classification: FORMULA_MISMATCH. Remediation: Analyze engine logic drift for processingFee
[REPLAY] Field loginFee for key 89 mismatched. Expected: 2360, Got: 0. Classification: FORMULA_MISMATCH. Remediation: Analyze engine logic drift for loginFee
[REPLAY] Field eligible for key 90 mismatched. Expected: true, Got: false. Classification: RULE_MISMATCH. Remediation: Analyze engine logic drift for eligible
[REPLAY] Field foir for key 90 mismatched. Expected: 1, Got: 0.65. Classification: FORMULA_MISMATCH. Remediation: Analyze engine logic drift for foir
[REPLAY] Field processingFee for key 90 mismatched. Expected: 14750.00, Got: 0. Classification: FORMULA_MISMATCH. Remediation: Analyze engine logic drift for processingFee
[REPLAY] Field loginFee for key 90 mismatched. Expected: 2360, Got: 0. Classification: FORMULA_MISMATCH. Remediation: Analyze engine logic drift for loginFee
[REPLAY] Field eligible for key 91 mismatched. Expected: true, Got: false. Classification: RULE_MISMATCH. Remediation: Analyze engine logic drift for eligible
[REPLAY] Field processingFee for key 91 mismatched. Expected: 20650.00, Got: 0. Classification: FORMULA_MISMATCH. Remediation: Analyze engine logic drift for processingFee
[REPLAY] Field loginFee for key 91 mismatched. Expected: 2950, Got: 0. Classification: FORMULA_MISMATCH. Remediation: Analyze engine logic drift for loginFee
[REPLAY] Field eligible for key 92 mismatched. Expected: true, Got: false. Classification: RULE_MISMATCH. Remediation: Analyze engine logic drift for eligible
[REPLAY] Field processingFee for key 92 mismatched. Expected: 20650.00, Got: 0. Classification: FORMULA_MISMATCH. Remediation: Analyze engine logic drift for processingFee
[REPLAY] Field loginFee for key 92 mismatched. Expected: 2950, Got: 0. Classification: FORMULA_MISMATCH. Remediation: Analyze engine logic drift for loginFee
[REPLAY] Field eligible for key 93 mismatched. Expected: true, Got: false. Classification: RULE_MISMATCH. Remediation: Analyze engine logic drift for eligible
[REPLAY] Field foir for key 93 mismatched. Expected: 0.6500, Got: 0. Classification: FORMULA_MISMATCH. Remediation: Analyze engine logic drift for foir
[REPLAY] Field roi for key 93 mismatched. Expected: 0.1150, Got: 0. Classification: FORMULA_MISMATCH. Remediation: Analyze engine logic drift for roi
[REPLAY] Field ltv for key 93 mismatched. Expected: 0.7, Got: 0. Classification: FORMULA_MISMATCH. Remediation: Analyze engine logic drift for ltv
[REPLAY] Field emi for key 93 mismatched. Expected: 40886.64, Got: 0. Classification: FORMULA_MISMATCH. Remediation: Analyze engine logic drift for emi
[REPLAY] Field processingFee for key 93 mismatched. Expected: 20650.00, Got: 0. Classification: FORMULA_MISMATCH. Remediation: Analyze engine logic drift for processingFee
[REPLAY] Field loginFee for key 93 mismatched. Expected: 2950, Got: 0. Classification: FORMULA_MISMATCH. Remediation: Analyze engine logic drift for loginFee
[REPLAY] Field PIPELINE for key 93 mismatched. Expected: [NIP, LOW_LTV], Got: [LOW_LTV]. Classification: FORMULA_MISMATCH. Remediation: Analyze engine logic drift for PIPELINE
[REPLAY] Field eligible for key 94 mismatched. Expected: true, Got: false. Classification: RULE_MISMATCH. Remediation: Analyze engine logic drift for eligible
[REPLAY] Field foir for key 94 mismatched. Expected: 0.6500, Got: 0. Classification: FORMULA_MISMATCH. Remediation: Analyze engine logic drift for foir
[REPLAY] Field roi for key 94 mismatched. Expected: 0.1155, Got: 0. Classification: FORMULA_MISMATCH. Remediation: Analyze engine logic drift for roi
[REPLAY] Field ltv for key 94 mismatched. Expected: 0.7, Got: 0. Classification: FORMULA_MISMATCH. Remediation: Analyze engine logic drift for ltv
[REPLAY] Field emi for key 94 mismatched. Expected: 40997.97, Got: 0. Classification: FORMULA_MISMATCH. Remediation: Analyze engine logic drift for emi
[REPLAY] Field processingFee for key 94 mismatched. Expected: 20650.00, Got: 0. Classification: FORMULA_MISMATCH. Remediation: Analyze engine logic drift for processingFee
[REPLAY] Field loginFee for key 94 mismatched. Expected: 2950, Got: 0. Classification: FORMULA_MISMATCH. Remediation: Analyze engine logic drift for loginFee
[REPLAY] Field PIPELINE for key 94 mismatched. Expected: [NIP, LOW_LTV], Got: [LOW_LTV]. Classification: FORMULA_MISMATCH. Remediation: Analyze engine logic drift for PIPELINE
[REPLAY] Field eligible for key 95 mismatched. Expected: true, Got: false. Classification: RULE_MISMATCH. Remediation: Analyze engine logic drift for eligible
[REPLAY] Field foir for key 95 mismatched. Expected: 0.6, Got: 1.5. Classification: FORMULA_MISMATCH. Remediation: Analyze engine logic drift for foir
[REPLAY] Field processingFee for key 95 mismatched. Expected: 20650.00, Got: 0. Classification: FORMULA_MISMATCH. Remediation: Analyze engine logic drift for processingFee
[REPLAY] Field loginFee for key 95 mismatched. Expected: 2950, Got: 0. Classification: FORMULA_MISMATCH. Remediation: Analyze engine logic drift for loginFee
[REPLAY] Field eligible for key 96 mismatched. Expected: true, Got: false. Classification: RULE_MISMATCH. Remediation: Analyze engine logic drift for eligible
[REPLAY] Field processingFee for key 96 mismatched. Expected: 20650.00, Got: 0. Classification: FORMULA_MISMATCH. Remediation: Analyze engine logic drift for processingFee
[REPLAY] Field loginFee for key 96 mismatched. Expected: 2950, Got: 0. Classification: FORMULA_MISMATCH. Remediation: Analyze engine logic drift for loginFee
[REPLAY] Field eligible for key 97 mismatched. Expected: true, Got: false. Classification: RULE_MISMATCH. Remediation: Analyze engine logic drift for eligible
[REPLAY] Field foir for key 97 mismatched. Expected: 0.5, Got: 0. Classification: FORMULA_MISMATCH. Remediation: Analyze engine logic drift for foir
[REPLAY] Field roi for key 97 mismatched. Expected: 0.1025, Got: 0. Classification: FORMULA_MISMATCH. Remediation: Analyze engine logic drift for roi
[REPLAY] Field emi for key 97 mismatched. Expected: 27248.77, Got: 0. Classification: FORMULA_MISMATCH. Remediation: Analyze engine logic drift for emi
[REPLAY] Field PIPELINE for key 97 mismatched. Expected: [NIP, LOW_LTV], Got: [LOW_LTV]. Classification: FORMULA_MISMATCH. Remediation: Analyze engine logic drift for PIPELINE
[REPLAY] Field eligible for key 98 mismatched. Expected: true, Got: false. Classification: RULE_MISMATCH. Remediation: Analyze engine logic drift for eligible
[REPLAY] Field foir for key 98 mismatched. Expected: 0.5, Got: 0. Classification: FORMULA_MISMATCH. Remediation: Analyze engine logic drift for foir
[REPLAY] Field roi for key 98 mismatched. Expected: 0.1030, Got: 0. Classification: FORMULA_MISMATCH. Remediation: Analyze engine logic drift for roi
[REPLAY] Field emi for key 98 mismatched. Expected: 27325.81, Got: 0. Classification: FORMULA_MISMATCH. Remediation: Analyze engine logic drift for emi
[REPLAY] Field PIPELINE for key 98 mismatched. Expected: [NIP, LOW_LTV], Got: [LOW_LTV]. Classification: FORMULA_MISMATCH. Remediation: Analyze engine logic drift for PIPELINE
[REPLAY] Field eligible for key 99 mismatched. Expected: true, Got: false. Classification: RULE_MISMATCH. Remediation: Analyze engine logic drift for eligible
[REPLAY] Field foir for key 99 mismatched. Expected: 0.6, Got: 0. Classification: FORMULA_MISMATCH. Remediation: Analyze engine logic drift for foir
[REPLAY] Field roi for key 99 mismatched. Expected: 0.0900, Got: 0. Classification: FORMULA_MISMATCH. Remediation: Analyze engine logic drift for roi
[REPLAY] Field emi for key 99 mismatched. Expected: 25356.66, Got: 0. Classification: FORMULA_MISMATCH. Remediation: Analyze engine logic drift for emi
[REPLAY] Field processingFee for key 99 mismatched. Expected: 10325.00, Got: 0. Classification: FORMULA_MISMATCH. Remediation: Analyze engine logic drift for processingFee
[REPLAY] Field eligible for key 100 mismatched. Expected: true, Got: false. Classification: RULE_MISMATCH. Remediation: Analyze engine logic drift for eligible
[REPLAY] Field foir for key 100 mismatched. Expected: 0.6, Got: 0. Classification: FORMULA_MISMATCH. Remediation: Analyze engine logic drift for foir
[REPLAY] Field roi for key 100 mismatched. Expected: 0.0900, Got: 0. Classification: FORMULA_MISMATCH. Remediation: Analyze engine logic drift for roi
[REPLAY] Field emi for key 100 mismatched. Expected: 25356.66, Got: 0. Classification: FORMULA_MISMATCH. Remediation: Analyze engine logic drift for emi
[REPLAY] Field processingFee for key 100 mismatched. Expected: 10325.00, Got: 0. Classification: FORMULA_MISMATCH. Remediation: Analyze engine logic drift for processingFee
[REPLAY] Field eligible for key 101 mismatched. Expected: true, Got: false. Classification: RULE_MISMATCH. Remediation: Analyze engine logic drift for eligible
[REPLAY] Field processingFee for key 101 mismatched. Expected: 10325.00, Got: 0. Classification: FORMULA_MISMATCH. Remediation: Analyze engine logic drift for processingFee
[REPLAY] Field loginFee for key 101 mismatched. Expected: 2000, Got: 0. Classification: FORMULA_MISMATCH. Remediation: Analyze engine logic drift for loginFee
[REPLAY] Field eligible for key 102 mismatched. Expected: true, Got: false. Classification: RULE_MISMATCH. Remediation: Analyze engine logic drift for eligible
[REPLAY] Field processingFee for key 102 mismatched. Expected: 10325.00, Got: 0. Classification: FORMULA_MISMATCH. Remediation: Analyze engine logic drift for processingFee
[REPLAY] Field loginFee for key 102 mismatched. Expected: 3500, Got: 0. Classification: FORMULA_MISMATCH. Remediation: Analyze engine logic drift for loginFee
[REPLAY] Field eligible for key 103 mismatched. Expected: true, Got: false. Classification: RULE_MISMATCH. Remediation: Analyze engine logic drift for eligible
[REPLAY] Field eligible for key 104 mismatched. Expected: true, Got: false. Classification: RULE_MISMATCH. Remediation: Analyze engine logic drift for eligible
[REPLAY] Field foir for key 104 mismatched. Expected: 0.6500, Got: 0. Classification: FORMULA_MISMATCH. Remediation: Analyze engine logic drift for foir
[REPLAY] Field roi for key 104 mismatched. Expected: 0.1050, Got: 0. Classification: FORMULA_MISMATCH. Remediation: Analyze engine logic drift for roi
[REPLAY] Field ltv for key 104 mismatched. Expected: 0.75, Got: 0. Classification: FORMULA_MISMATCH. Remediation: Analyze engine logic drift for ltv
[REPLAY] Field emi for key 104 mismatched. Expected: 38688.96, Got: 0. Classification: FORMULA_MISMATCH. Remediation: Analyze engine logic drift for emi
[REPLAY] Field processingFee for key 104 mismatched. Expected: 10325.00, Got: 0. Classification: FORMULA_MISMATCH. Remediation: Analyze engine logic drift for processingFee
[REPLAY] Field loginFee for key 104 mismatched. Expected: 2000, Got: 0. Classification: FORMULA_MISMATCH. Remediation: Analyze engine logic drift for loginFee
[REPLAY] Field PIPELINE for key 104 mismatched. Expected: [NIP, LOW_LTV], Got: [LOW_LTV]. Classification: FORMULA_MISMATCH. Remediation: Analyze engine logic drift for PIPELINE
[REPLAY] Field eligible for key 105 mismatched. Expected: true, Got: false. Classification: RULE_MISMATCH. Remediation: Analyze engine logic drift for eligible
[REPLAY] Field foir for key 105 mismatched. Expected: 0.6500, Got: 0. Classification: FORMULA_MISMATCH. Remediation: Analyze engine logic drift for foir
[REPLAY] Field roi for key 105 mismatched. Expected: 0.1110, Got: 0. Classification: FORMULA_MISMATCH. Remediation: Analyze engine logic drift for roi
[REPLAY] Field ltv for key 105 mismatched. Expected: 0.75, Got: 0. Classification: FORMULA_MISMATCH. Remediation: Analyze engine logic drift for ltv
[REPLAY] Field emi for key 105 mismatched. Expected: 40000.95, Got: 0. Classification: FORMULA_MISMATCH. Remediation: Analyze engine logic drift for emi
[REPLAY] Field processingFee for key 105 mismatched. Expected: 10325.00, Got: 0. Classification: FORMULA_MISMATCH. Remediation: Analyze engine logic drift for processingFee
[REPLAY] Field loginFee for key 105 mismatched. Expected: 3500, Got: 0. Classification: FORMULA_MISMATCH. Remediation: Analyze engine logic drift for loginFee
[REPLAY] Field PIPELINE for key 105 mismatched. Expected: [NIP, LOW_LTV], Got: [LOW_LTV]. Classification: FORMULA_MISMATCH. Remediation: Analyze engine logic drift for PIPELINE
[REPLAY] Field eligible for key 106 mismatched. Expected: true, Got: false. Classification: RULE_MISMATCH. Remediation: Analyze engine logic drift for eligible
[REPLAY] Field foir for key 106 mismatched. Expected: 0.6500, Got: 0. Classification: FORMULA_MISMATCH. Remediation: Analyze engine logic drift for foir
[REPLAY] Field roi for key 106 mismatched. Expected: 0.1050, Got: 0. Classification: FORMULA_MISMATCH. Remediation: Analyze engine logic drift for roi
[REPLAY] Field ltv for key 106 mismatched. Expected: 0.75, Got: 0. Classification: FORMULA_MISMATCH. Remediation: Analyze engine logic drift for ltv
[REPLAY] Field emi for key 106 mismatched. Expected: 38688.96, Got: 0. Classification: FORMULA_MISMATCH. Remediation: Analyze engine logic drift for emi
[REPLAY] Field processingFee for key 106 mismatched. Expected: 10325.00, Got: 0. Classification: FORMULA_MISMATCH. Remediation: Analyze engine logic drift for processingFee
[REPLAY] Field loginFee for key 106 mismatched. Expected: 2000, Got: 0. Classification: FORMULA_MISMATCH. Remediation: Analyze engine logic drift for loginFee
[REPLAY] Field PIPELINE for key 106 mismatched. Expected: [NIP, LOW_LTV], Got: [LOW_LTV]. Classification: FORMULA_MISMATCH. Remediation: Analyze engine logic drift for PIPELINE
[REPLAY] Field eligible for key 107 mismatched. Expected: true, Got: false. Classification: RULE_MISMATCH. Remediation: Analyze engine logic drift for eligible
[REPLAY] Field foir for key 107 mismatched. Expected: 0.6500, Got: 0. Classification: FORMULA_MISMATCH. Remediation: Analyze engine logic drift for foir
[REPLAY] Field roi for key 107 mismatched. Expected: 0.1110, Got: 0. Classification: FORMULA_MISMATCH. Remediation: Analyze engine logic drift for roi
[REPLAY] Field ltv for key 107 mismatched. Expected: 0.75, Got: 0. Classification: FORMULA_MISMATCH. Remediation: Analyze engine logic drift for ltv
[REPLAY] Field emi for key 107 mismatched. Expected: 40000.95, Got: 0. Classification: FORMULA_MISMATCH. Remediation: Analyze engine logic drift for emi
[REPLAY] Field processingFee for key 107 mismatched. Expected: 10325.00, Got: 0. Classification: FORMULA_MISMATCH. Remediation: Analyze engine logic drift for processingFee
[REPLAY] Field loginFee for key 107 mismatched. Expected: 3500, Got: 0. Classification: FORMULA_MISMATCH. Remediation: Analyze engine logic drift for loginFee
[REPLAY] Field PIPELINE for key 107 mismatched. Expected: [NIP, LOW_LTV], Got: [LOW_LTV]. Classification: FORMULA_MISMATCH. Remediation: Analyze engine logic drift for PIPELINE
[REPLAY] Field eligible for key 108 mismatched. Expected: true, Got: false. Classification: RULE_MISMATCH. Remediation: Analyze engine logic drift for eligible
[REPLAY] Field foir for key 108 mismatched. Expected: 0.66, Got: 1. Classification: FORMULA_MISMATCH. Remediation: Analyze engine logic drift for foir
[REPLAY] Field processingFee for key 108 mismatched. Expected: 10325.00, Got: 0. Classification: FORMULA_MISMATCH. Remediation: Analyze engine logic drift for processingFee
[REPLAY] Field loginFee for key 108 mismatched. Expected: 3500, Got: 0. Classification: FORMULA_MISMATCH. Remediation: Analyze engine logic drift for loginFee
[REPLAY] Field eligible for key 109 mismatched. Expected: true, Got: false. Classification: RULE_MISMATCH. Remediation: Analyze engine logic drift for eligible
[REPLAY] Field foir for key 109 mismatched. Expected: 0.8, Got: 1. Classification: FORMULA_MISMATCH. Remediation: Analyze engine logic drift for foir
[REPLAY] Field processingFee for key 109 mismatched. Expected: 10325.00, Got: 0. Classification: FORMULA_MISMATCH. Remediation: Analyze engine logic drift for processingFee
[REPLAY] Field loginFee for key 109 mismatched. Expected: 3500, Got: 0. Classification: FORMULA_MISMATCH. Remediation: Analyze engine logic drift for loginFee
[REPLAY] Field eligible for key 110 mismatched. Expected: true, Got: false. Classification: RULE_MISMATCH. Remediation: Analyze engine logic drift for eligible
[REPLAY] Field foir for key 110 mismatched. Expected: 0.8, Got: 1. Classification: FORMULA_MISMATCH. Remediation: Analyze engine logic drift for foir
[REPLAY] Field processingFee for key 110 mismatched. Expected: 10325.00, Got: 0. Classification: FORMULA_MISMATCH. Remediation: Analyze engine logic drift for processingFee
[REPLAY] Field loginFee for key 110 mismatched. Expected: 3500, Got: 0. Classification: FORMULA_MISMATCH. Remediation: Analyze engine logic drift for loginFee
[REPLAY] Field eligible for key 111 mismatched. Expected: true, Got: false. Classification: RULE_MISMATCH. Remediation: Analyze engine logic drift for eligible
[REPLAY] Field processingFee for key 111 mismatched. Expected: 8850.00, Got: 0. Classification: FORMULA_MISMATCH. Remediation: Analyze engine logic drift for processingFee
[REPLAY] Field eligible for key 112 mismatched. Expected: true, Got: false. Classification: RULE_MISMATCH. Remediation: Analyze engine logic drift for eligible
[REPLAY] Field processingFee for key 112 mismatched. Expected: 8850.00, Got: 0. Classification: FORMULA_MISMATCH. Remediation: Analyze engine logic drift for processingFee
[REPLAY] Field eligible for key 113 mismatched. Expected: true, Got: false. Classification: RULE_MISMATCH. Remediation: Analyze engine logic drift for eligible
[REPLAY] Field foir for key 113 mismatched. Expected: 0.6500, Got: 0. Classification: FORMULA_MISMATCH. Remediation: Analyze engine logic drift for foir
[REPLAY] Field roi for key 113 mismatched. Expected: 0.1030, Got: 0. Classification: FORMULA_MISMATCH. Remediation: Analyze engine logic drift for roi
[REPLAY] Field ltv for key 113 mismatched. Expected: 0.7, Got: 0. Classification: FORMULA_MISMATCH. Remediation: Analyze engine logic drift for ltv
[REPLAY] Field emi for key 113 mismatched. Expected: 27325.81, Got: 0. Classification: FORMULA_MISMATCH. Remediation: Analyze engine logic drift for emi
[REPLAY] Field processingFee for key 113 mismatched. Expected: 8850.00, Got: 0. Classification: FORMULA_MISMATCH. Remediation: Analyze engine logic drift for processingFee
[REPLAY] Field PIPELINE for key 113 mismatched. Expected: [NIP, LOW_LTV], Got: [LOW_LTV]. Classification: FORMULA_MISMATCH. Remediation: Analyze engine logic drift for PIPELINE
[REPLAY] Field eligible for key 114 mismatched. Expected: true, Got: false. Classification: RULE_MISMATCH. Remediation: Analyze engine logic drift for eligible
[REPLAY] Field foir for key 114 mismatched. Expected: 0.6500, Got: 0. Classification: FORMULA_MISMATCH. Remediation: Analyze engine logic drift for foir
[REPLAY] Field roi for key 114 mismatched. Expected: 0.1030, Got: 0. Classification: FORMULA_MISMATCH. Remediation: Analyze engine logic drift for roi
[REPLAY] Field ltv for key 114 mismatched. Expected: 0.7, Got: 0. Classification: FORMULA_MISMATCH. Remediation: Analyze engine logic drift for ltv
[REPLAY] Field emi for key 114 mismatched. Expected: 27325.81, Got: 0. Classification: FORMULA_MISMATCH. Remediation: Analyze engine logic drift for emi
[REPLAY] Field processingFee for key 114 mismatched. Expected: 8850.00, Got: 0. Classification: FORMULA_MISMATCH. Remediation: Analyze engine logic drift for processingFee
[REPLAY] Field PIPELINE for key 114 mismatched. Expected: [NIP, LOW_LTV], Got: [LOW_LTV]. Classification: FORMULA_MISMATCH. Remediation: Analyze engine logic drift for PIPELINE
[REPLAY] Field eligible for key 115 mismatched. Expected: true, Got: false. Classification: RULE_MISMATCH. Remediation: Analyze engine logic drift for eligible
[REPLAY] Field foir for key 115 mismatched. Expected: 0.6500, Got: 0. Classification: FORMULA_MISMATCH. Remediation: Analyze engine logic drift for foir
[REPLAY] Field roi for key 115 mismatched. Expected: 0.1030, Got: 0. Classification: FORMULA_MISMATCH. Remediation: Analyze engine logic drift for roi
[REPLAY] Field ltv for key 115 mismatched. Expected: 0.7, Got: 0. Classification: FORMULA_MISMATCH. Remediation: Analyze engine logic drift for ltv
[REPLAY] Field emi for key 115 mismatched. Expected: 27325.81, Got: 0. Classification: FORMULA_MISMATCH. Remediation: Analyze engine logic drift for emi
[REPLAY] Field processingFee for key 115 mismatched. Expected: 8850.00, Got: 0. Classification: FORMULA_MISMATCH. Remediation: Analyze engine logic drift for processingFee
[REPLAY] Field PIPELINE for key 115 mismatched. Expected: [NIP, LOW_LTV], Got: [LOW_LTV]. Classification: FORMULA_MISMATCH. Remediation: Analyze engine logic drift for PIPELINE
[REPLAY] Field eligible for key 116 mismatched. Expected: true, Got: false. Classification: RULE_MISMATCH. Remediation: Analyze engine logic drift for eligible
[REPLAY] Field foir for key 116 mismatched. Expected: 0.6500, Got: 0. Classification: FORMULA_MISMATCH. Remediation: Analyze engine logic drift for foir
[REPLAY] Field roi for key 116 mismatched. Expected: 0.1035, Got: 0. Classification: FORMULA_MISMATCH. Remediation: Analyze engine logic drift for roi
[REPLAY] Field ltv for key 116 mismatched. Expected: 0.7, Got: 0. Classification: FORMULA_MISMATCH. Remediation: Analyze engine logic drift for ltv
[REPLAY] Field emi for key 116 mismatched. Expected: 27402.95, Got: 0. Classification: FORMULA_MISMATCH. Remediation: Analyze engine logic drift for emi
[REPLAY] Field processingFee for key 116 mismatched. Expected: 8850.00, Got: 0. Classification: FORMULA_MISMATCH. Remediation: Analyze engine logic drift for processingFee
[REPLAY] Field PIPELINE for key 116 mismatched. Expected: [NIP, LOW_LTV], Got: [LOW_LTV]. Classification: FORMULA_MISMATCH. Remediation: Analyze engine logic drift for PIPELINE
[REPLAY] Field eligible for key 117 mismatched. Expected: true, Got: false. Classification: RULE_MISMATCH. Remediation: Analyze engine logic drift for eligible
[REPLAY] Field foir for key 117 mismatched. Expected: 0.6500, Got: 0. Classification: FORMULA_MISMATCH. Remediation: Analyze engine logic drift for foir
[REPLAY] Field roi for key 117 mismatched. Expected: 0.1035, Got: 0. Classification: FORMULA_MISMATCH. Remediation: Analyze engine logic drift for roi
[REPLAY] Field ltv for key 117 mismatched. Expected: 0.7, Got: 0. Classification: FORMULA_MISMATCH. Remediation: Analyze engine logic drift for ltv
[REPLAY] Field emi for key 117 mismatched. Expected: 27402.95, Got: 0. Classification: FORMULA_MISMATCH. Remediation: Analyze engine logic drift for emi
[REPLAY] Field processingFee for key 117 mismatched. Expected: 8850.00, Got: 0. Classification: FORMULA_MISMATCH. Remediation: Analyze engine logic drift for processingFee
[REPLAY] Field PIPELINE for key 117 mismatched. Expected: [NIP, LOW_LTV], Got: [LOW_LTV]. Classification: FORMULA_MISMATCH. Remediation: Analyze engine logic drift for PIPELINE
[REPLAY] Field eligible for key 118 mismatched. Expected: true, Got: false. Classification: RULE_MISMATCH. Remediation: Analyze engine logic drift for eligible
[REPLAY] Field foir for key 118 mismatched. Expected: 0.6500, Got: 0. Classification: FORMULA_MISMATCH. Remediation: Analyze engine logic drift for foir
[REPLAY] Field roi for key 118 mismatched. Expected: 0.1035, Got: 0. Classification: FORMULA_MISMATCH. Remediation: Analyze engine logic drift for roi
[REPLAY] Field ltv for key 118 mismatched. Expected: 0.7, Got: 0. Classification: FORMULA_MISMATCH. Remediation: Analyze engine logic drift for ltv
[REPLAY] Field emi for key 118 mismatched. Expected: 27402.95, Got: 0. Classification: FORMULA_MISMATCH. Remediation: Analyze engine logic drift for emi
[REPLAY] Field processingFee for key 118 mismatched. Expected: 8850.00, Got: 0. Classification: FORMULA_MISMATCH. Remediation: Analyze engine logic drift for processingFee
[REPLAY] Field PIPELINE for key 118 mismatched. Expected: [NIP, LOW_LTV], Got: [LOW_LTV]. Classification: FORMULA_MISMATCH. Remediation: Analyze engine logic drift for PIPELINE
[REPLAY] Field eligible for key 119 mismatched. Expected: true, Got: false. Classification: RULE_MISMATCH. Remediation: Analyze engine logic drift for eligible
[REPLAY] Field foir for key 119 mismatched. Expected: 0.8, Got: 1. Classification: FORMULA_MISMATCH. Remediation: Analyze engine logic drift for foir
[REPLAY] Field eligible for key 120 mismatched. Expected: true, Got: false. Classification: RULE_MISMATCH. Remediation: Analyze engine logic drift for eligible
[REPLAY] Field foir for key 120 mismatched. Expected: 0.8, Got: 1. Classification: FORMULA_MISMATCH. Remediation: Analyze engine logic drift for foir
[REPLAY] Field eligible for key 121 mismatched. Expected: true, Got: false. Classification: RULE_MISMATCH. Remediation: Analyze engine logic drift for eligible
[REPLAY] Field foir for key 121 mismatched. Expected: 0.75, Got: 1. Classification: FORMULA_MISMATCH. Remediation: Analyze engine logic drift for foir
[REPLAY] Field PIPELINE for key 121 mismatched. Expected: [NIP, CPMSEP, LOW_LTV], Got: [NIP, LOW_LTV]. Classification: FORMULA_MISMATCH. Remediation: Analyze engine logic drift for PIPELINE
[REPLAY] Field eligible for key 122 mismatched. Expected: true, Got: false. Classification: RULE_MISMATCH. Remediation: Analyze engine logic drift for eligible
[REPLAY] Field foir for key 122 mismatched. Expected: 0.75, Got: 1. Classification: FORMULA_MISMATCH. Remediation: Analyze engine logic drift for foir
[REPLAY] Field PIPELINE for key 122 mismatched. Expected: [NIP, CPMSEP, LOW_LTV], Got: [NIP, LOW_LTV]. Classification: FORMULA_MISMATCH. Remediation: Analyze engine logic drift for PIPELINE
[REPLAY] Field eligible for key 123 mismatched. Expected: true, Got: false. Classification: RULE_MISMATCH. Remediation: Analyze engine logic drift for eligible
[REPLAY] Field foir for key 123 mismatched. Expected: 0.66, Got: 1. Classification: FORMULA_MISMATCH. Remediation: Analyze engine logic drift for foir
[REPLAY] Field processingFee for key 123 mismatched. Expected: 8850.00, Got: 0. Classification: FORMULA_MISMATCH. Remediation: Analyze engine logic drift for processingFee
[REPLAY] Field eligible for key 124 mismatched. Expected: true, Got: false. Classification: RULE_MISMATCH. Remediation: Analyze engine logic drift for eligible
[REPLAY] Field foir for key 124 mismatched. Expected: 0.7, Got: 1. Classification: FORMULA_MISMATCH. Remediation: Analyze engine logic drift for foir
[REPLAY] Field processingFee for key 124 mismatched. Expected: 8850.00, Got: 0. Classification: FORMULA_MISMATCH. Remediation: Analyze engine logic drift for processingFee
[REPLAY] Field eligible for key 125 mismatched. Expected: true, Got: false. Classification: RULE_MISMATCH. Remediation: Analyze engine logic drift for eligible
[REPLAY] Field processingFee for key 125 mismatched. Expected: 11800.00, Got: 0. Classification: FORMULA_MISMATCH. Remediation: Analyze engine logic drift for processingFee
[REPLAY] Field loginFee for key 125 mismatched. Expected: 4000, Got: 0. Classification: FORMULA_MISMATCH. Remediation: Analyze engine logic drift for loginFee
[REPLAY] Field eligible for key 126 mismatched. Expected: true, Got: false. Classification: RULE_MISMATCH. Remediation: Analyze engine logic drift for eligible
[REPLAY] Field processingFee for key 126 mismatched. Expected: 5900.00, Got: 0. Classification: FORMULA_MISMATCH. Remediation: Analyze engine logic drift for processingFee
[REPLAY] Field loginFee for key 126 mismatched. Expected: 4000, Got: 0. Classification: FORMULA_MISMATCH. Remediation: Analyze engine logic drift for loginFee
[REPLAY] Field eligible for key 127 mismatched. Expected: true, Got: false. Classification: RULE_MISMATCH. Remediation: Analyze engine logic drift for eligible
[REPLAY] Field processingFee for key 127 mismatched. Expected: 5900.00, Got: 0. Classification: FORMULA_MISMATCH. Remediation: Analyze engine logic drift for processingFee
[REPLAY] Field loginFee for key 127 mismatched. Expected: 4000, Got: 0. Classification: FORMULA_MISMATCH. Remediation: Analyze engine logic drift for loginFee
[REPLAY] Field eligible for key 128 mismatched. Expected: true, Got: false. Classification: RULE_MISMATCH. Remediation: Analyze engine logic drift for eligible
[REPLAY] Field foir for key 128 mismatched. Expected: 0.65, Got: 0.8. Classification: FORMULA_MISMATCH. Remediation: Analyze engine logic drift for foir
[REPLAY] Field processingFee for key 128 mismatched. Expected: 5900.00, Got: 0. Classification: FORMULA_MISMATCH. Remediation: Analyze engine logic drift for processingFee
[REPLAY] Field loginFee for key 128 mismatched. Expected: 4000, Got: 0. Classification: FORMULA_MISMATCH. Remediation: Analyze engine logic drift for loginFee
[REPLAY] Field eligible for key 129 mismatched. Expected: true, Got: false. Classification: RULE_MISMATCH. Remediation: Analyze engine logic drift for eligible
[REPLAY] Field foir for key 129 mismatched. Expected: 0.65, Got: 0.8. Classification: FORMULA_MISMATCH. Remediation: Analyze engine logic drift for foir
[REPLAY] Field processingFee for key 129 mismatched. Expected: 5900.00, Got: 0. Classification: FORMULA_MISMATCH. Remediation: Analyze engine logic drift for processingFee
[REPLAY] Field loginFee for key 129 mismatched. Expected: 4000, Got: 0. Classification: FORMULA_MISMATCH. Remediation: Analyze engine logic drift for loginFee
[REPLAY] Field eligible for key 130 mismatched. Expected: true, Got: false. Classification: RULE_MISMATCH. Remediation: Analyze engine logic drift for eligible
[REPLAY] Field foir for key 130 mismatched. Expected: 0.65, Got: 0.8. Classification: FORMULA_MISMATCH. Remediation: Analyze engine logic drift for foir
[REPLAY] Field processingFee for key 130 mismatched. Expected: 5900.00, Got: 0. Classification: FORMULA_MISMATCH. Remediation: Analyze engine logic drift for processingFee
[REPLAY] Field loginFee for key 130 mismatched. Expected: 4000, Got: 0. Classification: FORMULA_MISMATCH. Remediation: Analyze engine logic drift for loginFee
[REPLAY] Field eligible for key 131 mismatched. Expected: true, Got: false. Classification: RULE_MISMATCH. Remediation: Analyze engine logic drift for eligible
[REPLAY] Field processingFee for key 131 mismatched. Expected: 29500.00, Got: 0. Classification: FORMULA_MISMATCH. Remediation: Analyze engine logic drift for processingFee
[REPLAY] Field loginFee for key 131 mismatched. Expected: 5900, Got: 0. Classification: FORMULA_MISMATCH. Remediation: Analyze engine logic drift for loginFee
[REPLAY] Field eligible for key 132 mismatched. Expected: true, Got: false. Classification: RULE_MISMATCH. Remediation: Analyze engine logic drift for eligible
[REPLAY] Field processingFee for key 132 mismatched. Expected: 29500.00, Got: 0. Classification: FORMULA_MISMATCH. Remediation: Analyze engine logic drift for processingFee
[REPLAY] Field loginFee for key 132 mismatched. Expected: 5900, Got: 0. Classification: FORMULA_MISMATCH. Remediation: Analyze engine logic drift for loginFee
[REPLAY] Field eligible for key 133 mismatched. Expected: true, Got: false. Classification: RULE_MISMATCH. Remediation: Analyze engine logic drift for eligible
[REPLAY] Field foir for key 133 mismatched. Expected: 0.65, Got: 0.75. Classification: FORMULA_MISMATCH. Remediation: Analyze engine logic drift for foir
[REPLAY] Field ltv for key 133 mismatched. Expected: 0.75, Got: 0. Classification: FORMULA_MISMATCH. Remediation: Analyze engine logic drift for ltv
[REPLAY] Field processingFee for key 133 mismatched. Expected: 29500.00, Got: 0. Classification: FORMULA_MISMATCH. Remediation: Analyze engine logic drift for processingFee
[REPLAY] Field loginFee for key 133 mismatched. Expected: 5900, Got: 0. Classification: FORMULA_MISMATCH. Remediation: Analyze engine logic drift for loginFee
[REPLAY] Field eligible for key 134 mismatched. Expected: true, Got: false. Classification: RULE_MISMATCH. Remediation: Analyze engine logic drift for eligible
[REPLAY] Field foir for key 134 mismatched. Expected: 0.65, Got: 1.5. Classification: FORMULA_MISMATCH. Remediation: Analyze engine logic drift for foir
[REPLAY] Field ltv for key 134 mismatched. Expected: 0.75, Got: 0. Classification: FORMULA_MISMATCH. Remediation: Analyze engine logic drift for ltv
[REPLAY] Field processingFee for key 134 mismatched. Expected: 29500.00, Got: 0. Classification: FORMULA_MISMATCH. Remediation: Analyze engine logic drift for processingFee
[REPLAY] Field loginFee for key 134 mismatched. Expected: 5900, Got: 0. Classification: FORMULA_MISMATCH. Remediation: Analyze engine logic drift for loginFee
[REPLAY] Field eligible for key 135 mismatched. Expected: true, Got: false. Classification: RULE_MISMATCH. Remediation: Analyze engine logic drift for eligible
[REPLAY] Field foir for key 135 mismatched. Expected: 0.75, Got: 1.5. Classification: FORMULA_MISMATCH. Remediation: Analyze engine logic drift for foir
[REPLAY] Field processingFee for key 135 mismatched. Expected: 29500.00, Got: 0. Classification: FORMULA_MISMATCH. Remediation: Analyze engine logic drift for processingFee
[REPLAY] Field loginFee for key 135 mismatched. Expected: 5900, Got: 0. Classification: FORMULA_MISMATCH. Remediation: Analyze engine logic drift for loginFee
[REPLAY] Field eligible for key 136 mismatched. Expected: true, Got: false. Classification: RULE_MISMATCH. Remediation: Analyze engine logic drift for eligible
[REPLAY] Field foir for key 136 mismatched. Expected: 0.75, Got: 1.5. Classification: FORMULA_MISMATCH. Remediation: Analyze engine logic drift for foir
[REPLAY] Field processingFee for key 136 mismatched. Expected: 29500.00, Got: 0. Classification: FORMULA_MISMATCH. Remediation: Analyze engine logic drift for processingFee
[REPLAY] Field loginFee for key 136 mismatched. Expected: 5900, Got: 0. Classification: FORMULA_MISMATCH. Remediation: Analyze engine logic drift for loginFee
[REPLAY] Field eligible for key 137 mismatched. Expected: true, Got: false. Classification: RULE_MISMATCH. Remediation: Analyze engine logic drift for eligible
[REPLAY] Field processingFee for key 137 mismatched. Expected: 8850.00, Got: 0. Classification: FORMULA_MISMATCH. Remediation: Analyze engine logic drift for processingFee
[REPLAY] Field loginFee for key 137 mismatched. Expected: 1500, Got: 0. Classification: FORMULA_MISMATCH. Remediation: Analyze engine logic drift for loginFee
[REPLAY] Field eligible for key 138 mismatched. Expected: true, Got: false. Classification: RULE_MISMATCH. Remediation: Analyze engine logic drift for eligible
[REPLAY] Field processingFee for key 138 mismatched. Expected: 8850.00, Got: 0. Classification: FORMULA_MISMATCH. Remediation: Analyze engine logic drift for processingFee
[REPLAY] Field loginFee for key 138 mismatched. Expected: 1500, Got: 0. Classification: FORMULA_MISMATCH. Remediation: Analyze engine logic drift for loginFee
[REPLAY] Field eligible for key 139 mismatched. Expected: true, Got: false. Classification: RULE_MISMATCH. Remediation: Analyze engine logic drift for eligible
[REPLAY] Field foir for key 139 mismatched. Expected: 0.65, Got: 0.75. Classification: FORMULA_MISMATCH. Remediation: Analyze engine logic drift for foir
[REPLAY] Field ltv for key 139 mismatched. Expected: 0.75, Got: 0. Classification: FORMULA_MISMATCH. Remediation: Analyze engine logic drift for ltv
[REPLAY] Field processingFee for key 139 mismatched. Expected: 8850.00, Got: 0. Classification: FORMULA_MISMATCH. Remediation: Analyze engine logic drift for processingFee
[REPLAY] Field loginFee for key 139 mismatched. Expected: 1500, Got: 0. Classification: FORMULA_MISMATCH. Remediation: Analyze engine logic drift for loginFee
[REPLAY] Field eligible for key 140 mismatched. Expected: true, Got: false. Classification: RULE_MISMATCH. Remediation: Analyze engine logic drift for eligible
[REPLAY] Field foir for key 140 mismatched. Expected: 0.65, Got: 0.8. Classification: FORMULA_MISMATCH. Remediation: Analyze engine logic drift for foir
[REPLAY] Field ltv for key 140 mismatched. Expected: 0.75, Got: 0. Classification: FORMULA_MISMATCH. Remediation: Analyze engine logic drift for ltv
[REPLAY] Field processingFee for key 140 mismatched. Expected: 8850.00, Got: 0. Classification: FORMULA_MISMATCH. Remediation: Analyze engine logic drift for processingFee
[REPLAY] Field loginFee for key 140 mismatched. Expected: 1500, Got: 0. Classification: FORMULA_MISMATCH. Remediation: Analyze engine logic drift for loginFee
[REPLAY] Field eligible for key 141 mismatched. Expected: true, Got: false. Classification: RULE_MISMATCH. Remediation: Analyze engine logic drift for eligible
[REPLAY] Field foir for key 141 mismatched. Expected: 0.7, Got: 0.8. Classification: FORMULA_MISMATCH. Remediation: Analyze engine logic drift for foir
[REPLAY] Field eligible for key 142 mismatched. Expected: true, Got: false. Classification: RULE_MISMATCH. Remediation: Analyze engine logic drift for eligible
[REPLAY] Field foir for key 142 mismatched. Expected: 0.7, Got: 0.8. Classification: FORMULA_MISMATCH. Remediation: Analyze engine logic drift for foir
[REPLAY] Field eligible for key 143 mismatched. Expected: true, Got: false. Classification: RULE_MISMATCH. Remediation: Analyze engine logic drift for eligible
[REPLAY] Field processingFee for key 143 mismatched. Expected: 8850.00, Got: 0. Classification: FORMULA_MISMATCH. Remediation: Analyze engine logic drift for processingFee
[REPLAY] Field loginFee for key 143 mismatched. Expected: 1500, Got: 0. Classification: FORMULA_MISMATCH. Remediation: Analyze engine logic drift for loginFee
[REPLAY] Field eligible for key 144 mismatched. Expected: true, Got: false. Classification: RULE_MISMATCH. Remediation: Analyze engine logic drift for eligible
[REPLAY] Field processingFee for key 144 mismatched. Expected: 8850.00, Got: 0. Classification: FORMULA_MISMATCH. Remediation: Analyze engine logic drift for processingFee
[REPLAY] Field loginFee for key 144 mismatched. Expected: 1500, Got: 0. Classification: FORMULA_MISMATCH. Remediation: Analyze engine logic drift for loginFee
[REPLAY] Field eligible for key 145 mismatched. Expected: true, Got: false. Classification: RULE_MISMATCH. Remediation: Analyze engine logic drift for eligible
[REPLAY] Field foir for key 145 mismatched. Expected: 0.75, Got: 0.8. Classification: FORMULA_MISMATCH. Remediation: Analyze engine logic drift for foir
[REPLAY] Field processingFee for key 145 mismatched. Expected: 8850.00, Got: 0. Classification: FORMULA_MISMATCH. Remediation: Analyze engine logic drift for processingFee
[REPLAY] Field loginFee for key 145 mismatched. Expected: 1500, Got: 0. Classification: FORMULA_MISMATCH. Remediation: Analyze engine logic drift for loginFee
[REPLAY] Field eligible for key 146 mismatched. Expected: true, Got: false. Classification: RULE_MISMATCH. Remediation: Analyze engine logic drift for eligible
[REPLAY] Field foir for key 146 mismatched. Expected: 0.75, Got: 0.8. Classification: FORMULA_MISMATCH. Remediation: Analyze engine logic drift for foir
[REPLAY] Field processingFee for key 146 mismatched. Expected: 8850.00, Got: 0. Classification: FORMULA_MISMATCH. Remediation: Analyze engine logic drift for processingFee
[REPLAY] Field loginFee for key 146 mismatched. Expected: 1500, Got: 0. Classification: FORMULA_MISMATCH. Remediation: Analyze engine logic drift for loginFee
[REPLAY] Field eligible for key 147 mismatched. Expected: true, Got: false. Classification: RULE_MISMATCH. Remediation: Analyze engine logic drift for eligible
[REPLAY] Field foir for key 147 mismatched. Expected: 0.75, Got: 0.8. Classification: FORMULA_MISMATCH. Remediation: Analyze engine logic drift for foir
[REPLAY] Field processingFee for key 147 mismatched. Expected: 8850.00, Got: 0. Classification: FORMULA_MISMATCH. Remediation: Analyze engine logic drift for processingFee
[REPLAY] Field loginFee for key 147 mismatched. Expected: 1500, Got: 0. Classification: FORMULA_MISMATCH. Remediation: Analyze engine logic drift for loginFee
[REPLAY] Field eligible for key 148 mismatched. Expected: true, Got: false. Classification: RULE_MISMATCH. Remediation: Analyze engine logic drift for eligible
[REPLAY] Field foir for key 148 mismatched. Expected: 0.75, Got: 0.8. Classification: FORMULA_MISMATCH. Remediation: Analyze engine logic drift for foir
[REPLAY] Field processingFee for key 148 mismatched. Expected: 8850.00, Got: 0. Classification: FORMULA_MISMATCH. Remediation: Analyze engine logic drift for processingFee
[REPLAY] Field loginFee for key 148 mismatched. Expected: 1500, Got: 0. Classification: FORMULA_MISMATCH. Remediation: Analyze engine logic drift for loginFee
[REPLAY] Field eligible for key 149 mismatched. Expected: true, Got: false. Classification: RULE_MISMATCH. Remediation: Analyze engine logic drift for eligible
[REPLAY] Field processingFee for key 149 mismatched. Expected: 41300.00, Got: 0. Classification: FORMULA_MISMATCH. Remediation: Analyze engine logic drift for processingFee
[REPLAY] Field loginFee for key 149 mismatched. Expected: 2950, Got: 0. Classification: FORMULA_MISMATCH. Remediation: Analyze engine logic drift for loginFee
[REPLAY] Field eligible for key 150 mismatched. Expected: true, Got: false. Classification: RULE_MISMATCH. Remediation: Analyze engine logic drift for eligible
[REPLAY] Field processingFee for key 150 mismatched. Expected: 41300.00, Got: 0. Classification: FORMULA_MISMATCH. Remediation: Analyze engine logic drift for processingFee
[REPLAY] Field loginFee for key 150 mismatched. Expected: 2950, Got: 0. Classification: FORMULA_MISMATCH. Remediation: Analyze engine logic drift for loginFee
[REPLAY] Field eligible for key 151 mismatched. Expected: true, Got: false. Classification: RULE_MISMATCH. Remediation: Analyze engine logic drift for eligible
[REPLAY] Field processingFee for key 151 mismatched. Expected: 7375.00, Got: 0. Classification: FORMULA_MISMATCH. Remediation: Analyze engine logic drift for processingFee
[REPLAY] Field loginFee for key 151 mismatched. Expected: 1000, Got: 0. Classification: FORMULA_MISMATCH. Remediation: Analyze engine logic drift for loginFee
[REPLAY] Field eligible for key 152 mismatched. Expected: true, Got: false. Classification: RULE_MISMATCH. Remediation: Analyze engine logic drift for eligible
[REPLAY] Field processingFee for key 152 mismatched. Expected: 7375.00, Got: 0. Classification: FORMULA_MISMATCH. Remediation: Analyze engine logic drift for processingFee
[REPLAY] Field loginFee for key 152 mismatched. Expected: 1000, Got: 0. Classification: FORMULA_MISMATCH. Remediation: Analyze engine logic drift for loginFee
[REPLAY] Field eligible for key 153 mismatched. Expected: true, Got: false. Classification: RULE_MISMATCH. Remediation: Analyze engine logic drift for eligible
[REPLAY] Field eligible for key 154 mismatched. Expected: true, Got: false. Classification: RULE_MISMATCH. Remediation: Analyze engine logic drift for eligible
[REPLAY] Field eligible for key 155 mismatched. Expected: true, Got: false. Classification: RULE_MISMATCH. Remediation: Analyze engine logic drift for eligible
[REPLAY] Field foir for key 155 mismatched. Expected: 0.65, Got: 0. Classification: FORMULA_MISMATCH. Remediation: Analyze engine logic drift for foir
[REPLAY] Field roi for key 155 mismatched. Expected: 0.0900, Got: 0. Classification: FORMULA_MISMATCH. Remediation: Analyze engine logic drift for roi
[REPLAY] Field ltv for key 155 mismatched. Expected: 0.7, Got: 0. Classification: FORMULA_MISMATCH. Remediation: Analyze engine logic drift for ltv
[REPLAY] Field emi for key 155 mismatched. Expected: 25356.66, Got: 0. Classification: FORMULA_MISMATCH. Remediation: Analyze engine logic drift for emi
[REPLAY] Field processingFee for key 155 mismatched. Expected: 7375.00, Got: 0. Classification: FORMULA_MISMATCH. Remediation: Analyze engine logic drift for processingFee
[REPLAY] Field loginFee for key 155 mismatched. Expected: 1000, Got: 0. Classification: FORMULA_MISMATCH. Remediation: Analyze engine logic drift for loginFee
[REPLAY] Field PIPELINE for key 155 mismatched. Expected: [NIP, LOW_LTV], Got: [LOW_LTV]. Classification: FORMULA_MISMATCH. Remediation: Analyze engine logic drift for PIPELINE
[REPLAY] Field eligible for key 156 mismatched. Expected: true, Got: false. Classification: RULE_MISMATCH. Remediation: Analyze engine logic drift for eligible
[REPLAY] Field foir for key 156 mismatched. Expected: 0.65, Got: 0. Classification: FORMULA_MISMATCH. Remediation: Analyze engine logic drift for foir
[REPLAY] Field roi for key 156 mismatched. Expected: 0.0900, Got: 0. Classification: FORMULA_MISMATCH. Remediation: Analyze engine logic drift for roi
[REPLAY] Field ltv for key 156 mismatched. Expected: 0.7, Got: 0. Classification: FORMULA_MISMATCH. Remediation: Analyze engine logic drift for ltv
[REPLAY] Field emi for key 156 mismatched. Expected: 25356.66, Got: 0. Classification: FORMULA_MISMATCH. Remediation: Analyze engine logic drift for emi
[REPLAY] Field processingFee for key 156 mismatched. Expected: 7375.00, Got: 0. Classification: FORMULA_MISMATCH. Remediation: Analyze engine logic drift for processingFee
[REPLAY] Field loginFee for key 156 mismatched. Expected: 1000, Got: 0. Classification: FORMULA_MISMATCH. Remediation: Analyze engine logic drift for loginFee
[REPLAY] Field PIPELINE for key 156 mismatched. Expected: [NIP, LOW_LTV], Got: [LOW_LTV]. Classification: FORMULA_MISMATCH. Remediation: Analyze engine logic drift for PIPELINE
[REPLAY] Field eligible for key 157 mismatched. Expected: true, Got: false. Classification: RULE_MISMATCH. Remediation: Analyze engine logic drift for eligible
[REPLAY] Field foir for key 157 mismatched. Expected: 0.65, Got: 0. Classification: FORMULA_MISMATCH. Remediation: Analyze engine logic drift for foir
[REPLAY] Field roi for key 157 mismatched. Expected: 0.0900, Got: 0. Classification: FORMULA_MISMATCH. Remediation: Analyze engine logic drift for roi
[REPLAY] Field ltv for key 157 mismatched. Expected: 0.5, Got: 0. Classification: FORMULA_MISMATCH. Remediation: Analyze engine logic drift for ltv
[REPLAY] Field emi for key 157 mismatched. Expected: 25356.66, Got: 0. Classification: FORMULA_MISMATCH. Remediation: Analyze engine logic drift for emi
[REPLAY] Field processingFee for key 157 mismatched. Expected: 7375.00, Got: 0. Classification: FORMULA_MISMATCH. Remediation: Analyze engine logic drift for processingFee
[REPLAY] Field loginFee for key 157 mismatched. Expected: 1000, Got: 0. Classification: FORMULA_MISMATCH. Remediation: Analyze engine logic drift for loginFee
[REPLAY] Field PIPELINE for key 157 mismatched. Expected: [NIP, LOW_LTV], Got: [LOW_LTV]. Classification: FORMULA_MISMATCH. Remediation: Analyze engine logic drift for PIPELINE
[REPLAY] Field eligible for key 158 mismatched. Expected: true, Got: false. Classification: RULE_MISMATCH. Remediation: Analyze engine logic drift for eligible
[REPLAY] Field foir for key 158 mismatched. Expected: 0.65, Got: 0. Classification: FORMULA_MISMATCH. Remediation: Analyze engine logic drift for foir
[REPLAY] Field roi for key 158 mismatched. Expected: 0.0900, Got: 0. Classification: FORMULA_MISMATCH. Remediation: Analyze engine logic drift for roi
[REPLAY] Field ltv for key 158 mismatched. Expected: 0.5, Got: 0. Classification: FORMULA_MISMATCH. Remediation: Analyze engine logic drift for ltv
[REPLAY] Field emi for key 158 mismatched. Expected: 25356.66, Got: 0. Classification: FORMULA_MISMATCH. Remediation: Analyze engine logic drift for emi
[REPLAY] Field processingFee for key 158 mismatched. Expected: 7375.00, Got: 0. Classification: FORMULA_MISMATCH. Remediation: Analyze engine logic drift for processingFee
[REPLAY] Field loginFee for key 158 mismatched. Expected: 1000, Got: 0. Classification: FORMULA_MISMATCH. Remediation: Analyze engine logic drift for loginFee
[REPLAY] Field PIPELINE for key 158 mismatched. Expected: [NIP, LOW_LTV], Got: [LOW_LTV]. Classification: FORMULA_MISMATCH. Remediation: Analyze engine logic drift for PIPELINE
[ERROR] Tests run: 1, Failures: 1, Errors: 0, Skipped: 0, Time elapsed: 100.5 s <<< FAILURE! -- in com.pryme.Backend.eligibility.EngineCertificationTest
[ERROR] com.pryme.Backend.eligibility.EngineCertificationTest.runFullCertificationGate -- Time elapsed: 83.76 s <<< FAILURE!
org.opentest4j.AssertionFailedError: Engine certification failed! Check console logs for remediation instructions. ==> expected: <true> but was: <false>
	at org.junit.jupiter.api.AssertionFailureBuilder.build(AssertionFailureBuilder.java:151)
	at org.junit.jupiter.api.AssertionFailureBuilder.buildAndThrow(AssertionFailureBuilder.java:132)
	at org.junit.jupiter.api.AssertTrue.failNotTrue(AssertTrue.java:63)
	at org.junit.jupiter.api.AssertTrue.assertTrue(AssertTrue.java:36)
	at org.junit.jupiter.api.Assertions.assertTrue(Assertions.java:214)
	at com.pryme.Backend.eligibility.EngineCertificationTest.runFullCertificationGate(EngineCertificationTest.java:80)
	at java.base/java.lang.reflect.Method.invoke(Method.java:580)
	at java.base/java.util.ArrayList.forEach(ArrayList.java:1597)
	at java.base/java.util.ArrayList.forEach(ArrayList.java:1597)

[INFO] 
[INFO] Results:
[INFO] 
[ERROR] Failures: 
[ERROR]   EngineCertificationTest.runFullCertificationGate:80 Engine certification failed! Check console logs for remediation instructions. ==> expected: <true> but was: <false>
[INFO] 
[ERROR] Tests run: 1, Failures: 1, Errors: 0, Skipped: 0
[INFO] 
[INFO] ------------------------------------------------------------------------
[INFO] BUILD FAILURE
[INFO] ------------------------------------------------------------------------
[INFO] Total time:  01:55 min
[INFO] Finished at: 2026-07-06T17:58:15+05:30
[INFO] ------------------------------------------------------------------------
[ERROR] Failed to execute goal org.apache.maven.plugins:maven-surefire-plugin:3.5.2:test (default-test) on project Backend: There are test failures.
[ERROR] 
[ERROR] See /Users/manishmehta/Documents/PRYME-BACKEND-PROD/target/surefire-reports for the individual test results.
[ERROR] See dump files (if any exist) [date].dump, [date]-jvmRun[N].dump and [date].dumpstream.
[ERROR] -> [Help 1]
[ERROR] 
[ERROR] To see the full stack trace of the errors, re-run Maven with the -e switch.
[ERROR] Re-run Maven using the -X switch to enable full debug logging.
[ERROR] 
[ERROR] For more information about the errors and possible solutions, please read the following articles:
[ERROR] [Help 1] http://cwiki.apache.org/confluence/display/MAVEN/MojoFailureException
